{
  "type": "FeatureCollection",
  "features": [
    {
      "type": "Feature",
      "id": "DG-0002",
      "geometry": {
        "type": "Point",
        "coordinates": [128.61006394489903, 35.86695517487574]
      },
      "properties": {
        "id": "DG-0002",
        "name": "동인4가 경로당",
        "gu": "중구",
        "facility_type": "경로당",
        "is_im_bank": false,
        "road_address": "대구광역시 중구  국채보상로142길  33-41  (동인동4가)",
        "kma_nx": 89,
        "kma_ny": 90,
        "source_geo_idn": "2",
        "geocode_result": "SUCC"
      }
    },
    {
      "type": "Feature",
      "id": "DG-0003",
      "geometry": {
        "type": "Point",
        "coordinates": [128.6020762846631, 35.87273196989553]
      },
      "properties": {
        "id": "DG-0003",
        "name": "시티타운경로당",
        "gu": "중구",
        "facility_type": "경로당",
        "is_im_bank": false,
        "road_address": "대구광역시 중구  국채보상로131길  55   (동인동1가, 시티타운)",
        "kma_nx": 89,
        "kma_ny": 91,
        "source_geo_idn": "3",
        "geocode_result": "SUCC"
      }
    },
    {
      "type": "Feature",
      "id": "DG-0004",
      "geometry": {
        "type": "Point",
        "coordinates": [128.60920911352778, 35.871108275515844]
      },
      "properties": {
        "id": "DG-0004",
        "name": "동인3가동 경로당",
        "gu": "중구",
        "facility_type": "경로당",
        "is_im_bank": false,
        "road_address": "대구광역시 중구  동덕로38길  85   (동인동3가)",
        "kma_nx": 89,
        "kma_ny": 91,
        "source_geo_idn": "4",
        "geocode_result": "SUCC"
      }
    },
    {
      "type": "Feature",
      "id": "DG-0005",
      "geometry": {
        "type": "Point",
        "coordinates": [128.60702705569147, 35.86744281250013]
      },
      "properties": {
        "id": "DG-0005",
        "name": "동인삼정그린 경로당",
        "gu": "중구",
        "facility_type": "경로당",
        "is_im_bank": false,
        "road_address": "대구광역시 중구  동덕로30길  53   (동인동4가, 동인삼정그린코아아파트)",
        "kma_nx": 89,
        "kma_ny": 90,
        "source_geo_idn": "5",
        "geocode_result": "SUCC"
      }
    },
    {
      "type": "Feature",
      "id": "DG-0006",
      "geometry": {
        "type": "Point",
        "coordinates": [128.60133910950984, 35.86537045780491]
      },
      "properties": {
        "id": "DG-0006",
        "name": "삼덕1,2가 경로당",
        "gu": "중구",
        "facility_type": "경로당",
        "is_im_bank": false,
        "road_address": "대구광역시 중구  공평로4길  25   (삼덕동2가)",
        "kma_nx": 89,
        "kma_ny": 90,
        "source_geo_idn": "6",
        "geocode_result": "SUCC"
      }
    },
    {
      "type": "Feature",
      "id": "DG-0007",
      "geometry": {
        "type": "Point",
        "coordinates": [128.6060840080021, 35.864600608868216]
      },
      "properties": {
        "id": "DG-0007",
        "name": "삼덕3가 경로당",
        "gu": "중구",
        "facility_type": "경로당",
        "is_im_bank": false,
        "road_address": "대구광역시 중구  달구벌대로443길  44-40  (삼덕동3가)",
        "kma_nx": 89,
        "kma_ny": 90,
        "source_geo_idn": "7",
        "geocode_result": "SUCC"
      }
    },
    {
      "type": "Feature",
      "id": "DG-0008",
      "geometry": {
        "type": "Point",
        "coordinates": [128.6091266164894, 35.86790492319304]
      },
      "properties": {
        "id": "DG-0008",
        "name": "동인동 행정복지센터",
        "gu": "중구",
        "facility_type": "행정복지센터",
        "is_im_bank": false,
        "road_address": "대구광역시 중구  국채보상로142길  19-5  (동인동4가)",
        "kma_nx": 89,
        "kma_ny": 90,
        "source_geo_idn": "8",
        "geocode_result": "SUCC"
      }
    },
    {
      "type": "Feature",
      "id": "DG-0009",
      "geometry": {
        "type": "Point",
        "coordinates": [128.60635899031033, 35.87076434545278]
      },
      "properties": {
        "id": "DG-0009",
        "name": "DGB대구은행 중구청지점",
        "gu": "중구",
        "facility_type": "금융기관",
        "is_im_bank": true,
        "road_address": "대구광역시 중구  국채보상로139길  1   (동인동2가)",
        "kma_nx": 89,
        "kma_ny": 91,
        "source_geo_idn": "9",
        "geocode_result": "SUCC"
      }
    },
    {
      "type": "Feature",
      "id": "DG-0010",
      "geometry": {
        "type": "Point",
        "coordinates": [128.60121997494812, 35.87155388234073]
      },
      "properties": {
        "id": "DG-0010",
        "name": "DGB대구은행 시청영업부",
        "gu": "중구",
        "facility_type": "금융기관",
        "is_im_bank": true,
        "road_address": "대구광역시 중구  공평로  88   (동인동1가)",
        "kma_nx": 89,
        "kma_ny": 91,
        "source_geo_idn": "10",
        "geocode_result": "SUCC"
      }
    },
    {
      "type": "Feature",
      "id": "DG-0011",
      "geometry": {
        "type": "Point",
        "coordinates": [128.60635899031033, 35.87076434545278]
      },
      "properties": {
        "id": "DG-0011",
        "name": "중구청 민원실",
        "gu": "중구",
        "facility_type": "기타",
        "is_im_bank": false,
        "road_address": "대구광역시 중구  국채보상로139길  1   (동인동2가)",
        "kma_nx": 89,
        "kma_ny": 91,
        "source_geo_idn": "11",
        "geocode_result": "SUCC"
      }
    },
    {
      "type": "Feature",
      "id": "DG-0012",
      "geometry": {
        "type": "Point",
        "coordinates": [128.60497506549137, 35.869777173239704]
      },
      "properties": {
        "id": "DG-0012",
        "name": "동인1,2가 경로당",
        "gu": "중구",
        "facility_type": "경로당",
        "is_im_bank": false,
        "road_address": "대구광역시 중구 국채보상로 679-13",
        "kma_nx": 89,
        "kma_ny": 90,
        "source_geo_idn": "12",
        "geocode_result": "SUCC"
      }
    },
    {
      "type": "Feature",
      "id": "DG-0013",
      "geometry": {
        "type": "Point",
        "coordinates": [128.60647469104288, 35.86640487730896]
      },
      "properties": {
        "id": "DG-0013",
        "name": "삼덕청아람 경로당",
        "gu": "중구",
        "facility_type": "경로당",
        "is_im_bank": false,
        "road_address": "대구광역시 중구  달구벌대로447길  77 ,  근린생활시설 (삼덕동3가)",
        "kma_nx": 89,
        "kma_ny": 90,
        "source_geo_idn": "13",
        "geocode_result": "SUCC"
      }
    },
    {
      "type": "Feature",
      "id": "DG-0014",
      "geometry": {
        "type": "Point",
        "coordinates": [128.6089412110167, 35.86552478892999]
      },
      "properties": {
        "id": "DG-0014",
        "name": "삼덕동 주민센터",
        "gu": "중구",
        "facility_type": "행정복지센터",
        "is_im_bank": false,
        "road_address": "대구광역시 중구  달구벌대로447길  72-11  (삼덕동3가)",
        "kma_nx": 89,
        "kma_ny": 90,
        "source_geo_idn": "14",
        "geocode_result": "SUCC"
      }
    },
    {
      "type": "Feature",
      "id": "DG-0015",
      "geometry": {
        "type": "Point",
        "coordinates": [128.6034391469532, 35.86344283286158]
      },
      "properties": {
        "id": "DG-0015",
        "name": "DGB대구은행 삼덕동지점",
        "gu": "중구",
        "facility_type": "금융기관",
        "is_im_bank": true,
        "road_address": "대구광역시 중구  달구벌대로  2195   (삼덕동2가)",
        "kma_nx": 89,
        "kma_ny": 90,
        "source_geo_idn": "15",
        "geocode_result": "SUCC"
      }
    },
    {
      "type": "Feature",
      "id": "DG-0016",
      "geometry": {
        "type": "Point",
        "coordinates": [128.60431466100363, 35.866235497221616]
      },
      "properties": {
        "id": "DG-0016",
        "name": "DGB대구은행 경북대병원지점",
        "gu": "중구",
        "facility_type": "금융기관",
        "is_im_bank": true,
        "road_address": "대구광역시 중구  동덕로  130   (삼덕동2가)",
        "kma_nx": 89,
        "kma_ny": 90,
        "source_geo_idn": "16",
        "geocode_result": "SUCC"
      }
    },
    {
      "type": "Feature",
      "id": "DG-0017",
      "geometry": {
        "type": "Point",
        "coordinates": [128.59868736512547, 35.86474974981298]
      },
      "properties": {
        "id": "DG-0017",
        "name": "Sh수협은행 대구지점",
        "gu": "중구",
        "facility_type": "금융기관",
        "is_im_bank": false,
        "road_address": "대구광역시 중구  달구벌대로  2147   (삼덕동1가)",
        "kma_nx": 89,
        "kma_ny": 90,
        "source_geo_idn": "17",
        "geocode_result": "SUCC"
      }
    },
    {
      "type": "Feature",
      "id": "DG-0018",
      "geometry": {
        "type": "Point",
        "coordinates": [128.59462740527846, 35.865672421666204]
      },
      "properties": {
        "id": "DG-0018",
        "name": "하나금융투자 대구금융센터",
        "gu": "중구",
        "facility_type": "기타",
        "is_im_bank": false,
        "road_address": "대구광역시 중구  달구벌대로  2109   (덕산동)",
        "kma_nx": 89,
        "kma_ny": 90,
        "source_geo_idn": "18",
        "geocode_result": "SUCC"
      }
    },
    {
      "type": "Feature",
      "id": "DG-0019",
      "geometry": {
        "type": "Point",
        "coordinates": [128.5958161118206, 35.86841773710805]
      },
      "properties": {
        "id": "DG-0019",
        "name": "DGB대구은행 동성로지점",
        "gu": "중구",
        "facility_type": "금융기관",
        "is_im_bank": true,
        "road_address": "대구광역시 중구  동성로2길  49-18  (공평동)",
        "kma_nx": 89,
        "kma_ny": 90,
        "source_geo_idn": "19",
        "geocode_result": "SUCC"
      }
    },
    {
      "type": "Feature",
      "id": "DG-0020",
      "geometry": {
        "type": "Point",
        "coordinates": [128.59945666492467, 35.871959462289766]
      },
      "properties": {
        "id": "DG-0020",
        "name": "IBK기업은행 대구중앙지점",
        "gu": "중구",
        "facility_type": "금융기관",
        "is_im_bank": false,
        "road_address": "대구광역시 중구  경상감영길  221   (동문동)",
        "kma_nx": 89,
        "kma_ny": 91,
        "source_geo_idn": "20",
        "geocode_result": "SUCC"
      }
    },
    {
      "type": "Feature",
      "id": "DG-0021",
      "geometry": {
        "type": "Point",
        "coordinates": [128.59626315740542, 35.865315468436705]
      },
      "properties": {
        "id": "DG-0021",
        "name": "신한은행 대구지점",
        "gu": "중구",
        "facility_type": "금융기관",
        "is_im_bank": false,
        "road_address": "대구광역시 중구  달구벌대로  2125   (봉산동)",
        "kma_nx": 89,
        "kma_ny": 90,
        "source_geo_idn": "21",
        "geocode_result": "SUCC"
      }
    },
    {
      "type": "Feature",
      "id": "DG-0022",
      "geometry": {
        "type": "Point",
        "coordinates": [128.59802064118583, 35.86925712769895]
      },
      "properties": {
        "id": "DG-0022",
        "name": "성내1동 주민센터",
        "gu": "중구",
        "facility_type": "행정복지센터",
        "is_im_bank": false,
        "road_address": "대구광역시 중구  동성로3길  87   (공평동)",
        "kma_nx": 89,
        "kma_ny": 90,
        "source_geo_idn": "22",
        "geocode_result": "SUCC"
      }
    },
    {
      "type": "Feature",
      "id": "DG-0023",
      "geometry": {
        "type": "Point",
        "coordinates": [128.59668506580678, 35.87177646226511]
      },
      "properties": {
        "id": "DG-0023",
        "name": "패션주얼리전문타운",
        "gu": "중구",
        "facility_type": "기타",
        "is_im_bank": false,
        "road_address": "대구광역시 중구 경상감영길 176",
        "kma_nx": 89,
        "kma_ny": 91,
        "source_geo_idn": "23",
        "geocode_result": "SUCC"
      }
    },
    {
      "type": "Feature",
      "id": "DG-0024",
      "geometry": {
        "type": "Point",
        "coordinates": [128.60044103528986, 35.87422083077481]
      },
      "properties": {
        "id": "DG-0024",
        "name": "77태평로 경로당",
        "gu": "중구",
        "facility_type": "경로당",
        "is_im_bank": false,
        "road_address": "대구광역시 중구  태평로  205 , 1동 (태평로1가, 태평아파트)",
        "kma_nx": 89,
        "kma_ny": 91,
        "source_geo_idn": "24",
        "geocode_result": "SUCC"
      }
    },
    {
      "type": "Feature",
      "id": "DG-0025",
      "geometry": {
        "type": "Point",
        "coordinates": [128.59764607953855, 35.87486361130178]
      },
      "properties": {
        "id": "DG-0025",
        "name": "라이프아파트 경로당",
        "gu": "중구",
        "facility_type": "경로당",
        "is_im_bank": false,
        "road_address": "대구광역시 중구  태평로  177   (태평로1가, 태평라이프)",
        "kma_nx": 89,
        "kma_ny": 91,
        "source_geo_idn": "25",
        "geocode_result": "SUCC"
      }
    },
    {
      "type": "Feature",
      "id": "DG-0026",
      "geometry": {
        "type": "Point",
        "coordinates": [128.59915029749803, 35.873682920871914]
      },
      "properties": {
        "id": "DG-0026",
        "name": "동성 경로당",
        "gu": "중구",
        "facility_type": "경로당",
        "is_im_bank": false,
        "road_address": "대구광역시 중구  교동길  79-6  (교동)",
        "kma_nx": 89,
        "kma_ny": 91,
        "source_geo_idn": "26",
        "geocode_result": "SUCC"
      }
    },
    {
      "type": "Feature",
      "id": "DG-0027",
      "geometry": {
        "type": "Point",
        "coordinates": [128.5982526661476, 35.86052376482983]
      },
      "properties": {
        "id": "DG-0027",
        "name": "봉산 경로당",
        "gu": "중구",
        "facility_type": "경로당",
        "is_im_bank": false,
        "road_address": "대구광역시 중구  봉산문화길  1-4  (봉산동)",
        "kma_nx": 89,
        "kma_ny": 90,
        "source_geo_idn": "27",
        "geocode_result": "SUCC"
      }
    },
    {
      "type": "Feature",
      "id": "DG-0028",
      "geometry": {
        "type": "Point",
        "coordinates": [128.59675424705605, 35.86286503963266]
      },
      "properties": {
        "id": "DG-0028",
        "name": "봉산뜨란채 경로당",
        "gu": "중구",
        "facility_type": "경로당",
        "is_im_bank": false,
        "road_address": "대구광역시 중구  봉산문화길  69 , 상가동 (봉산동, 봉산뜨란채)",
        "kma_nx": 89,
        "kma_ny": 90,
        "source_geo_idn": "28",
        "geocode_result": "SUCC"
      }
    },
    {
      "type": "Feature",
      "id": "DG-0029",
      "geometry": {
        "type": "Point",
        "coordinates": [128.59606333841327, 35.87257412696955]
      },
      "properties": {
        "id": "DG-0029",
        "name": "SC제일은행 대구지점",
        "gu": "중구",
        "facility_type": "금융기관",
        "is_im_bank": false,
        "road_address": "대구광역시 중구  경상감영길  155   (동문동)",
        "kma_nx": 89,
        "kma_ny": 91,
        "source_geo_idn": "29",
        "geocode_result": "SUCC"
      }
    },
    {
      "type": "Feature",
      "id": "DG-0030",
      "geometry": {
        "type": "Point",
        "coordinates": [128.60011111165664, 35.86155876725216]
      },
      "properties": {
        "id": "DG-0030",
        "name": "동대구농협 봉산지점",
        "gu": "중구",
        "facility_type": "금융기관",
        "is_im_bank": false,
        "road_address": "대구광역시 중구  대봉로  257   (봉산동)",
        "kma_nx": 89,
        "kma_ny": 90,
        "source_geo_idn": "30",
        "geocode_result": "SUCC"
      }
    },
    {
      "type": "Feature",
      "id": "DG-0031",
      "geometry": {
        "type": "Point",
        "coordinates": [128.5981078589826, 35.87095371972896]
      },
      "properties": {
        "id": "DG-0031",
        "name": "KEB하나은행365",
        "gu": "중구",
        "facility_type": "금융기관",
        "is_im_bank": false,
        "road_address": "대구광역시 중구 국채보상로 611",
        "kma_nx": 89,
        "kma_ny": 91,
        "source_geo_idn": "31",
        "geocode_result": "SUCC"
      }
    },
    {
      "type": "Feature",
      "id": "DG-0032",
      "geometry": {
        "type": "Point",
        "coordinates": [128.58427352983222, 35.87032236915433]
      },
      "properties": {
        "id": "DG-0032",
        "name": "IBK기업은행 대구지점",
        "gu": "중구",
        "facility_type": "금융기관",
        "is_im_bank": false,
        "road_address": "대구광역시 중구  국채보상로  488   (동산동)",
        "kma_nx": 89,
        "kma_ny": 90,
        "source_geo_idn": "32",
        "geocode_result": "SUCC"
      }
    },
    {
      "type": "Feature",
      "id": "DG-0033",
      "geometry": {
        "type": "Point",
        "coordinates": [128.59301745508793, 35.867982689993205]
      },
      "properties": {
        "id": "DG-0033",
        "name": "NH농협은행 365코너 대구중앙지점",
        "gu": "중구",
        "facility_type": "금융기관",
        "is_im_bank": false,
        "road_address": "대구광역시 중구  중앙대로  391   (동성로3가)",
        "kma_nx": 89,
        "kma_ny": 90,
        "source_geo_idn": "33",
        "geocode_result": "SUCC"
      }
    },
    {
      "type": "Feature",
      "id": "DG-0034",
      "geometry": {
        "type": "Point",
        "coordinates": [128.59030373688995, 35.86758610294314]
      },
      "properties": {
        "id": "DG-0034",
        "name": "Sh수협은행 반월당지점",
        "gu": "중구",
        "facility_type": "금융기관",
        "is_im_bank": false,
        "road_address": "대구광역시 중구  남성로  32   (남성로)",
        "kma_nx": 89,
        "kma_ny": 90,
        "source_geo_idn": "34",
        "geocode_result": "SUCC"
      }
    },
    {
      "type": "Feature",
      "id": "DG-0035",
      "geometry": {
        "type": "Point",
        "coordinates": [128.59279811257304, 35.86631668092208]
      },
      "properties": {
        "id": "DG-0035",
        "name": "DGB대구은행 반월당지점",
        "gu": "중구",
        "facility_type": "금융기관",
        "is_im_bank": true,
        "road_address": "대구광역시 중구  달구벌대로  2095   (덕산동)",
        "kma_nx": 89,
        "kma_ny": 90,
        "source_geo_idn": "35",
        "geocode_result": "SUCC"
      }
    },
    {
      "type": "Feature",
      "id": "DG-0036",
      "geometry": {
        "type": "Point",
        "coordinates": [128.59376436233978, 35.87122410588817]
      },
      "properties": {
        "id": "DG-0036",
        "name": "DGB대구은행 중앙로지점",
        "gu": "중구",
        "facility_type": "금융기관",
        "is_im_bank": true,
        "road_address": "대구광역시 중구  중앙대로  425   (포정동)",
        "kma_nx": 89,
        "kma_ny": 91,
        "source_geo_idn": "36",
        "geocode_result": "SUCC"
      }
    },
    {
      "type": "Feature",
      "id": "DG-0037",
      "geometry": {
        "type": "Point",
        "coordinates": [128.5862489822359, 35.872336485185755]
      },
      "properties": {
        "id": "DG-0037",
        "name": "DGB대구은행 계산동지점",
        "gu": "중구",
        "facility_type": "금융기관",
        "is_im_bank": true,
        "road_address": "대구광역시 중구  서성로  20   (계산동2가)",
        "kma_nx": 89,
        "kma_ny": 91,
        "source_geo_idn": "37",
        "geocode_result": "SUCC"
      }
    },
    {
      "type": "Feature",
      "id": "DG-0038",
      "geometry": {
        "type": "Point",
        "coordinates": [128.5887283568626, 35.86675627140107]
      },
      "properties": {
        "id": "DG-0038",
        "name": "신성미소시티 경로당",
        "gu": "중구",
        "facility_type": "경로당",
        "is_im_bank": false,
        "road_address": "대구광역시 중구  달구벌대로  2051 , 에이동 (계산동2가, 신성미소시티 주상복합)",
        "kma_nx": 89,
        "kma_ny": 90,
        "source_geo_idn": "38",
        "geocode_result": "SUCC"
      }
    },
    {
      "type": "Feature",
      "id": "DG-0039",
      "geometry": {
        "type": "Point",
        "coordinates": [128.58389185777992, 35.8664993403418]
      },
      "properties": {
        "id": "DG-0039",
        "name": "동산 경로당",
        "gu": "중구",
        "facility_type": "경로당",
        "is_im_bank": false,
        "road_address": "대구광역시 중구  달구벌대로401길  20-17  (동산동)",
        "kma_nx": 89,
        "kma_ny": 90,
        "source_geo_idn": "39",
        "geocode_result": "SUCC"
      }
    },
    {
      "type": "Feature",
      "id": "DG-0040",
      "geometry": {
        "type": "Point",
        "coordinates": [128.58872564080943, 35.868172905979975]
      },
      "properties": {
        "id": "DG-0040",
        "name": "남성 경로당",
        "gu": "중구",
        "facility_type": "경로당",
        "is_im_bank": false,
        "road_address": "대구광역시 중구 약령길 33-6",
        "kma_nx": 89,
        "kma_ny": 90,
        "source_geo_idn": "40",
        "geocode_result": "SUCC"
      }
    },
    {
      "type": "Feature",
      "id": "DG-0041",
      "geometry": {
        "type": "Point",
        "coordinates": [128.58956449169813, 35.873143329083995]
      },
      "properties": {
        "id": "DG-0041",
        "name": "북성 경로당",
        "gu": "중구",
        "facility_type": "경로당",
        "is_im_bank": false,
        "road_address": "대구광역시 중구  서성로14길  51-18  (북내동)",
        "kma_nx": 89,
        "kma_ny": 91,
        "source_geo_idn": "41",
        "geocode_result": "SUCC"
      }
    },
    {
      "type": "Feature",
      "id": "DG-0042",
      "geometry": {
        "type": "Point",
        "coordinates": [128.59038606290025, 35.86838162406137]
      },
      "properties": {
        "id": "DG-0042",
        "name": "성내2동 행정복지센터",
        "gu": "중구",
        "facility_type": "행정복지센터",
        "is_im_bank": false,
        "road_address": "대구광역시 중구  달구벌대로415길  48   (장관동)",
        "kma_nx": 89,
        "kma_ny": 90,
        "source_geo_idn": "42",
        "geocode_result": "SUCC"
      }
    },
    {
      "type": "Feature",
      "id": "DG-0043",
      "geometry": {
        "type": "Point",
        "coordinates": [128.5857270600159, 35.872592093062295]
      },
      "properties": {
        "id": "DG-0043",
        "name": "성내3동 행정복지센터",
        "gu": "중구",
        "facility_type": "행정복지센터",
        "is_im_bank": false,
        "road_address": "대구광역시 중구  서성로13길  32-10  (서야동)",
        "kma_nx": 89,
        "kma_ny": 91,
        "source_geo_idn": "43",
        "geocode_result": "SUCC"
      }
    },
    {
      "type": "Feature",
      "id": "DG-0044",
      "geometry": {
        "type": "Point",
        "coordinates": [128.58333498358618, 35.8779043552082]
      },
      "properties": {
        "id": "DG-0044",
        "name": "중구보건소",
        "gu": "중구",
        "facility_type": "기타",
        "is_im_bank": false,
        "road_address": "대구광역시 중구 태평로 45",
        "kma_nx": 89,
        "kma_ny": 91,
        "source_geo_idn": "44",
        "geocode_result": "SUCC"
      }
    },
    {
      "type": "Feature",
      "id": "DG-0045",
      "geometry": {
        "type": "Point",
        "coordinates": [128.58610005271373, 35.87264123641401]
      },
      "properties": {
        "id": "DG-0045",
        "name": "서성경로당",
        "gu": "중구",
        "facility_type": "경로당",
        "is_im_bank": false,
        "road_address": "대구광역시 중구  서성로15길  27-1  (서성로1가)",
        "kma_nx": 89,
        "kma_ny": 91,
        "source_geo_idn": "45",
        "geocode_result": "SUCC"
      }
    },
    {
      "type": "Feature",
      "id": "DG-0046",
      "geometry": {
        "type": "Point",
        "coordinates": [128.58058889833228, 35.876116612999034]
      },
      "properties": {
        "id": "DG-0046",
        "name": "달성경로당",
        "gu": "중구",
        "facility_type": "경로당",
        "is_im_bank": false,
        "road_address": "대구광역시 중구  달성로21길  44-13  (달성동)",
        "kma_nx": 89,
        "kma_ny": 91,
        "source_geo_idn": "46",
        "geocode_result": "SUCC"
      }
    },
    {
      "type": "Feature",
      "id": "DG-0047",
      "geometry": {
        "type": "Point",
        "coordinates": [128.58741637084538, 35.87402242026915]
      },
      "properties": {
        "id": "DG-0047",
        "name": "DGB대구은행 북성로지점",
        "gu": "중구",
        "facility_type": "금융기관",
        "is_im_bank": true,
        "road_address": "대구광역시 중구  서성로  81   (수창동)",
        "kma_nx": 89,
        "kma_ny": 91,
        "source_geo_idn": "47",
        "geocode_result": "SUCC"
      }
    },
    {
      "type": "Feature",
      "id": "DG-0048",
      "geometry": {
        "type": "Point",
        "coordinates": [128.58196336637477, 35.87084664701018]
      },
      "properties": {
        "id": "DG-0048",
        "name": "DGB대구은행 대신동지점",
        "gu": "중구",
        "facility_type": "금융기관",
        "is_im_bank": true,
        "road_address": "대구광역시 중구  국채보상로  469   (대신동)",
        "kma_nx": 89,
        "kma_ny": 90,
        "source_geo_idn": "48",
        "geocode_result": "SUCC"
      }
    },
    {
      "type": "Feature",
      "id": "DG-0049",
      "geometry": {
        "type": "Point",
        "coordinates": [128.57889978626994, 35.86621181790738]
      },
      "properties": {
        "id": "DG-0049",
        "name": "대신서문 경로당",
        "gu": "중구",
        "facility_type": "경로당",
        "is_im_bank": false,
        "road_address": "대구광역시 중구 큰장로24안길 31-6",
        "kma_nx": 89,
        "kma_ny": 90,
        "source_geo_idn": "49",
        "geocode_result": "SUCC"
      }
    },
    {
      "type": "Feature",
      "id": "DG-0050",
      "geometry": {
        "type": "Point",
        "coordinates": [128.58063689781514, 35.872068040749745]
      },
      "properties": {
        "id": "DG-0050",
        "name": "일신 경로당",
        "gu": "중구",
        "facility_type": "경로당",
        "is_im_bank": false,
        "road_address": "대구광역시 중구  국채보상로93길  31-1  (대신동)",
        "kma_nx": 89,
        "kma_ny": 91,
        "source_geo_idn": "50",
        "geocode_result": "SUCC"
      }
    },
    {
      "type": "Feature",
      "id": "DG-0051",
      "geometry": {
        "type": "Point",
        "coordinates": [128.5792602954954, 35.86541046552886]
      },
      "properties": {
        "id": "DG-0051",
        "name": "태왕 경로당",
        "gu": "중구",
        "facility_type": "경로당",
        "is_im_bank": false,
        "road_address": "대구광역시 중구  달구벌대로  1975   (대신동, 태왕아너스스카이 아파트)",
        "kma_nx": 89,
        "kma_ny": 90,
        "source_geo_idn": "51",
        "geocode_result": "SUCC"
      }
    },
    {
      "type": "Feature",
      "id": "DG-0052",
      "geometry": {
        "type": "Point",
        "coordinates": [128.57771962248881, 35.86386632320445]
      },
      "properties": {
        "id": "DG-0052",
        "name": "대신자이",
        "gu": "중구",
        "facility_type": "기타",
        "is_im_bank": false,
        "road_address": "대구광역시 중구 달구벌대로 1955",
        "kma_nx": 88,
        "kma_ny": 90,
        "source_geo_idn": "52",
        "geocode_result": "SUCC"
      }
    },
    {
      "type": "Feature",
      "id": "DG-0053",
      "geometry": {
        "type": "Point",
        "coordinates": [128.57634985238624, 35.86558206713606]
      },
      "properties": {
        "id": "DG-0053",
        "name": "대신동 행정복지센터",
        "gu": "중구",
        "facility_type": "행정복지센터",
        "is_im_bank": false,
        "road_address": "대구광역시 중구  달구벌대로389길  50   (대신동)",
        "kma_nx": 88,
        "kma_ny": 90,
        "source_geo_idn": "53",
        "geocode_result": "SUCC"
      }
    },
    {
      "type": "Feature",
      "id": "DG-0054",
      "geometry": {
        "type": "Point",
        "coordinates": [128.59043580607837, 35.85934789346732]
      },
      "properties": {
        "id": "DG-0054",
        "name": "남산1동 주민센터",
        "gu": "중구",
        "facility_type": "행정복지센터",
        "is_im_bank": false,
        "road_address": "대구광역시 중구  2·28길  18-15  (남산동)",
        "kma_nx": 89,
        "kma_ny": 90,
        "source_geo_idn": "54",
        "geocode_result": "SUCC"
      }
    },
    {
      "type": "Feature",
      "id": "DG-0055",
      "geometry": {
        "type": "Point",
        "coordinates": [128.59398336246022, 35.85982713831551]
      },
      "properties": {
        "id": "DG-0055",
        "name": "남산1동 경로당",
        "gu": "중구",
        "facility_type": "경로당",
        "is_im_bank": false,
        "road_address": "대구광역시 중구  중앙대로62길  30-3  (남산동)",
        "kma_nx": 89,
        "kma_ny": 90,
        "source_geo_idn": "55",
        "geocode_result": "SUCC"
      }
    },
    {
      "type": "Feature",
      "id": "DG-0056",
      "geometry": {
        "type": "Point",
        "coordinates": [128.59095766042816, 35.85887238734071]
      },
      "properties": {
        "id": "DG-0056",
        "name": "남문 경로당",
        "gu": "중구",
        "facility_type": "경로당",
        "is_im_bank": false,
        "road_address": "대구광역시 중구  2·28길  10-16  (남산동)",
        "kma_nx": 89,
        "kma_ny": 90,
        "source_geo_idn": "56",
        "geocode_result": "SUCC"
      }
    },
    {
      "type": "Feature",
      "id": "DG-0057",
      "geometry": {
        "type": "Point",
        "coordinates": [128.5885236262364, 35.864264611344495]
      },
      "properties": {
        "id": "DG-0057",
        "name": "대남 경로당",
        "gu": "중구",
        "facility_type": "경로당",
        "is_im_bank": false,
        "road_address": "대구광역시 중구  명륜로6길  5   (남산동)",
        "kma_nx": 89,
        "kma_ny": 90,
        "source_geo_idn": "57",
        "geocode_result": "SUCC"
      }
    },
    {
      "type": "Feature",
      "id": "DG-0058",
      "geometry": {
        "type": "Point",
        "coordinates": [128.5934331166293, 35.86175928340352]
      },
      "properties": {
        "id": "DG-0058",
        "name": "효성해링턴플레이스경로당",
        "gu": "중구",
        "facility_type": "경로당",
        "is_im_bank": false,
        "road_address": "대구광역시 중구  중앙대로66길  20 , 104동 (남산동, 반월당효성해링턴플레이스)",
        "kma_nx": 89,
        "kma_ny": 90,
        "source_geo_idn": "58",
        "geocode_result": "SUCC"
      }
    },
    {
      "type": "Feature",
      "id": "DG-0059",
      "geometry": {
        "type": "Point",
        "coordinates": [128.5941717679762, 35.865033251074976]
      },
      "properties": {
        "id": "DG-0059",
        "name": "KEB하나은행 대구중앙지점",
        "gu": "중구",
        "facility_type": "금융기관",
        "is_im_bank": false,
        "road_address": "대구광역시 중구  달구벌대로  2108   (남산동)",
        "kma_nx": 89,
        "kma_ny": 90,
        "source_geo_idn": "59",
        "geocode_result": "SUCC"
      }
    },
    {
      "type": "Feature",
      "id": "DG-0060",
      "geometry": {
        "type": "Point",
        "coordinates": [128.59180382510388, 35.86044358749848]
      },
      "properties": {
        "id": "DG-0060",
        "name": "DGB대구은행 남문시장지점",
        "gu": "중구",
        "facility_type": "금융기관",
        "is_im_bank": true,
        "road_address": "대구광역시 중구  중앙대로  303   (남산동)",
        "kma_nx": 89,
        "kma_ny": 90,
        "source_geo_idn": "60",
        "geocode_result": "SUCC"
      }
    },
    {
      "type": "Feature",
      "id": "DG-0061",
      "geometry": {
        "type": "Point",
        "coordinates": [128.59226637934268, 35.861652199741755]
      },
      "properties": {
        "id": "DG-0061",
        "name": "KEB국민은행 남산동지점",
        "gu": "중구",
        "facility_type": "금융기관",
        "is_im_bank": false,
        "road_address": "대구광역시 중구 명륜로 69",
        "kma_nx": 89,
        "kma_ny": 90,
        "source_geo_idn": "61",
        "geocode_result": "SUCC"
      }
    },
    {
      "type": "Feature",
      "id": "DG-0062",
      "geometry": {
        "type": "Point",
        "coordinates": [128.5897333389706, 35.86275270648126]
      },
      "properties": {
        "id": "DG-0062",
        "name": "MG새마을금고 남산",
        "gu": "중구",
        "facility_type": "금융기관",
        "is_im_bank": false,
        "road_address": "대구광역시 중구  명륜로  44   (남산동)",
        "kma_nx": 89,
        "kma_ny": 90,
        "source_geo_idn": "62",
        "geocode_result": "SUCC"
      }
    },
    {
      "type": "Feature",
      "id": "DG-0063",
      "geometry": {
        "type": "Point",
        "coordinates": [128.5921847707897, 35.86354928929159]
      },
      "properties": {
        "id": "DG-0063",
        "name": "반월당 삼정그린코아 경로당",
        "gu": "중구",
        "facility_type": "경로당",
        "is_im_bank": false,
        "road_address": "대구광역시 중구  중앙대로67길  10 , 102동 (남산동, 반월당삼정그린코아)",
        "kma_nx": 89,
        "kma_ny": 90,
        "source_geo_idn": "63",
        "geocode_result": "SUCC"
      }
    },
    {
      "type": "Feature",
      "id": "DG-0064",
      "geometry": {
        "type": "Point",
        "coordinates": [128.58747207542027, 35.863939683304565]
      },
      "properties": {
        "id": "DG-0064",
        "name": "남산2동 경로당",
        "gu": "중구",
        "facility_type": "경로당",
        "is_im_bank": false,
        "road_address": "대구광역시 중구 명륜로6길 27-1",
        "kma_nx": 89,
        "kma_ny": 90,
        "source_geo_idn": "64",
        "geocode_result": "SUCC"
      }
    },
    {
      "type": "Feature",
      "id": "DG-0065",
      "geometry": {
        "type": "Point",
        "coordinates": [128.5895651806672, 35.86408862600138]
      },
      "properties": {
        "id": "DG-0065",
        "name": "남산2동 주민센터",
        "gu": "중구",
        "facility_type": "행정복지센터",
        "is_im_bank": false,
        "road_address": "대구광역시 중구  명륜로  27-1  (남산동)",
        "kma_nx": 89,
        "kma_ny": 90,
        "source_geo_idn": "65",
        "geocode_result": "SUCC"
      }
    },
    {
      "type": "Feature",
      "id": "DG-0066",
      "geometry": {
        "type": "Point",
        "coordinates": [128.58555850114354, 35.85990980445897]
      },
      "properties": {
        "id": "DG-0066",
        "name": "남산3동 주민센터",
        "gu": "중구",
        "facility_type": "행정복지센터",
        "is_im_bank": false,
        "road_address": "대구광역시 중구  남산로4길  70   (남산동)",
        "kma_nx": 89,
        "kma_ny": 90,
        "source_geo_idn": "66",
        "geocode_result": "SUCC"
      }
    },
    {
      "type": "Feature",
      "id": "DG-0067",
      "geometry": {
        "type": "Point",
        "coordinates": [128.586461971189, 35.85836232316841]
      },
      "properties": {
        "id": "DG-0067",
        "name": "남산3동 경로당",
        "gu": "중구",
        "facility_type": "경로당",
        "is_im_bank": false,
        "road_address": "대구광역시 중구  남산로6안길  27-57  (남산동)",
        "kma_nx": 89,
        "kma_ny": 90,
        "source_geo_idn": "67",
        "geocode_result": "SUCC"
      }
    },
    {
      "type": "Feature",
      "id": "DG-0068",
      "geometry": {
        "type": "Point",
        "coordinates": [128.58435951882217, 35.86129536642264]
      },
      "properties": {
        "id": "DG-0068",
        "name": "송림아파트 경로당",
        "gu": "중구",
        "facility_type": "경로당",
        "is_im_bank": false,
        "road_address": "대구광역시 중구  남산로4길  91   (남산동, 보성송림아파트)",
        "kma_nx": 89,
        "kma_ny": 90,
        "source_geo_idn": "68",
        "geocode_result": "SUCC"
      }
    },
    {
      "type": "Feature",
      "id": "DG-0069",
      "geometry": {
        "type": "Point",
        "coordinates": [128.58336700999072, 35.85926105010287]
      },
      "properties": {
        "id": "DG-0069",
        "name": "극동스타클레스 경로당",
        "gu": "중구",
        "facility_type": "경로당",
        "is_im_bank": false,
        "road_address": "대구광역시 중구 남산로 30",
        "kma_nx": 89,
        "kma_ny": 90,
        "source_geo_idn": "69",
        "geocode_result": "SUCC"
      }
    },
    {
      "type": "Feature",
      "id": "DG-0070",
      "geometry": {
        "type": "Point",
        "coordinates": [128.58544366664796, 35.85970225440519]
      },
      "properties": {
        "id": "DG-0070",
        "name": "남산3동 새마을금고",
        "gu": "중구",
        "facility_type": "금융기관",
        "is_im_bank": false,
        "road_address": "대구광역시 중구  남산로4길  64   (남산동)",
        "kma_nx": 89,
        "kma_ny": 90,
        "source_geo_idn": "70",
        "geocode_result": "SUCC"
      }
    },
    {
      "type": "Feature",
      "id": "DG-0071",
      "geometry": {
        "type": "Point",
        "coordinates": [128.58212967370622, 35.86206009267088]
      },
      "properties": {
        "id": "DG-0071",
        "name": "DGB대구은행 덕산지점",
        "gu": "중구",
        "facility_type": "금융기관",
        "is_im_bank": true,
        "road_address": "대구광역시 중구  남산로  61   (남산동)",
        "kma_nx": 89,
        "kma_ny": 90,
        "source_geo_idn": "71",
        "geocode_result": "SUCC"
      }
    },
    {
      "type": "Feature",
      "id": "DG-0072",
      "geometry": {
        "type": "Point",
        "coordinates": [128.5777178047896, 35.859976998944646]
      },
      "properties": {
        "id": "DG-0072",
        "name": "남산4동 경로당",
        "gu": "중구",
        "facility_type": "경로당",
        "is_im_bank": false,
        "road_address": "대구광역시 중구  남산로3안길  11   (남산동)",
        "kma_nx": 88,
        "kma_ny": 90,
        "source_geo_idn": "72",
        "geocode_result": "SUCC"
      }
    },
    {
      "type": "Feature",
      "id": "DG-0073",
      "geometry": {
        "type": "Point",
        "coordinates": [128.57925194024418, 35.86030287915929]
      },
      "properties": {
        "id": "DG-0073",
        "name": "남산복지관 경로당",
        "gu": "중구",
        "facility_type": "경로당",
        "is_im_bank": false,
        "road_address": "대구광역시 중구  남산로7길  80   (남산동, 까치아파트)",
        "kma_nx": 89,
        "kma_ny": 90,
        "source_geo_idn": "73",
        "geocode_result": "SUCC"
      }
    },
    {
      "type": "Feature",
      "id": "DG-0074",
      "geometry": {
        "type": "Point",
        "coordinates": [128.57925194024418, 35.86030287915929]
      },
      "properties": {
        "id": "DG-0074",
        "name": "까치아파트 경로당",
        "gu": "중구",
        "facility_type": "경로당",
        "is_im_bank": false,
        "road_address": "대구광역시 중구  남산로7길  80   (남산동, 까치아파트)",
        "kma_nx": 89,
        "kma_ny": 90,
        "source_geo_idn": "74",
        "geocode_result": "SUCC"
      }
    },
    {
      "type": "Feature",
      "id": "DG-0075",
      "geometry": {
        "type": "Point",
        "coordinates": [128.5805087762758, 35.86093517374174]
      },
      "properties": {
        "id": "DG-0075",
        "name": "보성황실 경로당",
        "gu": "중구",
        "facility_type": "경로당",
        "is_im_bank": false,
        "road_address": "대구광역시 중구  남산로13길  17 , 관리사무실 (남산동, 보성황실아파트)",
        "kma_nx": 89,
        "kma_ny": 90,
        "source_geo_idn": "75",
        "geocode_result": "SUCC"
      }
    },
    {
      "type": "Feature",
      "id": "DG-0076",
      "geometry": {
        "type": "Point",
        "coordinates": [128.57674430809473, 35.862916705837385]
      },
      "properties": {
        "id": "DG-0076",
        "name": "남산그린타운 경로당",
        "gu": "중구",
        "facility_type": "경로당",
        "is_im_bank": false,
        "road_address": "대구광역시 중구  달구벌대로  1950   (남산동, 남산그린타운)",
        "kma_nx": 88,
        "kma_ny": 90,
        "source_geo_idn": "76",
        "geocode_result": "SUCC"
      }
    },
    {
      "type": "Feature",
      "id": "DG-0077",
      "geometry": {
        "type": "Point",
        "coordinates": [128.57818445710654, 35.86318976385832]
      },
      "properties": {
        "id": "DG-0077",
        "name": "남산휴먼시아1단지 경로당",
        "gu": "중구",
        "facility_type": "경로당",
        "is_im_bank": false,
        "road_address": "대구광역시 중구  달구벌대로  1960 , 104동 (남산동, 남산휴먼시아1단지)",
        "kma_nx": 88,
        "kma_ny": 90,
        "source_geo_idn": "77",
        "geocode_result": "SUCC"
      }
    },
    {
      "type": "Feature",
      "id": "DG-0078",
      "geometry": {
        "type": "Point",
        "coordinates": [128.5808415071782, 35.86386492648819]
      },
      "properties": {
        "id": "DG-0078",
        "name": "남산휴먼시아2단지 경로당",
        "gu": "중구",
        "facility_type": "경로당",
        "is_im_bank": false,
        "road_address": "대구광역시 중구  달구벌대로  1970   (남산동, 남산휴먼시아2단지)",
        "kma_nx": 89,
        "kma_ny": 90,
        "source_geo_idn": "78",
        "geocode_result": "SUCC"
      }
    },
    {
      "type": "Feature",
      "id": "DG-0079",
      "geometry": {
        "type": "Point",
        "coordinates": [128.58057006516947, 35.858223718923696]
      },
      "properties": {
        "id": "DG-0079",
        "name": "남산4동 주민센터",
        "gu": "중구",
        "facility_type": "행정복지센터",
        "is_im_bank": false,
        "road_address": "대구광역시 중구  남산로1길  42   (남산동)",
        "kma_nx": 89,
        "kma_ny": 90,
        "source_geo_idn": "79",
        "geocode_result": "SUCC"
      }
    },
    {
      "type": "Feature",
      "id": "DG-0080",
      "geometry": {
        "type": "Point",
        "coordinates": [128.60439280548204, 35.86154490781058]
      },
      "properties": {
        "id": "DG-0080",
        "name": "대봉1동 주민센터",
        "gu": "중구",
        "facility_type": "행정복지센터",
        "is_im_bank": false,
        "road_address": "대구광역시 중구  달구벌대로440길  27   (대봉동)",
        "kma_nx": 89,
        "kma_ny": 90,
        "source_geo_idn": "80",
        "geocode_result": "SUCC"
      }
    },
    {
      "type": "Feature",
      "id": "DG-0081",
      "geometry": {
        "type": "Point",
        "coordinates": [128.60391772773022, 35.85994361336667]
      },
      "properties": {
        "id": "DG-0081",
        "name": "대봉태왕아너스 경로당",
        "gu": "중구",
        "facility_type": "경로당",
        "is_im_bank": false,
        "road_address": "대구광역시 중구 동덕로 55",
        "kma_nx": 89,
        "kma_ny": 90,
        "source_geo_idn": "81",
        "geocode_result": "SUCC"
      }
    },
    {
      "type": "Feature",
      "id": "DG-0082",
      "geometry": {
        "type": "Point",
        "coordinates": [128.60006985202128, 35.85862519320733]
      },
      "properties": {
        "id": "DG-0082",
        "name": "대봉2동 경로당",
        "gu": "중구",
        "facility_type": "경로당",
        "is_im_bank": false,
        "road_address": "대구광역시 중구  대봉로43안길  30-16  (대봉동)",
        "kma_nx": 89,
        "kma_ny": 90,
        "source_geo_idn": "82",
        "geocode_result": "SUCC"
      }
    },
    {
      "type": "Feature",
      "id": "DG-0083",
      "geometry": {
        "type": "Point",
        "coordinates": [128.60075286945138, 35.861543007307255]
      },
      "properties": {
        "id": "DG-0083",
        "name": "센트로팰리스 경로당",
        "gu": "중구",
        "facility_type": "경로당",
        "is_im_bank": false,
        "road_address": "대구광역시 중구  대봉로  260   (대봉동, 센트로 팰리스)",
        "kma_nx": 89,
        "kma_ny": 90,
        "source_geo_idn": "83",
        "geocode_result": "SUCC"
      }
    },
    {
      "type": "Feature",
      "id": "DG-0084",
      "geometry": {
        "type": "Point",
        "coordinates": [128.6039060175751, 35.85760440176706]
      },
      "properties": {
        "id": "DG-0084",
        "name": "청운맨션 경로당",
        "gu": "중구",
        "facility_type": "경로당",
        "is_im_bank": false,
        "road_address": "대구광역시 중구  동덕로  33 , 경로당 (대봉동)",
        "kma_nx": 89,
        "kma_ny": 90,
        "source_geo_idn": "84",
        "geocode_result": "SUCC"
      }
    },
    {
      "type": "Feature",
      "id": "DG-0085",
      "geometry": {
        "type": "Point",
        "coordinates": [128.60439280548204, 35.86154490781058]
      },
      "properties": {
        "id": "DG-0085",
        "name": "대봉1동 경로당",
        "gu": "중구",
        "facility_type": "경로당",
        "is_im_bank": false,
        "road_address": "대구광역시 중구  달구벌대로440길  27   (대봉동)",
        "kma_nx": 89,
        "kma_ny": 90,
        "source_geo_idn": "85",
        "geocode_result": "SUCC"
      }
    },
    {
      "type": "Feature",
      "id": "DG-0086",
      "geometry": {
        "type": "Point",
        "coordinates": [128.60065563475803, 35.8611117542623]
      },
      "properties": {
        "id": "DG-0086",
        "name": "DGB대구은행 봉산동지점",
        "gu": "중구",
        "facility_type": "금융기관",
        "is_im_bank": true,
        "road_address": "대구광역시 중구  대봉로  252   (대봉동)",
        "kma_nx": 89,
        "kma_ny": 90,
        "source_geo_idn": "86",
        "geocode_result": "SUCC"
      }
    },
    {
      "type": "Feature",
      "id": "DG-0087",
      "geometry": {
        "type": "Point",
        "coordinates": [128.59892603088377, 35.85679127636497]
      },
      "properties": {
        "id": "DG-0087",
        "name": "화성파크 경로당",
        "gu": "중구",
        "facility_type": "경로당",
        "is_im_bank": false,
        "road_address": "대구광역시 중구  명덕로55길  25   (대봉동, 대봉 화성파크드림)",
        "kma_nx": 89,
        "kma_ny": 90,
        "source_geo_idn": "87",
        "geocode_result": "SUCC"
      }
    },
    {
      "type": "Feature",
      "id": "DG-0088",
      "geometry": {
        "type": "Point",
        "coordinates": [128.59621573470645, 35.858755771083075]
      },
      "properties": {
        "id": "DG-0088",
        "name": "건들바위 경로당",
        "gu": "중구",
        "facility_type": "경로당",
        "is_im_bank": false,
        "road_address": "대구광역시 중구  명륜로26안길  19   (대봉동)",
        "kma_nx": 89,
        "kma_ny": 90,
        "source_geo_idn": "88",
        "geocode_result": "SUCC"
      }
    },
    {
      "type": "Feature",
      "id": "DG-0089",
      "geometry": {
        "type": "Point",
        "coordinates": [128.59975920067498, 35.85814992229521]
      },
      "properties": {
        "id": "DG-0089",
        "name": "대봉2동 주민센터",
        "gu": "중구",
        "facility_type": "행정복지센터",
        "is_im_bank": false,
        "road_address": "대구광역시 중구  대봉로45길  29   (대봉동)",
        "kma_nx": 89,
        "kma_ny": 90,
        "source_geo_idn": "89",
        "geocode_result": "SUCC"
      }
    },
    {
      "type": "Feature",
      "id": "DG-0090",
      "geometry": {
        "type": "Point",
        "coordinates": [128.61634584609234, 35.88429522904867]
      },
      "properties": {
        "id": "DG-0090",
        "name": "신암1동행정복지센터",
        "gu": "동구",
        "facility_type": "행정복지센터",
        "is_im_bank": false,
        "road_address": "대구광역시 동구  아양로7길  27 , 신암1동주민센터 (신암동)",
        "kma_nx": 89,
        "kma_ny": 91,
        "source_geo_idn": "90",
        "geocode_result": "SUCC"
      }
    },
    {
      "type": "Feature",
      "id": "DG-0091",
      "geometry": {
        "type": "Point",
        "coordinates": [128.6190952035812, 35.888583650206655]
      },
      "properties": {
        "id": "DG-0091",
        "name": "신암1동경로당",
        "gu": "동구",
        "facility_type": "경로당",
        "is_im_bank": false,
        "road_address": "대구광역시 동구  신암북로7길  37   (신암동)",
        "kma_nx": 89,
        "kma_ny": 91,
        "source_geo_idn": "91",
        "geocode_result": "SUCC"
      }
    },
    {
      "type": "Feature",
      "id": "DG-0092",
      "geometry": {
        "type": "Point",
        "coordinates": [128.61777618536968, 35.8823186964279]
      },
      "properties": {
        "id": "DG-0092",
        "name": "뜨란채경로당",
        "gu": "동구",
        "facility_type": "경로당",
        "is_im_bank": false,
        "road_address": "대구광역시 동구  아양로7길  12   (신암동, 신암뜨란채)",
        "kma_nx": 89,
        "kma_ny": 91,
        "source_geo_idn": "92",
        "geocode_result": "SUCC"
      }
    },
    {
      "type": "Feature",
      "id": "DG-0093",
      "geometry": {
        "type": "Point",
        "coordinates": [128.61048445447437, 35.876353840284935]
      },
      "properties": {
        "id": "DG-0093",
        "name": "신천가람경로당",
        "gu": "동구",
        "facility_type": "경로당",
        "is_im_bank": false,
        "road_address": "대구광역시 동구  신암로16길  16   (신천동, 가람타운)",
        "kma_nx": 89,
        "kma_ny": 91,
        "source_geo_idn": "93",
        "geocode_result": "SUCC"
      }
    },
    {
      "type": "Feature",
      "id": "DG-0094",
      "geometry": {
        "type": "Point",
        "coordinates": [128.61083049030722, 35.8785696077302]
      },
      "properties": {
        "id": "DG-0094",
        "name": "신암그린경로당",
        "gu": "동구",
        "facility_type": "경로당",
        "is_im_bank": false,
        "road_address": "대구광역시 동구  신성로  30   (신암동, 신암그린타운)",
        "kma_nx": 89,
        "kma_ny": 91,
        "source_geo_idn": "94",
        "geocode_result": "SUCC"
      }
    },
    {
      "type": "Feature",
      "id": "DG-0095",
      "geometry": {
        "type": "Point",
        "coordinates": [128.61270154926603, 35.879979109811764]
      },
      "properties": {
        "id": "DG-0095",
        "name": "신암2동행정복지센터",
        "gu": "동구",
        "facility_type": "행정복지센터",
        "is_im_bank": false,
        "road_address": "대구광역시 동구  신성로  56 , 신암2동주민센터 (신암동)",
        "kma_nx": 89,
        "kma_ny": 91,
        "source_geo_idn": "95",
        "geocode_result": "SUCC"
      }
    },
    {
      "type": "Feature",
      "id": "DG-0096",
      "geometry": {
        "type": "Point",
        "coordinates": [128.61099074354559, 35.87970289384546]
      },
      "properties": {
        "id": "DG-0096",
        "name": "동신새마을금고(본점)",
        "gu": "동구",
        "facility_type": "금융기관",
        "is_im_bank": false,
        "road_address": "대구광역시 동구 신암로 100",
        "kma_nx": 89,
        "kma_ny": 91,
        "source_geo_idn": "96",
        "geocode_result": "SUCC"
      }
    },
    {
      "type": "Feature",
      "id": "DG-0097",
      "geometry": {
        "type": "Point",
        "coordinates": [128.61462226428537, 35.88099501750114]
      },
      "properties": {
        "id": "DG-0097",
        "name": "대구은행 신암지점",
        "gu": "동구",
        "facility_type": "금융기관",
        "is_im_bank": true,
        "road_address": "대구광역시 동구  아양로  2   (신암동)",
        "kma_nx": 89,
        "kma_ny": 91,
        "source_geo_idn": "97",
        "geocode_result": "SUCC"
      }
    },
    {
      "type": "Feature",
      "id": "DG-0098",
      "geometry": {
        "type": "Point",
        "coordinates": [128.61791281018387, 35.88163199081683]
      },
      "properties": {
        "id": "DG-0098",
        "name": "국민은행 신암지점",
        "gu": "동구",
        "facility_type": "금융기관",
        "is_im_bank": false,
        "road_address": "대구광역시 동구  아양로  34   (신암동)",
        "kma_nx": 89,
        "kma_ny": 91,
        "source_geo_idn": "98",
        "geocode_result": "SUCC"
      }
    },
    {
      "type": "Feature",
      "id": "DG-0099",
      "geometry": {
        "type": "Point",
        "coordinates": [128.6231418140783, 35.879586134466145]
      },
      "properties": {
        "id": "DG-0099",
        "name": "신암3동행정복지센터",
        "gu": "동구",
        "facility_type": "행정복지센터",
        "is_im_bank": false,
        "road_address": "대구광역시 동구  신암남로  67 , 신암3동주민센터 (신암동)",
        "kma_nx": 89,
        "kma_ny": 91,
        "source_geo_idn": "99",
        "geocode_result": "SUCC"
      }
    },
    {
      "type": "Feature",
      "id": "DG-0100",
      "geometry": {
        "type": "Point",
        "coordinates": [128.6188142950197, 35.877395305493465]
      },
      "properties": {
        "id": "DG-0100",
        "name": "건영캐스빌경로당",
        "gu": "동구",
        "facility_type": "경로당",
        "is_im_bank": false,
        "road_address": "대구광역시 동구  신암남로  50   (신암동, 신암건영캐스빌)",
        "kma_nx": 89,
        "kma_ny": 91,
        "source_geo_idn": "100",
        "geocode_result": "SUCC"
      }
    },
    {
      "type": "Feature",
      "id": "DG-0101",
      "geometry": {
        "type": "Point",
        "coordinates": [128.6188887367736, 35.881052923757984]
      },
      "properties": {
        "id": "DG-0101",
        "name": "신암3동경로당",
        "gu": "동구",
        "facility_type": "경로당",
        "is_im_bank": false,
        "road_address": "대구광역시 동구  아양로8길  10-1  (신암동)",
        "kma_nx": 89,
        "kma_ny": 91,
        "source_geo_idn": "101",
        "geocode_result": "SUCC"
      }
    },
    {
      "type": "Feature",
      "id": "DG-0102",
      "geometry": {
        "type": "Point",
        "coordinates": [128.62758470130512, 35.88653684512375]
      },
      "properties": {
        "id": "DG-0102",
        "name": "신암4동 경로회관",
        "gu": "동구",
        "facility_type": "기타",
        "is_im_bank": false,
        "road_address": "대구광역시 동구 아양로27길 29-13",
        "kma_nx": 89,
        "kma_ny": 91,
        "source_geo_idn": "102",
        "geocode_result": "SUCC"
      }
    },
    {
      "type": "Feature",
      "id": "DG-0103",
      "geometry": {
        "type": "Point",
        "coordinates": [128.6238061174385, 35.885874300552146]
      },
      "properties": {
        "id": "DG-0103",
        "name": "보성경로당",
        "gu": "동구",
        "facility_type": "경로당",
        "is_im_bank": false,
        "road_address": "대구광역시 동구  큰고개로  23   (신암동, 보성아파트)",
        "kma_nx": 89,
        "kma_ny": 91,
        "source_geo_idn": "103",
        "geocode_result": "SUCC"
      }
    },
    {
      "type": "Feature",
      "id": "DG-0104",
      "geometry": {
        "type": "Point",
        "coordinates": [128.63051614223576, 35.884118077676426]
      },
      "properties": {
        "id": "DG-0104",
        "name": "성동경로당",
        "gu": "동구",
        "facility_type": "경로당",
        "is_im_bank": false,
        "road_address": "대구광역시 동구  아양로34길  18-3  (신암동)",
        "kma_nx": 89,
        "kma_ny": 91,
        "source_geo_idn": "104",
        "geocode_result": "SUCC"
      }
    },
    {
      "type": "Feature",
      "id": "DG-0105",
      "geometry": {
        "type": "Point",
        "coordinates": [128.62932594809422, 35.88504618214866]
      },
      "properties": {
        "id": "DG-0105",
        "name": "신암4동행정복지센터",
        "gu": "동구",
        "facility_type": "행정복지센터",
        "is_im_bank": false,
        "road_address": "대구광역시 동구  신암남로23길  53 , 신암4동주민센터 (신암동)",
        "kma_nx": 89,
        "kma_ny": 91,
        "source_geo_idn": "105",
        "geocode_result": "SUCC"
      }
    },
    {
      "type": "Feature",
      "id": "DG-0106",
      "geometry": {
        "type": "Point",
        "coordinates": [128.62512963613926, 35.88756495070614]
      },
      "properties": {
        "id": "DG-0106",
        "name": "큰고개새마을금고",
        "gu": "동구",
        "facility_type": "금융기관",
        "is_im_bank": false,
        "road_address": "대구광역시 동구  큰고개로  34   (신암동)",
        "kma_nx": 89,
        "kma_ny": 91,
        "source_geo_idn": "106",
        "geocode_result": "SUCC"
      }
    },
    {
      "type": "Feature",
      "id": "DG-0107",
      "geometry": {
        "type": "Point",
        "coordinates": [128.62226970993441, 35.89198314521099]
      },
      "properties": {
        "id": "DG-0107",
        "name": "대구축산농협",
        "gu": "동구",
        "facility_type": "금융기관",
        "is_im_bank": false,
        "road_address": "대구광역시 동구  동북로  296 , 대구축산업협동조합 (신암동)",
        "kma_nx": 89,
        "kma_ny": 91,
        "source_geo_idn": "107",
        "geocode_result": "SUCC"
      }
    },
    {
      "type": "Feature",
      "id": "DG-0108",
      "geometry": {
        "type": "Point",
        "coordinates": [128.63547405506316, 35.88655941653255]
      },
      "properties": {
        "id": "DG-0108",
        "name": "대구은행 동구청지점",
        "gu": "동구",
        "facility_type": "금융기관",
        "is_im_bank": true,
        "road_address": "대구광역시 동구  아양로  207   (신암동)",
        "kma_nx": 89,
        "kma_ny": 91,
        "source_geo_idn": "108",
        "geocode_result": "SUCC"
      }
    },
    {
      "type": "Feature",
      "id": "DG-0109",
      "geometry": {
        "type": "Point",
        "coordinates": [128.63420997909736, 35.886046758832535]
      },
      "properties": {
        "id": "DG-0109",
        "name": "동대구농협 신암지점",
        "gu": "동구",
        "facility_type": "금융기관",
        "is_im_bank": false,
        "road_address": "대구광역시 동구  아양로  193   (신암동)",
        "kma_nx": 89,
        "kma_ny": 91,
        "source_geo_idn": "109",
        "geocode_result": "SUCC"
      }
    },
    {
      "type": "Feature",
      "id": "DG-0110",
      "geometry": {
        "type": "Point",
        "coordinates": [128.6309746228151, 35.88746768102698]
      },
      "properties": {
        "id": "DG-0110",
        "name": "팔공노인복지관",
        "gu": "동구",
        "facility_type": "기타",
        "is_im_bank": false,
        "road_address": "대구광역시 동구  동북로  393 , 팔공노인복지관 (신암동)",
        "kma_nx": 89,
        "kma_ny": 91,
        "source_geo_idn": "110",
        "geocode_result": "SUCC"
      }
    },
    {
      "type": "Feature",
      "id": "DG-0111",
      "geometry": {
        "type": "Point",
        "coordinates": [128.63305937121328, 35.88976427539891]
      },
      "properties": {
        "id": "DG-0111",
        "name": "신암5동행정복지센터",
        "gu": "동구",
        "facility_type": "행정복지센터",
        "is_im_bank": false,
        "road_address": "대구광역시 동구  아양로37길  92 , 신암5동주민센터 (신암동)",
        "kma_nx": 89,
        "kma_ny": 91,
        "source_geo_idn": "111",
        "geocode_result": "SUCC"
      }
    },
    {
      "type": "Feature",
      "id": "DG-0112",
      "geometry": {
        "type": "Point",
        "coordinates": [128.6148406214626, 35.869933298173954]
      },
      "properties": {
        "id": "DG-0112",
        "name": "신천1.2동행정복지센터",
        "gu": "동구",
        "facility_type": "행정복지센터",
        "is_im_bank": false,
        "road_address": "대구광역시 동구  국채보상로159길  41 , 108동 201호 (신천동, 우방푸른타운)",
        "kma_nx": 89,
        "kma_ny": 90,
        "source_geo_idn": "112",
        "geocode_result": "SUCC"
      }
    },
    {
      "type": "Feature",
      "id": "DG-0113",
      "geometry": {
        "type": "Point",
        "coordinates": [128.61775491515226, 35.87147287591119]
      },
      "properties": {
        "id": "DG-0113",
        "name": "신천도서관",
        "gu": "동구",
        "facility_type": "기타",
        "is_im_bank": false,
        "road_address": "대구광역시 동구 동부로6길 65",
        "kma_nx": 89,
        "kma_ny": 91,
        "source_geo_idn": "113",
        "geocode_result": "SUCC"
      }
    },
    {
      "type": "Feature",
      "id": "DG-0114",
      "geometry": {
        "type": "Point",
        "coordinates": [128.61226247853972, 35.87492420571146]
      },
      "properties": {
        "id": "DG-0114",
        "name": "신천새마을금고 송라점",
        "gu": "동구",
        "facility_type": "금융기관",
        "is_im_bank": false,
        "road_address": "대구광역시 동구 동부로 1",
        "kma_nx": 89,
        "kma_ny": 91,
        "source_geo_idn": "114",
        "geocode_result": "SUCC"
      }
    },
    {
      "type": "Feature",
      "id": "DG-0115",
      "geometry": {
        "type": "Point",
        "coordinates": [128.6242267055274, 35.872416430051395]
      },
      "properties": {
        "id": "DG-0115",
        "name": "동대구농협 신천동지점",
        "gu": "동구",
        "facility_type": "금융기관",
        "is_im_bank": false,
        "road_address": "대구광역시 동구  장등로  56   (신천동, 벽산e-솔렌스힐)",
        "kma_nx": 89,
        "kma_ny": 91,
        "source_geo_idn": "115",
        "geocode_result": "SUCC"
      }
    },
    {
      "type": "Feature",
      "id": "DG-0116",
      "geometry": {
        "type": "Point",
        "coordinates": [128.62068415807678, 35.875045148571836]
      },
      "properties": {
        "id": "DG-0116",
        "name": "신천한아름 신용협동조합",
        "gu": "동구",
        "facility_type": "기타",
        "is_im_bank": false,
        "road_address": "대구광역시 동구  동부로  76   (신천동)",
        "kma_nx": 89,
        "kma_ny": 91,
        "source_geo_idn": "116",
        "geocode_result": "SUCC"
      }
    },
    {
      "type": "Feature",
      "id": "DG-0117",
      "geometry": {
        "type": "Point",
        "coordinates": [128.62121223222914, 35.87422699635638]
      },
      "properties": {
        "id": "DG-0117",
        "name": "동대구새마을금고",
        "gu": "동구",
        "facility_type": "금융기관",
        "is_im_bank": false,
        "road_address": "대구광역시 동구  송라로12길  27   (신천동)",
        "kma_nx": 89,
        "kma_ny": 91,
        "source_geo_idn": "117",
        "geocode_result": "SUCC"
      }
    },
    {
      "type": "Feature",
      "id": "DG-0118",
      "geometry": {
        "type": "Point",
        "coordinates": [128.61906086848305, 35.872536645018094]
      },
      "properties": {
        "id": "DG-0118",
        "name": "대구은행 신천동지점",
        "gu": "동구",
        "facility_type": "금융기관",
        "is_im_bank": true,
        "road_address": "대구광역시 동구  송라로  58   (신천동)",
        "kma_nx": 89,
        "kma_ny": 91,
        "source_geo_idn": "118",
        "geocode_result": "SUCC"
      }
    },
    {
      "type": "Feature",
      "id": "DG-0119",
      "geometry": {
        "type": "Point",
        "coordinates": [128.62371217786168, 35.87541516690548]
      },
      "properties": {
        "id": "DG-0119",
        "name": "신천3동행정복지센터",
        "gu": "동구",
        "facility_type": "행정복지센터",
        "is_im_bank": false,
        "road_address": "대구광역시 동구  장등로  90 , 신천3동주민센터 (신천동)",
        "kma_nx": 89,
        "kma_ny": 91,
        "source_geo_idn": "119",
        "geocode_result": "SUCC"
      }
    },
    {
      "type": "Feature",
      "id": "DG-0120",
      "geometry": {
        "type": "Point",
        "coordinates": [128.62930603462016, 35.87174927468446]
      },
      "properties": {
        "id": "DG-0120",
        "name": "신천4동행정복지센터",
        "gu": "동구",
        "facility_type": "행정복지센터",
        "is_im_bank": false,
        "road_address": "대구광역시 동구  동부로30길  61-7, 신천4동주민센터 (신천동)",
        "kma_nx": 89,
        "kma_ny": 91,
        "source_geo_idn": "120",
        "geocode_result": "SUCC"
      }
    },
    {
      "type": "Feature",
      "id": "DG-0121",
      "geometry": {
        "type": "Point",
        "coordinates": [128.63050924797236, 35.875355518496036]
      },
      "properties": {
        "id": "DG-0121",
        "name": "신천4동제2경로당",
        "gu": "동구",
        "facility_type": "경로당",
        "is_im_bank": false,
        "road_address": "대구광역시 동구 동부로32길 47-13",
        "kma_nx": 89,
        "kma_ny": 91,
        "source_geo_idn": "121",
        "geocode_result": "SUCC"
      }
    },
    {
      "type": "Feature",
      "id": "DG-0122",
      "geometry": {
        "type": "Point",
        "coordinates": [128.63099592614074, 35.86928245165308]
      },
      "properties": {
        "id": "DG-0122",
        "name": "신천4동제1경로당",
        "gu": "동구",
        "facility_type": "경로당",
        "is_im_bank": false,
        "road_address": "대구광역시 동구  화랑로3길  10-13  (신천동)",
        "kma_nx": 89,
        "kma_ny": 90,
        "source_geo_idn": "122",
        "geocode_result": "SUCC"
      }
    },
    {
      "type": "Feature",
      "id": "DG-0123",
      "geometry": {
        "type": "Point",
        "coordinates": [128.6290625233208, 35.8749966737841]
      },
      "properties": {
        "id": "DG-0123",
        "name": "대구은행 신천4동지점",
        "gu": "동구",
        "facility_type": "금융기관",
        "is_im_bank": true,
        "road_address": "대구광역시 동구 동부로30길 23-1",
        "kma_nx": 89,
        "kma_ny": 91,
        "source_geo_idn": "123",
        "geocode_result": "SUCC"
      }
    },
    {
      "type": "Feature",
      "id": "DG-0124",
      "geometry": {
        "type": "Point",
        "coordinates": [128.6432893609411, 35.88171275312039]
      },
      "properties": {
        "id": "DG-0124",
        "name": "효천신용협동조합 효목지점",
        "gu": "동구",
        "facility_type": "기타",
        "is_im_bank": false,
        "road_address": "대구광역시 동구  아양로50길  135   (효목동)",
        "kma_nx": 90,
        "kma_ny": 91,
        "source_geo_idn": "124",
        "geocode_result": "SUCC"
      }
    },
    {
      "type": "Feature",
      "id": "DG-0125",
      "geometry": {
        "type": "Point",
        "coordinates": [128.6364178097505, 35.88377466760962]
      },
      "properties": {
        "id": "DG-0125",
        "name": "진로이스트타운경로당",
        "gu": "동구",
        "facility_type": "경로당",
        "is_im_bank": false,
        "road_address": "대구광역시 동구  아양로  218   (효목동, 진로이스트타운)",
        "kma_nx": 90,
        "kma_ny": 91,
        "source_geo_idn": "125",
        "geocode_result": "SUCC"
      }
    },
    {
      "type": "Feature",
      "id": "DG-0126",
      "geometry": {
        "type": "Point",
        "coordinates": [128.64493521324525, 35.88162533804925]
      },
      "properties": {
        "id": "DG-0126",
        "name": "효목1동행정복지센터",
        "gu": "동구",
        "facility_type": "행정복지센터",
        "is_im_bank": false,
        "road_address": "대구광역시 동구  화랑로41길  46 , 효목1동주민센터 (효목동)",
        "kma_nx": 90,
        "kma_ny": 91,
        "source_geo_idn": "126",
        "geocode_result": "SUCC"
      }
    },
    {
      "type": "Feature",
      "id": "DG-0127",
      "geometry": {
        "type": "Point",
        "coordinates": [128.64124065826985, 35.87816146181003]
      },
      "properties": {
        "id": "DG-0127",
        "name": "효목2동행정복지센터",
        "gu": "동구",
        "facility_type": "행정복지센터",
        "is_im_bank": false,
        "road_address": "대구광역시 동구  화랑로25길  45 , 효목2동 주민센터 (효목동)",
        "kma_nx": 90,
        "kma_ny": 91,
        "source_geo_idn": "127",
        "geocode_result": "SUCC"
      }
    },
    {
      "type": "Feature",
      "id": "DG-0128",
      "geometry": {
        "type": "Point",
        "coordinates": [128.6395748330894, 35.874053409516506]
      },
      "properties": {
        "id": "DG-0128",
        "name": "동구시장 내 멀티미디어관",
        "gu": "동구",
        "facility_type": "기타",
        "is_im_bank": false,
        "road_address": "대구광역시 동구 효목로 8",
        "kma_nx": 90,
        "kma_ny": 91,
        "source_geo_idn": "128",
        "geocode_result": "SUCC"
      }
    },
    {
      "type": "Feature",
      "id": "DG-0129",
      "geometry": {
        "type": "Point",
        "coordinates": [128.6355329100344, 35.87735982238364]
      },
      "properties": {
        "id": "DG-0129",
        "name": "소목골경로당",
        "gu": "동구",
        "facility_type": "경로당",
        "is_im_bank": false,
        "road_address": "대구광역시 동구  효신로8길  48   (효목동)",
        "kma_nx": 89,
        "kma_ny": 91,
        "source_geo_idn": "129",
        "geocode_result": "SUCC"
      }
    },
    {
      "type": "Feature",
      "id": "DG-0130",
      "geometry": {
        "type": "Point",
        "coordinates": [128.63982414865953, 35.87927298843448]
      },
      "properties": {
        "id": "DG-0130",
        "name": "태왕메트로시티경로당",
        "gu": "동구",
        "facility_type": "경로당",
        "is_im_bank": false,
        "road_address": "대구광역시 동구  동북로  500   (효목동, 태왕메트로시티)",
        "kma_nx": 90,
        "kma_ny": 91,
        "source_geo_idn": "130",
        "geocode_result": "SUCC"
      }
    },
    {
      "type": "Feature",
      "id": "DG-0131",
      "geometry": {
        "type": "Point",
        "coordinates": [128.6389839408831, 35.87374787952112]
      },
      "properties": {
        "id": "DG-0131",
        "name": "동대구농협 효목동지점",
        "gu": "동구",
        "facility_type": "금융기관",
        "is_im_bank": false,
        "road_address": "대구광역시 동구  효목로  3 , 동대구농협 (효목동)",
        "kma_nx": 90,
        "kma_ny": 91,
        "source_geo_idn": "131",
        "geocode_result": "SUCC"
      }
    },
    {
      "type": "Feature",
      "id": "DG-0132",
      "geometry": {
        "type": "Point",
        "coordinates": [128.63943423334663, 35.876686645993814]
      },
      "properties": {
        "id": "DG-0132",
        "name": "효천신용협동조합 본점",
        "gu": "동구",
        "facility_type": "기타",
        "is_im_bank": false,
        "road_address": "대구광역시 동구  효목로  37   (효목동)",
        "kma_nx": 90,
        "kma_ny": 91,
        "source_geo_idn": "132",
        "geocode_result": "SUCC"
      }
    },
    {
      "type": "Feature",
      "id": "DG-0133",
      "geometry": {
        "type": "Point",
        "coordinates": [128.63925579934363, 35.87555004591921]
      },
      "properties": {
        "id": "DG-0133",
        "name": "동대구새마을금고 효목2동지점",
        "gu": "동구",
        "facility_type": "금융기관",
        "is_im_bank": false,
        "road_address": "대구광역시 동구  효목로  23-1  (효목동)",
        "kma_nx": 90,
        "kma_ny": 91,
        "source_geo_idn": "133",
        "geocode_result": "SUCC"
      }
    },
    {
      "type": "Feature",
      "id": "DG-0134",
      "geometry": {
        "type": "Point",
        "coordinates": [128.64417312269939, 35.909455538134395]
      },
      "properties": {
        "id": "DG-0134",
        "name": "불로봉무새마을금고 도동분소",
        "gu": "동구",
        "facility_type": "금융기관",
        "is_im_bank": false,
        "road_address": "대구광역시 동구  팔공로26길  30   (도동)",
        "kma_nx": 90,
        "kma_ny": 91,
        "source_geo_idn": "134",
        "geocode_result": "SUCC"
      }
    },
    {
      "type": "Feature",
      "id": "DG-0135",
      "geometry": {
        "type": "Point",
        "coordinates": [128.65012997969197, 35.90997576074323]
      },
      "properties": {
        "id": "DG-0135",
        "name": "도평동행정복지센터",
        "gu": "동구",
        "facility_type": "행정복지센터",
        "is_im_bank": false,
        "road_address": "대구광역시 동구  팔공로24길  171   (도동)",
        "kma_nx": 90,
        "kma_ny": 91,
        "source_geo_idn": "135",
        "geocode_result": "SUCC"
      }
    },
    {
      "type": "Feature",
      "id": "DG-0136",
      "geometry": {
        "type": "Point",
        "coordinates": [128.63931584772118, 35.91025728744072]
      },
      "properties": {
        "id": "DG-0136",
        "name": "불로봉무동 행정복지센터",
        "gu": "동구",
        "facility_type": "행정복지센터",
        "is_im_bank": false,
        "road_address": "대구광역시 동구  팔공로25길  16   (불로동)",
        "kma_nx": 90,
        "kma_ny": 91,
        "source_geo_idn": "136",
        "geocode_result": "SUCC"
      }
    },
    {
      "type": "Feature",
      "id": "DG-0137",
      "geometry": {
        "type": "Point",
        "coordinates": [128.64248461040498, 35.9285069031044]
      },
      "properties": {
        "id": "DG-0137",
        "name": "청구새들마을 경로당",
        "gu": "동구",
        "facility_type": "경로당",
        "is_im_bank": false,
        "road_address": "대구광역시 동구  팔공로  322-5  (봉무동, 봉무청구새들마을104동)",
        "kma_nx": 90,
        "kma_ny": 92,
        "source_geo_idn": "137",
        "geocode_result": "SUCC"
      }
    },
    {
      "type": "Feature",
      "id": "DG-0138",
      "geometry": {
        "type": "Point",
        "coordinates": [128.64091280618777, 35.92857886572257]
      },
      "properties": {
        "id": "DG-0138",
        "name": "봉무경로당",
        "gu": "동구",
        "facility_type": "경로당",
        "is_im_bank": false,
        "road_address": "대구광역시 동구  팔공로  333-12, 봉무 경로당 (봉무동)",
        "kma_nx": 90,
        "kma_ny": 92,
        "source_geo_idn": "138",
        "geocode_result": "SUCC"
      }
    },
    {
      "type": "Feature",
      "id": "DG-0139",
      "geometry": {
        "type": "Point",
        "coordinates": [128.64029597925165, 35.91910020923075]
      },
      "properties": {
        "id": "DG-0139",
        "name": "대구은행 이시아폴리스지점",
        "gu": "동구",
        "facility_type": "금융기관",
        "is_im_bank": true,
        "road_address": "대구광역시 동구  팔공로  227   (봉무동)",
        "kma_nx": 90,
        "kma_ny": 92,
        "source_geo_idn": "139",
        "geocode_result": "SUCC"
      }
    },
    {
      "type": "Feature",
      "id": "DG-0140",
      "geometry": {
        "type": "Point",
        "coordinates": [128.64078570752062, 35.91063009987941]
      },
      "properties": {
        "id": "DG-0140",
        "name": "불로봉무새마을금고",
        "gu": "동구",
        "facility_type": "금융기관",
        "is_im_bank": false,
        "road_address": "대구광역시 동구  팔공로  131   (불로동)",
        "kma_nx": 90,
        "kma_ny": 91,
        "source_geo_idn": "140",
        "geocode_result": "SUCC"
      }
    },
    {
      "type": "Feature",
      "id": "DG-0141",
      "geometry": {
        "type": "Point",
        "coordinates": [128.64081041523167, 35.92276618220102]
      },
      "properties": {
        "id": "DG-0141",
        "name": "새마을금고 이시아폴리스지점",
        "gu": "동구",
        "facility_type": "금융기관",
        "is_im_bank": false,
        "road_address": "대구광역시 동구  팔공로51길  3 , 이시아시티 105~6호 (봉무동)",
        "kma_nx": 90,
        "kma_ny": 92,
        "source_geo_idn": "141",
        "geocode_result": "SUCC"
      }
    },
    {
      "type": "Feature",
      "id": "DG-0142",
      "geometry": {
        "type": "Point",
        "coordinates": [128.6382813632457, 35.89339139540239]
      },
      "properties": {
        "id": "DG-0142",
        "name": "지저동행정복지센터",
        "gu": "동구",
        "facility_type": "행정복지센터",
        "is_im_bank": false,
        "road_address": "대구광역시 동구  해동로3길  80   (지저동)",
        "kma_nx": 90,
        "kma_ny": 91,
        "source_geo_idn": "142",
        "geocode_result": "SUCC"
      }
    },
    {
      "type": "Feature",
      "id": "DG-0143",
      "geometry": {
        "type": "Point",
        "coordinates": [128.65121779446804, 35.88812099116724]
      },
      "properties": {
        "id": "DG-0143",
        "name": "동구 보건소",
        "gu": "동구",
        "facility_type": "기타",
        "is_im_bank": false,
        "road_address": "대구광역시 동구 동촌로 79",
        "kma_nx": 90,
        "kma_ny": 91,
        "source_geo_idn": "143",
        "geocode_result": "SUCC"
      }
    },
    {
      "type": "Feature",
      "id": "DG-0144",
      "geometry": {
        "type": "Point",
        "coordinates": [128.64963427383069, 35.88993781231667]
      },
      "properties": {
        "id": "DG-0144",
        "name": "동촌동행정복지센터",
        "gu": "동구",
        "facility_type": "행정복지센터",
        "is_im_bank": false,
        "road_address": "대구광역시 동구  동촌로11길  5   (입석동)",
        "kma_nx": 90,
        "kma_ny": 91,
        "source_geo_idn": "144",
        "geocode_result": "SUCC"
      }
    },
    {
      "type": "Feature",
      "id": "DG-0145",
      "geometry": {
        "type": "Point",
        "coordinates": [128.64827072060845, 35.886770131431064]
      },
      "properties": {
        "id": "DG-0145",
        "name": "검사1경로당(할머니경로당)",
        "gu": "동구",
        "facility_type": "경로당",
        "is_im_bank": false,
        "road_address": "대구광역시 동구 해동로 178",
        "kma_nx": 90,
        "kma_ny": 91,
        "source_geo_idn": "145",
        "geocode_result": "SUCC"
      }
    },
    {
      "type": "Feature",
      "id": "DG-0146",
      "geometry": {
        "type": "Point",
        "coordinates": [128.65856886804937, 35.887814221802216]
      },
      "properties": {
        "id": "DG-0146",
        "name": "검사2경로당",
        "gu": "동구",
        "facility_type": "경로당",
        "is_im_bank": false,
        "road_address": "대구광역시 동구 방촌로1길 19",
        "kma_nx": 90,
        "kma_ny": 91,
        "source_geo_idn": "146",
        "geocode_result": "SUCC"
      }
    },
    {
      "type": "Feature",
      "id": "DG-0147",
      "geometry": {
        "type": "Point",
        "coordinates": [128.65219600932863, 35.89085779106989]
      },
      "properties": {
        "id": "DG-0147",
        "name": "입석2경로당",
        "gu": "동구",
        "facility_type": "경로당",
        "is_im_bank": false,
        "road_address": "대구광역시 동구 입석로3길 14-1",
        "kma_nx": 90,
        "kma_ny": 91,
        "source_geo_idn": "147",
        "geocode_result": "SUCC"
      }
    },
    {
      "type": "Feature",
      "id": "DG-0148",
      "geometry": {
        "type": "Point",
        "coordinates": [128.6423597210209, 35.89074402067816]
      },
      "properties": {
        "id": "DG-0148",
        "name": "동촌농협",
        "gu": "동구",
        "facility_type": "금융기관",
        "is_im_bank": false,
        "road_address": "대구광역시 동구  아양로  295   (입석동)",
        "kma_nx": 90,
        "kma_ny": 91,
        "source_geo_idn": "148",
        "geocode_result": "SUCC"
      }
    },
    {
      "type": "Feature",
      "id": "DG-0149",
      "geometry": {
        "type": "Point",
        "coordinates": [128.64424442162758, 35.89234387134073]
      },
      "properties": {
        "id": "DG-0149",
        "name": "동대구우체국",
        "gu": "동구",
        "facility_type": "기타",
        "is_im_bank": false,
        "road_address": "대구광역시 동구  동촌로  1 , 동대구우체국 (입석동)",
        "kma_nx": 90,
        "kma_ny": 91,
        "source_geo_idn": "149",
        "geocode_result": "SUCC"
      }
    },
    {
      "type": "Feature",
      "id": "DG-0150",
      "geometry": {
        "type": "Point",
        "coordinates": [128.66812896791424, 35.8754119928171]
      },
      "properties": {
        "id": "DG-0150",
        "name": "대구은행 강촌마을지점",
        "gu": "동구",
        "facility_type": "금융기관",
        "is_im_bank": true,
        "road_address": "대구광역시 동구  화랑로80길  12 , 강촌빌딩 (방촌동)",
        "kma_nx": 90,
        "kma_ny": 91,
        "source_geo_idn": "150",
        "geocode_result": "SUCC"
      }
    },
    {
      "type": "Feature",
      "id": "DG-0151",
      "geometry": {
        "type": "Point",
        "coordinates": [128.6690553684708, 35.879670484461265]
      },
      "properties": {
        "id": "DG-0151",
        "name": "방촌새마을금고분소",
        "gu": "동구",
        "facility_type": "금융기관",
        "is_im_bank": false,
        "road_address": "대구광역시 동구  동촌로  270   (방촌동)",
        "kma_nx": 90,
        "kma_ny": 91,
        "source_geo_idn": "151",
        "geocode_result": "SUCC"
      }
    },
    {
      "type": "Feature",
      "id": "DG-0152",
      "geometry": {
        "type": "Point",
        "coordinates": [128.66949861609524, 35.876099447603806]
      },
      "properties": {
        "id": "DG-0152",
        "name": "우방강촌2차경로당",
        "gu": "동구",
        "facility_type": "경로당",
        "is_im_bank": false,
        "road_address": "대구광역시 동구  화랑로80길  9   (방촌동, 우방2차강촌마을)",
        "kma_nx": 90,
        "kma_ny": 91,
        "source_geo_idn": "152",
        "geocode_result": "SUCC"
      }
    },
    {
      "type": "Feature",
      "id": "DG-0153",
      "geometry": {
        "type": "Point",
        "coordinates": [128.66924460583823, 35.8747584899918]
      },
      "properties": {
        "id": "DG-0153",
        "name": "보성강남(아)경로당",
        "gu": "동구",
        "facility_type": "경로당",
        "is_im_bank": false,
        "road_address": "대구광역시 동구  화랑로88길  30   (방촌동, 보성강남타운)",
        "kma_nx": 90,
        "kma_ny": 91,
        "source_geo_idn": "153",
        "geocode_result": "SUCC"
      }
    },
    {
      "type": "Feature",
      "id": "DG-0154",
      "geometry": {
        "type": "Point",
        "coordinates": [128.66525847154952, 35.88003678951014]
      },
      "properties": {
        "id": "DG-0154",
        "name": "방촌동주민센터",
        "gu": "동구",
        "facility_type": "행정복지센터",
        "is_im_bank": false,
        "road_address": "대구광역시 동구  동촌로48길  26 , 방촌동주민센터 (방촌동)",
        "kma_nx": 90,
        "kma_ny": 91,
        "source_geo_idn": "154",
        "geocode_result": "SUCC"
      }
    },
    {
      "type": "Feature",
      "id": "DG-0155",
      "geometry": {
        "type": "Point",
        "coordinates": [128.67167497517045, 35.882085122461675]
      },
      "properties": {
        "id": "DG-0155",
        "name": "해안동행정복지센터",
        "gu": "동구",
        "facility_type": "행정복지센터",
        "is_im_bank": false,
        "road_address": "대구광역시 동구  방촌로29길  46 , 해안동주민센터 (방촌동)",
        "kma_nx": 90,
        "kma_ny": 91,
        "source_geo_idn": "155",
        "geocode_result": "SUCC"
      }
    },
    {
      "type": "Feature",
      "id": "DG-0156",
      "geometry": {
        "type": "Point",
        "coordinates": [128.693248639509, 35.88349860892805]
      },
      "properties": {
        "id": "DG-0156",
        "name": "신덕경로당",
        "gu": "동구",
        "facility_type": "경로당",
        "is_im_bank": false,
        "road_address": "대구광역시 동구  신덕로5길  50 , 신덕경로회관 (신평동)",
        "kma_nx": 91,
        "kma_ny": 91,
        "source_geo_idn": "156",
        "geocode_result": "SUCC"
      }
    },
    {
      "type": "Feature",
      "id": "DG-0157",
      "geometry": {
        "type": "Point",
        "coordinates": [128.68711165363658, 35.899664696086944]
      },
      "properties": {
        "id": "DG-0157",
        "name": "상동경로당",
        "gu": "동구",
        "facility_type": "경로당",
        "is_im_bank": false,
        "road_address": "대구광역시 동구  옻골로20길  31   (둔산동)",
        "kma_nx": 90,
        "kma_ny": 91,
        "source_geo_idn": "157",
        "geocode_result": "SUCC"
      }
    },
    {
      "type": "Feature",
      "id": "DG-0158",
      "geometry": {
        "type": "Point",
        "coordinates": [128.69710674206638, 35.89035758410161]
      },
      "properties": {
        "id": "DG-0158",
        "name": "부동경로당",
        "gu": "동구",
        "facility_type": "경로당",
        "is_im_bank": false,
        "road_address": "대구광역시 동구  부동길  183   (부동)",
        "kma_nx": 91,
        "kma_ny": 91,
        "source_geo_idn": "158",
        "geocode_result": "SUCC"
      }
    },
    {
      "type": "Feature",
      "id": "DG-0159",
      "geometry": {
        "type": "Point",
        "coordinates": [128.674947145206, 35.893602816439746]
      },
      "properties": {
        "id": "DG-0159",
        "name": "방촌제2경로당",
        "gu": "동구",
        "facility_type": "경로당",
        "is_im_bank": false,
        "road_address": "대구광역시 동구  둔산로45길  16   (방촌동)",
        "kma_nx": 90,
        "kma_ny": 91,
        "source_geo_idn": "159",
        "geocode_result": "SUCC"
      }
    },
    {
      "type": "Feature",
      "id": "DG-0160",
      "geometry": {
        "type": "Point",
        "coordinates": [128.67026804216206, 35.88089358006704]
      },
      "properties": {
        "id": "DG-0160",
        "name": "해안새마을금고",
        "gu": "동구",
        "facility_type": "금융기관",
        "is_im_bank": false,
        "road_address": "대구광역시 동구  둔산로  11   (방촌동)",
        "kma_nx": 90,
        "kma_ny": 91,
        "source_geo_idn": "160",
        "geocode_result": "SUCC"
      }
    },
    {
      "type": "Feature",
      "id": "DG-0161",
      "geometry": {
        "type": "Point",
        "coordinates": [128.66565505767127, 35.881631698927265]
      },
      "properties": {
        "id": "DG-0161",
        "name": "대구은행 방촌지점",
        "gu": "동구",
        "facility_type": "금융기관",
        "is_im_bank": true,
        "road_address": "대구광역시 동구  동촌로  229   (방촌동)",
        "kma_nx": 90,
        "kma_ny": 91,
        "source_geo_idn": "161",
        "geocode_result": "SUCC"
      }
    },
    {
      "type": "Feature",
      "id": "DG-0162",
      "geometry": {
        "type": "Point",
        "coordinates": [128.6983719137534, 35.86310402467395]
      },
      "properties": {
        "id": "DG-0162",
        "name": "대구은행 율하지점",
        "gu": "동구",
        "facility_type": "금융기관",
        "is_im_bank": true,
        "road_address": "대구광역시 동구  안심로22길  60 , 동흥메디칼 (율하동)",
        "kma_nx": 91,
        "kma_ny": 90,
        "source_geo_idn": "162",
        "geocode_result": "SUCC"
      }
    },
    {
      "type": "Feature",
      "id": "DG-0163",
      "geometry": {
        "type": "Point",
        "coordinates": [128.70494547274095, 35.87250877805197]
      },
      "properties": {
        "id": "DG-0163",
        "name": "반야월농협 본점",
        "gu": "동구",
        "facility_type": "금융기관",
        "is_im_bank": false,
        "road_address": "대구광역시 동구  반야월로  150 , 반야월 농협 (신기동)",
        "kma_nx": 91,
        "kma_ny": 91,
        "source_geo_idn": "163",
        "geocode_result": "SUCC"
      }
    },
    {
      "type": "Feature",
      "id": "DG-0164",
      "geometry": {
        "type": "Point",
        "coordinates": [128.6953808891928, 35.86342382877599]
      },
      "properties": {
        "id": "DG-0164",
        "name": "반야월농협 율하지점",
        "gu": "동구",
        "facility_type": "금융기관",
        "is_im_bank": false,
        "road_address": "대구광역시 동구  안심로22길  40-1  (율하동)",
        "kma_nx": 91,
        "kma_ny": 90,
        "source_geo_idn": "164",
        "geocode_result": "SUCC"
      }
    },
    {
      "type": "Feature",
      "id": "DG-0165",
      "geometry": {
        "type": "Point",
        "coordinates": [128.70744932765876, 35.868046871240324]
      },
      "properties": {
        "id": "DG-0165",
        "name": "동원경로당",
        "gu": "동구",
        "facility_type": "경로당",
        "is_im_bank": false,
        "road_address": "대구광역시 동구  안심로41길  21   (신기동, 보성동원타운)",
        "kma_nx": 91,
        "kma_ny": 91,
        "source_geo_idn": "165",
        "geocode_result": "SUCC"
      }
    },
    {
      "type": "Feature",
      "id": "DG-0166",
      "geometry": {
        "type": "Point",
        "coordinates": [128.69905736899184, 35.865758067217726]
      },
      "properties": {
        "id": "DG-0166",
        "name": "안심제1종합사회복지관",
        "gu": "동구",
        "facility_type": "기타",
        "is_im_bank": false,
        "road_address": "대구광역시 동구  안심로22길  3   (율하동, 안심주공1단지임대아파트)",
        "kma_nx": 91,
        "kma_ny": 90,
        "source_geo_idn": "166",
        "geocode_result": "SUCC"
      }
    },
    {
      "type": "Feature",
      "id": "DG-0167",
      "geometry": {
        "type": "Point",
        "coordinates": [128.70162822966446, 35.87042916421877]
      },
      "properties": {
        "id": "DG-0167",
        "name": "안심1동행정복지센터",
        "gu": "동구",
        "facility_type": "행정복지센터",
        "is_im_bank": false,
        "road_address": "대구광역시 동구 율하동로25길 5",
        "kma_nx": 91,
        "kma_ny": 91,
        "source_geo_idn": "167",
        "geocode_result": "SUCC"
      }
    },
    {
      "type": "Feature",
      "id": "DG-0168",
      "geometry": {
        "type": "Point",
        "coordinates": [128.70253563243014, 35.86606205465177]
      },
      "properties": {
        "id": "DG-0168",
        "name": "안심종합사회복지관",
        "gu": "동구",
        "facility_type": "기타",
        "is_im_bank": false,
        "road_address": "대구광역시 동구  율하동로  76   (신기동, 안심주공3단지임대아파트)",
        "kma_nx": 91,
        "kma_ny": 90,
        "source_geo_idn": "168",
        "geocode_result": "SUCC"
      }
    },
    {
      "type": "Feature",
      "id": "DG-0169",
      "geometry": {
        "type": "Point",
        "coordinates": [128.6933316107623, 35.86846301737645]
      },
      "properties": {
        "id": "DG-0169",
        "name": "롯데아울렛 율하점",
        "gu": "동구",
        "facility_type": "기타",
        "is_im_bank": false,
        "road_address": "대구광역시 동구 안심로 80",
        "kma_nx": 91,
        "kma_ny": 91,
        "source_geo_idn": "169",
        "geocode_result": "SUCC"
      }
    },
    {
      "type": "Feature",
      "id": "DG-0170",
      "geometry": {
        "type": "Point",
        "coordinates": [128.68707153241238, 35.87543574502475]
      },
      "properties": {
        "id": "DG-0170",
        "name": "안심2동행정복지센터",
        "gu": "동구",
        "facility_type": "행정복지센터",
        "is_im_bank": false,
        "road_address": "대구광역시 동구  반야월로1길  28 , 안심2동주민센터 (용계동)",
        "kma_nx": 90,
        "kma_ny": 91,
        "source_geo_idn": "170",
        "geocode_result": "SUCC"
      }
    },
    {
      "type": "Feature",
      "id": "DG-0171",
      "geometry": {
        "type": "Point",
        "coordinates": [128.67857832597983, 35.874026439593216]
      },
      "properties": {
        "id": "DG-0171",
        "name": "강변동서마을경로당",
        "gu": "동구",
        "facility_type": "경로당",
        "is_im_bank": false,
        "road_address": "대구광역시 동구  화랑로100길  17   (용계동, 강변동서마을)",
        "kma_nx": 90,
        "kma_ny": 91,
        "source_geo_idn": "171",
        "geocode_result": "SUCC"
      }
    },
    {
      "type": "Feature",
      "id": "DG-0172",
      "geometry": {
        "type": "Point",
        "coordinates": [128.67726234576517, 35.8767265903153]
      },
      "properties": {
        "id": "DG-0172",
        "name": "백자아파트 경로당",
        "gu": "동구",
        "facility_type": "경로당",
        "is_im_bank": false,
        "road_address": "대구광역시 동구  동촌로  346   (용계동, 우방백자아파트)",
        "kma_nx": 90,
        "kma_ny": 91,
        "source_geo_idn": "172",
        "geocode_result": "SUCC"
      }
    },
    {
      "type": "Feature",
      "id": "DG-0173",
      "geometry": {
        "type": "Point",
        "coordinates": [128.6756196602118, 35.87779843747798]
      },
      "properties": {
        "id": "DG-0173",
        "name": "반야월농협 용계지점",
        "gu": "동구",
        "facility_type": "금융기관",
        "is_im_bank": false,
        "road_address": "대구광역시 동구  동촌로  332   (용계동)",
        "kma_nx": 90,
        "kma_ny": 91,
        "source_geo_idn": "173",
        "geocode_result": "SUCC"
      }
    },
    {
      "type": "Feature",
      "id": "DG-0174",
      "geometry": {
        "type": "Point",
        "coordinates": [128.732151724155, 35.87724144494569]
      },
      "properties": {
        "id": "DG-0174",
        "name": "국민은행 대구혁신도시지점",
        "gu": "동구",
        "facility_type": "금융기관",
        "is_im_bank": false,
        "road_address": "대구광역시 동구 이노밸리로 322",
        "kma_nx": 91,
        "kma_ny": 91,
        "source_geo_idn": "174",
        "geocode_result": "SUCC"
      }
    },
    {
      "type": "Feature",
      "id": "DG-0175",
      "geometry": {
        "type": "Point",
        "coordinates": [128.73100964228297, 35.878285192145825]
      },
      "properties": {
        "id": "DG-0175",
        "name": "하나은행 대구혁신도시지점",
        "gu": "동구",
        "facility_type": "금융기관",
        "is_im_bank": false,
        "road_address": "대구광역시 동구  이노밸리로  309   (신서동)",
        "kma_nx": 91,
        "kma_ny": 91,
        "source_geo_idn": "175",
        "geocode_result": "SUCC"
      }
    },
    {
      "type": "Feature",
      "id": "DG-0176",
      "geometry": {
        "type": "Point",
        "coordinates": [128.7361283873124, 35.8786402325941]
      },
      "properties": {
        "id": "DG-0176",
        "name": "대구은행 대구혁신도시지점",
        "gu": "동구",
        "facility_type": "금융기관",
        "is_im_bank": true,
        "road_address": "대구광역시 동구  동내로  88   (동내동)",
        "kma_nx": 91,
        "kma_ny": 91,
        "source_geo_idn": "176",
        "geocode_result": "SUCC"
      }
    },
    {
      "type": "Feature",
      "id": "DG-0177",
      "geometry": {
        "type": "Point",
        "coordinates": [128.71046072754004, 35.87196537349819]
      },
      "properties": {
        "id": "DG-0177",
        "name": "농협은행 안심지점",
        "gu": "동구",
        "facility_type": "금융기관",
        "is_im_bank": false,
        "road_address": "대구광역시 동구 반야월로 202",
        "kma_nx": 91,
        "kma_ny": 91,
        "source_geo_idn": "177",
        "geocode_result": "SUCC"
      }
    },
    {
      "type": "Feature",
      "id": "DG-0178",
      "geometry": {
        "type": "Point",
        "coordinates": [128.70864219036596, 35.86935997017729]
      },
      "properties": {
        "id": "DG-0178",
        "name": "대구은행 안심지점",
        "gu": "동구",
        "facility_type": "금융기관",
        "is_im_bank": true,
        "road_address": "대구광역시 동구  안심로41길  36   (서호동)",
        "kma_nx": 91,
        "kma_ny": 91,
        "source_geo_idn": "178",
        "geocode_result": "SUCC"
      }
    },
    {
      "type": "Feature",
      "id": "DG-0179",
      "geometry": {
        "type": "Point",
        "coordinates": [128.72790509666186, 35.86952412586644]
      },
      "properties": {
        "id": "DG-0179",
        "name": "대구은행 반야월지점",
        "gu": "동구",
        "facility_type": "금융기관",
        "is_im_bank": true,
        "road_address": "대구광역시 동구 안심로 401",
        "kma_nx": 91,
        "kma_ny": 91,
        "source_geo_idn": "179",
        "geocode_result": "SUCC"
      }
    },
    {
      "type": "Feature",
      "id": "DG-0180",
      "geometry": {
        "type": "Point",
        "coordinates": [128.70824858533788, 35.867321813266976]
      },
      "properties": {
        "id": "DG-0180",
        "name": "반야월농협 서호동지점",
        "gu": "동구",
        "facility_type": "금융기관",
        "is_im_bank": false,
        "road_address": "대구광역시 동구  안심로41길  12   (서호동)",
        "kma_nx": 91,
        "kma_ny": 90,
        "source_geo_idn": "180",
        "geocode_result": "SUCC"
      }
    },
    {
      "type": "Feature",
      "id": "DG-0181",
      "geometry": {
        "type": "Point",
        "coordinates": [128.7326621176704, 35.872003967212834]
      },
      "properties": {
        "id": "DG-0181",
        "name": "반야월농협 동부지점",
        "gu": "동구",
        "facility_type": "금융기관",
        "is_im_bank": false,
        "road_address": "대구광역시 동구  반야월로  401-2, 반야월농협동부지점 (신서동)",
        "kma_nx": 91,
        "kma_ny": 91,
        "source_geo_idn": "181",
        "geocode_result": "SUCC"
      }
    },
    {
      "type": "Feature",
      "id": "DG-0182",
      "geometry": {
        "type": "Point",
        "coordinates": [128.72463225246892, 35.867062437651235]
      },
      "properties": {
        "id": "DG-0182",
        "name": "반야월농협 동호지점",
        "gu": "동구",
        "facility_type": "금융기관",
        "is_im_bank": false,
        "road_address": "대구광역시 동구  금강로  9 , 경원빌딩 (신서동)",
        "kma_nx": 91,
        "kma_ny": 90,
        "source_geo_idn": "182",
        "geocode_result": "SUCC"
      }
    },
    {
      "type": "Feature",
      "id": "DG-0183",
      "geometry": {
        "type": "Point",
        "coordinates": [128.72559300390867, 35.87134159387781]
      },
      "properties": {
        "id": "DG-0183",
        "name": "롯데캐슬레전드경로당",
        "gu": "동구",
        "facility_type": "경로당",
        "is_im_bank": false,
        "road_address": "대구광역시 동구  안심로73길  22   (신서동, 신서 롯데캐슬레전드)",
        "kma_nx": 91,
        "kma_ny": 91,
        "source_geo_idn": "183",
        "geocode_result": "SUCC"
      }
    },
    {
      "type": "Feature",
      "id": "DG-0184",
      "geometry": {
        "type": "Point",
        "coordinates": [128.7104055472649, 35.875372415351904]
      },
      "properties": {
        "id": "DG-0184",
        "name": "각산태영데시앙경로당",
        "gu": "동구",
        "facility_type": "경로당",
        "is_im_bank": false,
        "road_address": "대구광역시 동구  반야월북로  123   (각산동, 각산 태영 데시앙)",
        "kma_nx": 91,
        "kma_ny": 91,
        "source_geo_idn": "184",
        "geocode_result": "SUCC"
      }
    },
    {
      "type": "Feature",
      "id": "DG-0185",
      "geometry": {
        "type": "Point",
        "coordinates": [128.71106393050283, 35.87015452864519]
      },
      "properties": {
        "id": "DG-0185",
        "name": "안심3.4동행정복지센터",
        "gu": "동구",
        "facility_type": "행정복지센터",
        "is_im_bank": false,
        "road_address": "대구광역시 동구  안심로49길  98   (서호동)",
        "kma_nx": 91,
        "kma_ny": 91,
        "source_geo_idn": "185",
        "geocode_result": "SUCC"
      }
    },
    {
      "type": "Feature",
      "id": "DG-0186",
      "geometry": {
        "type": "Point",
        "coordinates": [128.64403154933544, 35.94007421953026]
      },
      "properties": {
        "id": "DG-0186",
        "name": "공산동행정복지센터",
        "gu": "동구",
        "facility_type": "행정복지센터",
        "is_im_bank": false,
        "road_address": "대구광역시 동구  팔공로91길  9 , 공산동주민센터 (지묘동)",
        "kma_nx": 90,
        "kma_ny": 92,
        "source_geo_idn": "186",
        "geocode_result": "SUCC"
      }
    },
    {
      "type": "Feature",
      "id": "DG-0187",
      "geometry": {
        "type": "Point",
        "coordinates": [128.69327576890922, 35.95564566982126]
      },
      "properties": {
        "id": "DG-0187",
        "name": "백안경로당",
        "gu": "동구",
        "facility_type": "경로당",
        "is_im_bank": false,
        "road_address": "대구광역시 동구  팔공로207길  47   (백안동)",
        "kma_nx": 90,
        "kma_ny": 92,
        "source_geo_idn": "187",
        "geocode_result": "SUCC"
      }
    },
    {
      "type": "Feature",
      "id": "DG-0188",
      "geometry": {
        "type": "Point",
        "coordinates": [128.64475313661578, 35.941527760983725]
      },
      "properties": {
        "id": "DG-0188",
        "name": "보성1차경로당",
        "gu": "동구",
        "facility_type": "경로당",
        "is_im_bank": false,
        "road_address": "대구광역시 동구  팔공로  489   (지묘동, 팔공보성아파트)",
        "kma_nx": 90,
        "kma_ny": 92,
        "source_geo_idn": "188",
        "geocode_result": "SUCC"
      }
    },
    {
      "type": "Feature",
      "id": "DG-0189",
      "geometry": {
        "type": "Point",
        "coordinates": [128.63858572486313, 35.941442719057065]
      },
      "properties": {
        "id": "DG-0189",
        "name": "공산농협(서부지점)",
        "gu": "동구",
        "facility_type": "금융기관",
        "is_im_bank": false,
        "road_address": "대구광역시 동구  파계로6길  55 , 공산농협협동조합 (지묘동)",
        "kma_nx": 90,
        "kma_ny": 92,
        "source_geo_idn": "189",
        "geocode_result": "SUCC"
      }
    },
    {
      "type": "Feature",
      "id": "DG-0190",
      "geometry": {
        "type": "Point",
        "coordinates": [128.69248493753045, 35.9559812300331]
      },
      "properties": {
        "id": "DG-0190",
        "name": "공산농협",
        "gu": "동구",
        "facility_type": "금융기관",
        "is_im_bank": false,
        "road_address": "대구광역시 동구  팔공산로  1667   (백안동)",
        "kma_nx": 90,
        "kma_ny": 92,
        "source_geo_idn": "190",
        "geocode_result": "SUCC"
      }
    },
    {
      "type": "Feature",
      "id": "DG-0191",
      "geometry": {
        "type": "Point",
        "coordinates": [128.55940917123198, 35.86230314088302]
      },
      "properties": {
        "id": "DG-0191",
        "name": "내서경로당",
        "gu": "서구",
        "facility_type": "경로당",
        "is_im_bank": false,
        "road_address": "대구광역시 서구  달구벌대로361길  35-29, 내서 경로당 (내당동)",
        "kma_nx": 88,
        "kma_ny": 90,
        "source_geo_idn": "191",
        "geocode_result": "SUCC"
      }
    },
    {
      "type": "Feature",
      "id": "DG-0192",
      "geometry": {
        "type": "Point",
        "coordinates": [128.5606921343899, 35.86066080552165]
      },
      "properties": {
        "id": "DG-0192",
        "name": "내당1동 행정복지센터",
        "gu": "서구",
        "facility_type": "행정복지센터",
        "is_im_bank": false,
        "road_address": "대구광역시 서구  서대구로4길  35 , 내당1동사무소 (내당동)",
        "kma_nx": 88,
        "kma_ny": 90,
        "source_geo_idn": "192",
        "geocode_result": "SUCC"
      }
    },
    {
      "type": "Feature",
      "id": "DG-0193",
      "geometry": {
        "type": "Point",
        "coordinates": [128.5633210265649, 35.86104114820558]
      },
      "properties": {
        "id": "DG-0193",
        "name": "서구종합사회복지관",
        "gu": "서구",
        "facility_type": "기타",
        "is_im_bank": false,
        "road_address": "대구광역시 서구 달구벌대로365길 3",
        "kma_nx": 88,
        "kma_ny": 90,
        "source_geo_idn": "193",
        "geocode_result": "SUCC"
      }
    },
    {
      "type": "Feature",
      "id": "DG-0194",
      "geometry": {
        "type": "Point",
        "coordinates": [128.57453229728404, 35.86727482993542]
      },
      "properties": {
        "id": "DG-0194",
        "name": "내당2,3동 행정복지센터",
        "gu": "서구",
        "facility_type": "행정복지센터",
        "is_im_bank": false,
        "road_address": "대구광역시 서구  큰장로15길  11-1, 내당 2.3동 주민센터 (내당동)",
        "kma_nx": 88,
        "kma_ny": 90,
        "source_geo_idn": "194",
        "geocode_result": "SUCC"
      }
    },
    {
      "type": "Feature",
      "id": "DG-0195",
      "geometry": {
        "type": "Point",
        "coordinates": [128.5671183465167, 35.86453858438517]
      },
      "properties": {
        "id": "DG-0195",
        "name": "성덕노인복지센터",
        "gu": "서구",
        "facility_type": "기타",
        "is_im_bank": false,
        "road_address": "대구광역시 서구 달구벌대로371길 39",
        "kma_nx": 88,
        "kma_ny": 90,
        "source_geo_idn": "195",
        "geocode_result": "SUCC"
      }
    },
    {
      "type": "Feature",
      "id": "DG-0196",
      "geometry": {
        "type": "Point",
        "coordinates": [128.56781163456796, 35.861966673201316]
      },
      "properties": {
        "id": "DG-0196",
        "name": "삼화경로당",
        "gu": "서구",
        "facility_type": "경로당",
        "is_im_bank": false,
        "road_address": "대구광역시 서구  달구벌대로373길  7-5  (내당동)",
        "kma_nx": 88,
        "kma_ny": 90,
        "source_geo_idn": "196",
        "geocode_result": "SUCC"
      }
    },
    {
      "type": "Feature",
      "id": "DG-0197",
      "geometry": {
        "type": "Point",
        "coordinates": [128.56758881596753, 35.86594183976563]
      },
      "properties": {
        "id": "DG-0197",
        "name": "내당경로당",
        "gu": "서구",
        "facility_type": "경로당",
        "is_im_bank": false,
        "road_address": "대구광역시 서구  평리로  408-13, 내당경로당 (내당동)",
        "kma_nx": 88,
        "kma_ny": 90,
        "source_geo_idn": "197",
        "geocode_result": "SUCC"
      }
    },
    {
      "type": "Feature",
      "id": "DG-0198",
      "geometry": {
        "type": "Point",
        "coordinates": [128.56893079204352, 35.86213228985023]
      },
      "properties": {
        "id": "DG-0198",
        "name": "천일경로당",
        "gu": "서구",
        "facility_type": "경로당",
        "is_im_bank": false,
        "road_address": "대구광역시 서구  달구벌대로373길  2-24  (내당동)",
        "kma_nx": 88,
        "kma_ny": 90,
        "source_geo_idn": "198",
        "geocode_result": "SUCC"
      }
    },
    {
      "type": "Feature",
      "id": "DG-0199",
      "geometry": {
        "type": "Point",
        "coordinates": [128.57196345288276, 35.8652394451285]
      },
      "properties": {
        "id": "DG-0199",
        "name": "장수경로당",
        "gu": "서구",
        "facility_type": "경로당",
        "is_im_bank": false,
        "road_address": "대구광역시 서구  큰장로9길  9-3  (내당동)",
        "kma_nx": 88,
        "kma_ny": 90,
        "source_geo_idn": "199",
        "geocode_result": "SUCC"
      }
    },
    {
      "type": "Feature",
      "id": "DG-0200",
      "geometry": {
        "type": "Point",
        "coordinates": [128.57466160345803, 35.86776696283635]
      },
      "properties": {
        "id": "DG-0200",
        "name": "내당2동 노인회",
        "gu": "서구",
        "facility_type": "기타",
        "is_im_bank": false,
        "road_address": "대구광역시 서구  큰장로15길  14-20  (내당동)",
        "kma_nx": 88,
        "kma_ny": 90,
        "source_geo_idn": "200",
        "geocode_result": "SUCC"
      }
    },
    {
      "type": "Feature",
      "id": "DG-0201",
      "geometry": {
        "type": "Point",
        "coordinates": [128.57160718213984, 35.86244694689024]
      },
      "properties": {
        "id": "DG-0201",
        "name": "DGB대구은행 내당동지점",
        "gu": "서구",
        "facility_type": "금융기관",
        "is_im_bank": true,
        "road_address": "대구광역시 서구  달서로  1   (내당동)",
        "kma_nx": 88,
        "kma_ny": 90,
        "source_geo_idn": "201",
        "geocode_result": "SUCC"
      }
    },
    {
      "type": "Feature",
      "id": "DG-0202",
      "geometry": {
        "type": "Point",
        "coordinates": [128.5754045525153, 35.86682002837657]
      },
      "properties": {
        "id": "DG-0202",
        "name": "DGB대구은행 서문시장지점",
        "gu": "서구",
        "facility_type": "금융기관",
        "is_im_bank": true,
        "road_address": "대구광역시 서구 큰장로 81",
        "kma_nx": 88,
        "kma_ny": 90,
        "source_geo_idn": "202",
        "geocode_result": "SUCC"
      }
    },
    {
      "type": "Feature",
      "id": "DG-0203",
      "geometry": {
        "type": "Point",
        "coordinates": [128.57126629151378, 35.86357243374972]
      },
      "properties": {
        "id": "DG-0203",
        "name": "서대구 농협내당지점",
        "gu": "서구",
        "facility_type": "금융기관",
        "is_im_bank": false,
        "road_address": "대구광역시 서구  달구벌대로375길  33   (내당동)",
        "kma_nx": 88,
        "kma_ny": 90,
        "source_geo_idn": "203",
        "geocode_result": "SUCC"
      }
    },
    {
      "type": "Feature",
      "id": "DG-0204",
      "geometry": {
        "type": "Point",
        "coordinates": [128.57296144258657, 35.864873130344655]
      },
      "properties": {
        "id": "DG-0204",
        "name": "MG새마을금고 반고개(본점)",
        "gu": "서구",
        "facility_type": "금융기관",
        "is_im_bank": false,
        "road_address": "대구광역시 서구  달서로4길  35   (내당동)",
        "kma_nx": 88,
        "kma_ny": 90,
        "source_geo_idn": "204",
        "geocode_result": "SUCC"
      }
    },
    {
      "type": "Feature",
      "id": "DG-0205",
      "geometry": {
        "type": "Point",
        "coordinates": [128.55200987843682, 35.858906115879414]
      },
      "properties": {
        "id": "DG-0205",
        "name": "내당노인복지관",
        "gu": "서구",
        "facility_type": "기타",
        "is_im_bank": false,
        "road_address": "대구광역시 서구 서대구로3길 44",
        "kma_nx": 88,
        "kma_ny": 90,
        "source_geo_idn": "205",
        "geocode_result": "SUCC"
      }
    },
    {
      "type": "Feature",
      "id": "DG-0206",
      "geometry": {
        "type": "Point",
        "coordinates": [128.55164364223023, 35.85897212543379]
      },
      "properties": {
        "id": "DG-0206",
        "name": "내당4동 행정복지센터",
        "gu": "서구",
        "facility_type": "행정복지센터",
        "is_im_bank": false,
        "road_address": "대구광역시 서구  서대구로3길  46 , 내당4동 주민센터 (내당동)",
        "kma_nx": 88,
        "kma_ny": 90,
        "source_geo_idn": "206",
        "geocode_result": "SUCC"
      }
    },
    {
      "type": "Feature",
      "id": "DG-0207",
      "geometry": {
        "type": "Point",
        "coordinates": [128.56896964646336, 35.881171201470096]
      },
      "properties": {
        "id": "DG-0207",
        "name": "비산1동 행정복지센터",
        "gu": "서구",
        "facility_type": "행정복지센터",
        "is_im_bank": false,
        "road_address": "대구광역시 서구  북비산로65길  18   (비산동)",
        "kma_nx": 88,
        "kma_ny": 91,
        "source_geo_idn": "207",
        "geocode_result": "SUCC"
      }
    },
    {
      "type": "Feature",
      "id": "DG-0208",
      "geometry": {
        "type": "Point",
        "coordinates": [128.5665763392251, 35.88356705073561]
      },
      "properties": {
        "id": "DG-0208",
        "name": "거창경로당",
        "gu": "서구",
        "facility_type": "경로당",
        "is_im_bank": false,
        "road_address": "대구광역시 서구 북비산로61길 43-5",
        "kma_nx": 88,
        "kma_ny": 91,
        "source_geo_idn": "208",
        "geocode_result": "SUCC"
      }
    },
    {
      "type": "Feature",
      "id": "DG-0209",
      "geometry": {
        "type": "Point",
        "coordinates": [128.56000595093565, 35.881450182798055]
      },
      "properties": {
        "id": "DG-0209",
        "name": "원상경로당",
        "gu": "서구",
        "facility_type": "경로당",
        "is_im_bank": false,
        "road_address": "대구광역시 서구 통학로49길 30-27",
        "kma_nx": 88,
        "kma_ny": 91,
        "source_geo_idn": "209",
        "geocode_result": "SUCC"
      }
    },
    {
      "type": "Feature",
      "id": "DG-0210",
      "geometry": {
        "type": "Point",
        "coordinates": [128.5691987176777, 35.8808834466523]
      },
      "properties": {
        "id": "DG-0210",
        "name": "당산경로당",
        "gu": "서구",
        "facility_type": "경로당",
        "is_im_bank": false,
        "road_address": "대구광역시 서구 달서로39길 24",
        "kma_nx": 88,
        "kma_ny": 91,
        "source_geo_idn": "210",
        "geocode_result": "SUCC"
      }
    },
    {
      "type": "Feature",
      "id": "DG-0211",
      "geometry": {
        "type": "Point",
        "coordinates": [128.5677366022343, 35.88288145737085]
      },
      "properties": {
        "id": "DG-0211",
        "name": "만수정경로당",
        "gu": "서구",
        "facility_type": "경로당",
        "is_im_bank": false,
        "road_address": "대구광역시 서구 북비산로61길 34",
        "kma_nx": 88,
        "kma_ny": 91,
        "source_geo_idn": "211",
        "geocode_result": "SUCC"
      }
    },
    {
      "type": "Feature",
      "id": "DG-0212",
      "geometry": {
        "type": "Point",
        "coordinates": [128.56624819758753, 35.88377318747392]
      },
      "properties": {
        "id": "DG-0212",
        "name": "비산1동경로당",
        "gu": "서구",
        "facility_type": "경로당",
        "is_im_bank": false,
        "road_address": "대구광역시 서구 통학로52길 30",
        "kma_nx": 88,
        "kma_ny": 91,
        "source_geo_idn": "212",
        "geocode_result": "SUCC"
      }
    },
    {
      "type": "Feature",
      "id": "DG-0213",
      "geometry": {
        "type": "Point",
        "coordinates": [128.57429086795347, 35.87946868879141]
      },
      "properties": {
        "id": "DG-0213",
        "name": "비룡경로당",
        "gu": "서구",
        "facility_type": "경로당",
        "is_im_bank": false,
        "road_address": "대구광역시 서구  북비산로75길  2-3  (비산동)",
        "kma_nx": 88,
        "kma_ny": 91,
        "source_geo_idn": "213",
        "geocode_result": "SUCC"
      }
    },
    {
      "type": "Feature",
      "id": "DG-0214",
      "geometry": {
        "type": "Point",
        "coordinates": [128.5790581103259, 35.87173555955471]
      },
      "properties": {
        "id": "DG-0214",
        "name": "달성경로당",
        "gu": "서구",
        "facility_type": "경로당",
        "is_im_bank": false,
        "road_address": "대구광역시 서구  달성공원로  13-14  (비산동)",
        "kma_nx": 89,
        "kma_ny": 91,
        "source_geo_idn": "214",
        "geocode_result": "SUCC"
      }
    },
    {
      "type": "Feature",
      "id": "DG-0215",
      "geometry": {
        "type": "Point",
        "coordinates": [128.57534332396952, 35.87267467392719]
      },
      "properties": {
        "id": "DG-0215",
        "name": "모범경로당",
        "gu": "서구",
        "facility_type": "경로당",
        "is_im_bank": false,
        "road_address": "대구광역시 서구  달서로26길  35-8  (비산동)",
        "kma_nx": 88,
        "kma_ny": 91,
        "source_geo_idn": "215",
        "geocode_result": "SUCC"
      }
    },
    {
      "type": "Feature",
      "id": "DG-0216",
      "geometry": {
        "type": "Point",
        "coordinates": [128.57501093368495, 35.87825531829284]
      },
      "properties": {
        "id": "DG-0216",
        "name": "인동촌경로당(4층)",
        "gu": "서구",
        "facility_type": "경로당",
        "is_im_bank": false,
        "road_address": "대구광역시 서구 북비산로74길 17",
        "kma_nx": 88,
        "kma_ny": 91,
        "source_geo_idn": "216",
        "geocode_result": "SUCC"
      }
    },
    {
      "type": "Feature",
      "id": "DG-0217",
      "geometry": {
        "type": "Point",
        "coordinates": [128.5747143188877, 35.875800885019665]
      },
      "properties": {
        "id": "DG-0217",
        "name": "비산2,3동 행정복지센터",
        "gu": "서구",
        "facility_type": "행정복지센터",
        "is_im_bank": false,
        "road_address": "대구광역시 서구  국채보상로81길  43   (비산동)",
        "kma_nx": 88,
        "kma_ny": 91,
        "source_geo_idn": "217",
        "geocode_result": "SUCC"
      }
    },
    {
      "type": "Feature",
      "id": "DG-0218",
      "geometry": {
        "type": "Point",
        "coordinates": [128.57478081672826, 35.87222426899234]
      },
      "properties": {
        "id": "DG-0218",
        "name": "서구종합자원봉사센터",
        "gu": "서구",
        "facility_type": "기타",
        "is_im_bank": false,
        "road_address": "대구광역시 서구 국채보상로 399",
        "kma_nx": 88,
        "kma_ny": 91,
        "source_geo_idn": "218",
        "geocode_result": "SUCC"
      }
    },
    {
      "type": "Feature",
      "id": "DG-0219",
      "geometry": {
        "type": "Point",
        "coordinates": [128.57141805614407, 35.87260354054856]
      },
      "properties": {
        "id": "DG-0219",
        "name": "서대구농협 비산지점",
        "gu": "서구",
        "facility_type": "금융기관",
        "is_im_bank": false,
        "road_address": "대구광역시 서구 달서로 116",
        "kma_nx": 88,
        "kma_ny": 91,
        "source_geo_idn": "219",
        "geocode_result": "SUCC"
      }
    },
    {
      "type": "Feature",
      "id": "DG-0220",
      "geometry": {
        "type": "Point",
        "coordinates": [128.57501093368495, 35.87825531829284]
      },
      "properties": {
        "id": "DG-0220",
        "name": "MG새마을금고 날뫼(본점)",
        "gu": "서구",
        "facility_type": "금융기관",
        "is_im_bank": false,
        "road_address": "대구광역시 서구  북비산로74길  17   (비산동)",
        "kma_nx": 88,
        "kma_ny": 91,
        "source_geo_idn": "220",
        "geocode_result": "SUCC"
      }
    },
    {
      "type": "Feature",
      "id": "DG-0221",
      "geometry": {
        "type": "Point",
        "coordinates": [128.57234604566932, 35.87294824883669]
      },
      "properties": {
        "id": "DG-0221",
        "name": "MG새마을금고 비산(본점)",
        "gu": "서구",
        "facility_type": "금융기관",
        "is_im_bank": false,
        "road_address": "대구광역시 서구  달서로26길  10   (비산동)",
        "kma_nx": 88,
        "kma_ny": 91,
        "source_geo_idn": "221",
        "geocode_result": "SUCC"
      }
    },
    {
      "type": "Feature",
      "id": "DG-0222",
      "geometry": {
        "type": "Point",
        "coordinates": [128.5713527931419, 35.8692989906188]
      },
      "properties": {
        "id": "DG-0222",
        "name": "MG새마을금고 달구벌(본점)",
        "gu": "서구",
        "facility_type": "금융기관",
        "is_im_bank": false,
        "road_address": "대구광역시 서구 달서로 82",
        "kma_nx": 88,
        "kma_ny": 90,
        "source_geo_idn": "222",
        "geocode_result": "SUCC"
      }
    },
    {
      "type": "Feature",
      "id": "DG-0223",
      "geometry": {
        "type": "Point",
        "coordinates": [128.57331366439263, 35.86857763580988]
      },
      "properties": {
        "id": "DG-0223",
        "name": "비산도서관",
        "gu": "서구",
        "facility_type": "기타",
        "is_im_bank": false,
        "road_address": "대구광역시 서구 달서로14길 13",
        "kma_nx": 88,
        "kma_ny": 90,
        "source_geo_idn": "223",
        "geocode_result": "SUCC"
      }
    },
    {
      "type": "Feature",
      "id": "DG-0224",
      "geometry": {
        "type": "Point",
        "coordinates": [128.57054410705334, 35.86983583739518]
      },
      "properties": {
        "id": "DG-0224",
        "name": "한국전력서대구지사",
        "gu": "서구",
        "facility_type": "기타",
        "is_im_bank": false,
        "road_address": "대구광역시 서구 달서로 85",
        "kma_nx": 88,
        "kma_ny": 90,
        "source_geo_idn": "224",
        "geocode_result": "SUCC"
      }
    },
    {
      "type": "Feature",
      "id": "DG-0225",
      "geometry": {
        "type": "Point",
        "coordinates": [128.5743067849382, 35.86975413524385]
      },
      "properties": {
        "id": "DG-0225",
        "name": "비산4동 행정복지센터",
        "gu": "서구",
        "facility_type": "행정복지센터",
        "is_im_bank": false,
        "road_address": "대구광역시 서구  국채보상로78길  29-4, 비산4동사무소 (비산동)",
        "kma_nx": 88,
        "kma_ny": 90,
        "source_geo_idn": "225",
        "geocode_result": "SUCC"
      }
    },
    {
      "type": "Feature",
      "id": "DG-0226",
      "geometry": {
        "type": "Point",
        "coordinates": [128.56982692721064, 35.86827721832564]
      },
      "properties": {
        "id": "DG-0226",
        "name": "일구경로당",
        "gu": "서구",
        "facility_type": "경로당",
        "is_im_bank": false,
        "road_address": "대구광역시 서구 평리로85길 15",
        "kma_nx": 88,
        "kma_ny": 90,
        "source_geo_idn": "226",
        "geocode_result": "SUCC"
      }
    },
    {
      "type": "Feature",
      "id": "DG-0227",
      "geometry": {
        "type": "Point",
        "coordinates": [128.5721240745977, 35.869559241347]
      },
      "properties": {
        "id": "DG-0227",
        "name": "동흔경로당",
        "gu": "서구",
        "facility_type": "경로당",
        "is_im_bank": false,
        "road_address": "대구광역시 서구 국채보상로76길 27-1",
        "kma_nx": 88,
        "kma_ny": 90,
        "source_geo_idn": "227",
        "geocode_result": "SUCC"
      }
    },
    {
      "type": "Feature",
      "id": "DG-0228",
      "geometry": {
        "type": "Point",
        "coordinates": [128.57589022350652, 35.87054800525263]
      },
      "properties": {
        "id": "DG-0228",
        "name": "상록경로당",
        "gu": "서구",
        "facility_type": "경로당",
        "is_im_bank": false,
        "road_address": "대구광역시 서구 달서로18길 42-3",
        "kma_nx": 88,
        "kma_ny": 90,
        "source_geo_idn": "228",
        "geocode_result": "SUCC"
      }
    },
    {
      "type": "Feature",
      "id": "DG-0229",
      "geometry": {
        "type": "Point",
        "coordinates": [128.56840740384186, 35.88500300427826]
      },
      "properties": {
        "id": "DG-0229",
        "name": "비산5동 제2경로당",
        "gu": "서구",
        "facility_type": "경로당",
        "is_im_bank": false,
        "road_address": "대구광역시 서구 달서천로61길 2-6",
        "kma_nx": 88,
        "kma_ny": 91,
        "source_geo_idn": "229",
        "geocode_result": "SUCC"
      }
    },
    {
      "type": "Feature",
      "id": "DG-0230",
      "geometry": {
        "type": "Point",
        "coordinates": [128.568954401108, 35.88780742890423]
      },
      "properties": {
        "id": "DG-0230",
        "name": "비산5동 제1경로당",
        "gu": "서구",
        "facility_type": "경로당",
        "is_im_bank": false,
        "road_address": "대구광역시 서구 서대구로68길 60-9",
        "kma_nx": 88,
        "kma_ny": 91,
        "source_geo_idn": "230",
        "geocode_result": "SUCC"
      }
    },
    {
      "type": "Feature",
      "id": "DG-0231",
      "geometry": {
        "type": "Point",
        "coordinates": [128.56964271505575, 35.886324161898415]
      },
      "properties": {
        "id": "DG-0231",
        "name": "비산5동 행정복지센터",
        "gu": "서구",
        "facility_type": "행정복지센터",
        "is_im_bank": false,
        "road_address": "대구광역시 서구  달서천로65길  17   (비산동)",
        "kma_nx": 88,
        "kma_ny": 91,
        "source_geo_idn": "231",
        "geocode_result": "SUCC"
      }
    },
    {
      "type": "Feature",
      "id": "DG-0232",
      "geometry": {
        "type": "Point",
        "coordinates": [128.56337887358538, 35.88855059954469]
      },
      "properties": {
        "id": "DG-0232",
        "name": "대구벧엘교회",
        "gu": "서구",
        "facility_type": "기타",
        "is_im_bank": false,
        "road_address": "대구광역시 서구 달서천로57길 50",
        "kma_nx": 88,
        "kma_ny": 91,
        "source_geo_idn": "232",
        "geocode_result": "SUCC"
      }
    },
    {
      "type": "Feature",
      "id": "DG-0233",
      "geometry": {
        "type": "Point",
        "coordinates": [128.5692881810064, 35.88609089350241]
      },
      "properties": {
        "id": "DG-0233",
        "name": "비원도서관",
        "gu": "서구",
        "facility_type": "기타",
        "is_im_bank": false,
        "road_address": "대구광역시 서구 달서천로61안길 10",
        "kma_nx": 88,
        "kma_ny": 91,
        "source_geo_idn": "233",
        "geocode_result": "SUCC"
      }
    },
    {
      "type": "Feature",
      "id": "DG-0234",
      "geometry": {
        "type": "Point",
        "coordinates": [128.5638333466185, 35.889135832583115]
      },
      "properties": {
        "id": "DG-0234",
        "name": "DGB대구은행 팔달영업부",
        "gu": "서구",
        "facility_type": "금융기관",
        "is_im_bank": true,
        "road_address": "대구광역시 서구  팔달로  126   (비산동)",
        "kma_nx": 88,
        "kma_ny": 91,
        "source_geo_idn": "234",
        "geocode_result": "SUCC"
      }
    },
    {
      "type": "Feature",
      "id": "DG-0235",
      "geometry": {
        "type": "Point",
        "coordinates": [128.57093173483517, 35.878701646045855]
      },
      "properties": {
        "id": "DG-0235",
        "name": "DGB대구은행 북비산지점",
        "gu": "서구",
        "facility_type": "금융기관",
        "is_im_bank": true,
        "road_address": "대구광역시 서구  달서로  183   (비산동)",
        "kma_nx": 88,
        "kma_ny": 91,
        "source_geo_idn": "235",
        "geocode_result": "SUCC"
      }
    },
    {
      "type": "Feature",
      "id": "DG-0236",
      "geometry": {
        "type": "Point",
        "coordinates": [128.57090964804303, 35.87489189252229]
      },
      "properties": {
        "id": "DG-0236",
        "name": "MG새마을금고 서대구(본점)",
        "gu": "서구",
        "facility_type": "금융기관",
        "is_im_bank": false,
        "road_address": "대구광역시 서구  달서로  141   (비산동)",
        "kma_nx": 88,
        "kma_ny": 91,
        "source_geo_idn": "236",
        "geocode_result": "SUCC"
      }
    },
    {
      "type": "Feature",
      "id": "DG-0237",
      "geometry": {
        "type": "Point",
        "coordinates": [128.56909508015275, 35.87630337799418]
      },
      "properties": {
        "id": "DG-0237",
        "name": "비산6동 행정복지센터",
        "gu": "서구",
        "facility_type": "행정복지센터",
        "is_im_bank": false,
        "road_address": "대구광역시 서구  문화로67길  3   (비산동)",
        "kma_nx": 88,
        "kma_ny": 91,
        "source_geo_idn": "237",
        "geocode_result": "SUCC"
      }
    },
    {
      "type": "Feature",
      "id": "DG-0238",
      "geometry": {
        "type": "Point",
        "coordinates": [128.57052510962453, 35.87829604218144]
      },
      "properties": {
        "id": "DG-0238",
        "name": "비산6동 제1경로당",
        "gu": "서구",
        "facility_type": "경로당",
        "is_im_bank": false,
        "road_address": "대구광역시 서구  문화로69길  26-16  (비산동)",
        "kma_nx": 88,
        "kma_ny": 91,
        "source_geo_idn": "238",
        "geocode_result": "SUCC"
      }
    },
    {
      "type": "Feature",
      "id": "DG-0239",
      "geometry": {
        "type": "Point",
        "coordinates": [128.5696199400266, 35.8743969043046]
      },
      "properties": {
        "id": "DG-0239",
        "name": "비산6동 제2경로당",
        "gu": "서구",
        "facility_type": "경로당",
        "is_im_bank": false,
        "road_address": "대구광역시 서구  달서로27길  13-1  (비산동)",
        "kma_nx": 88,
        "kma_ny": 91,
        "source_geo_idn": "239",
        "geocode_result": "SUCC"
      }
    },
    {
      "type": "Feature",
      "id": "DG-0240",
      "geometry": {
        "type": "Point",
        "coordinates": [128.55571778620288, 35.88164278483469]
      },
      "properties": {
        "id": "DG-0240",
        "name": "비원노인복지관",
        "gu": "서구",
        "facility_type": "기타",
        "is_im_bank": false,
        "road_address": "대구광역시 서구 서대구로 268",
        "kma_nx": 88,
        "kma_ny": 91,
        "source_geo_idn": "240",
        "geocode_result": "SUCC"
      }
    },
    {
      "type": "Feature",
      "id": "DG-0241",
      "geometry": {
        "type": "Point",
        "coordinates": [128.5535556405139, 35.88795717337951]
      },
      "properties": {
        "id": "DG-0241",
        "name": "비산7동 행정복지센터",
        "gu": "서구",
        "facility_type": "행정복지센터",
        "is_im_bank": false,
        "road_address": "대구광역시 서구  염색공단로5길  4   (비산동)",
        "kma_nx": 88,
        "kma_ny": 91,
        "source_geo_idn": "241",
        "geocode_result": "SUCC"
      }
    },
    {
      "type": "Feature",
      "id": "DG-0242",
      "geometry": {
        "type": "Point",
        "coordinates": [128.55746811530088, 35.884622716712855]
      },
      "properties": {
        "id": "DG-0242",
        "name": "MG새마을금고 만평(본점)",
        "gu": "서구",
        "facility_type": "금융기관",
        "is_im_bank": false,
        "road_address": "대구광역시 서구  서대구로62길  4   (비산동)",
        "kma_nx": 88,
        "kma_ny": 91,
        "source_geo_idn": "242",
        "geocode_result": "SUCC"
      }
    },
    {
      "type": "Feature",
      "id": "DG-0243",
      "geometry": {
        "type": "Point",
        "coordinates": [128.5637256343184, 35.875998533937796]
      },
      "properties": {
        "id": "DG-0243",
        "name": "MG마을금고 평상(본점)",
        "gu": "서구",
        "facility_type": "기타",
        "is_im_bank": false,
        "road_address": "대구광역시 서구  문화로  283   (평리동)",
        "kma_nx": 88,
        "kma_ny": 91,
        "source_geo_idn": "243",
        "geocode_result": "SUCC"
      }
    },
    {
      "type": "Feature",
      "id": "DG-0244",
      "geometry": {
        "type": "Point",
        "coordinates": [128.5632615690075, 35.875597257150204]
      },
      "properties": {
        "id": "DG-0244",
        "name": "평리1동 행정복지센터",
        "gu": "서구",
        "facility_type": "행정복지센터",
        "is_im_bank": false,
        "road_address": "대구광역시 서구 문화로 280",
        "kma_nx": 88,
        "kma_ny": 91,
        "source_geo_idn": "244",
        "geocode_result": "SUCC"
      }
    },
    {
      "type": "Feature",
      "id": "DG-0245",
      "geometry": {
        "type": "Point",
        "coordinates": [128.56406678640266, 35.875554332065384]
      },
      "properties": {
        "id": "DG-0245",
        "name": "서구노인복지관",
        "gu": "서구",
        "facility_type": "기타",
        "is_im_bank": false,
        "road_address": "대구광역시 서구 문화로 288",
        "kma_nx": 88,
        "kma_ny": 91,
        "source_geo_idn": "245",
        "geocode_result": "SUCC"
      }
    },
    {
      "type": "Feature",
      "id": "DG-0246",
      "geometry": {
        "type": "Point",
        "coordinates": [128.56508607834039, 35.87175984234953]
      },
      "properties": {
        "id": "DG-0246",
        "name": "평리롯데캐슬 경로당",
        "gu": "서구",
        "facility_type": "경로당",
        "is_im_bank": false,
        "road_address": "대구광역시 서구  국채보상로  316   (평리동, 평리롯데캐슬)",
        "kma_nx": 88,
        "kma_ny": 91,
        "source_geo_idn": "246",
        "geocode_result": "SUCC"
      }
    },
    {
      "type": "Feature",
      "id": "DG-0247",
      "geometry": {
        "type": "Point",
        "coordinates": [128.56783109135398, 35.87172043576257]
      },
      "properties": {
        "id": "DG-0247",
        "name": "서부경로당",
        "gu": "서구",
        "facility_type": "경로당",
        "is_im_bank": false,
        "road_address": "대구광역시 서구  국채보상로  336-6  (평리동)",
        "kma_nx": 88,
        "kma_ny": 91,
        "source_geo_idn": "247",
        "geocode_result": "SUCC"
      }
    },
    {
      "type": "Feature",
      "id": "DG-0248",
      "geometry": {
        "type": "Point",
        "coordinates": [128.56651669419188, 35.86884310308701]
      },
      "properties": {
        "id": "DG-0248",
        "name": "평원경로당",
        "gu": "서구",
        "facility_type": "경로당",
        "is_im_bank": false,
        "road_address": "대구광역시 서구  국채보상로66길  38-8  (평리동)",
        "kma_nx": 88,
        "kma_ny": 90,
        "source_geo_idn": "248",
        "geocode_result": "SUCC"
      }
    },
    {
      "type": "Feature",
      "id": "DG-0249",
      "geometry": {
        "type": "Point",
        "coordinates": [128.5647530315694, 35.86878679194632]
      },
      "properties": {
        "id": "DG-0249",
        "name": "평리2동 경로당",
        "gu": "서구",
        "facility_type": "경로당",
        "is_im_bank": false,
        "road_address": "대구광역시 서구  국채보상로60길  35-9  (평리동)",
        "kma_nx": 88,
        "kma_ny": 90,
        "source_geo_idn": "249",
        "geocode_result": "SUCC"
      }
    },
    {
      "type": "Feature",
      "id": "DG-0250",
      "geometry": {
        "type": "Point",
        "coordinates": [128.56364499889474, 35.87121990142577]
      },
      "properties": {
        "id": "DG-0250",
        "name": "평리2동 행정복지센터",
        "gu": "서구",
        "facility_type": "행정복지센터",
        "is_im_bank": false,
        "road_address": "대구광역시 서구  국채보상로60길  6 , 평리2동사무소 (평리동)",
        "kma_nx": 88,
        "kma_ny": 90,
        "source_geo_idn": "250",
        "geocode_result": "SUCC"
      }
    },
    {
      "type": "Feature",
      "id": "DG-0251",
      "geometry": {
        "type": "Point",
        "coordinates": [128.56431019258324, 35.871715881695955]
      },
      "properties": {
        "id": "DG-0251",
        "name": "MG새마을금고 평리(본점)",
        "gu": "서구",
        "facility_type": "금융기관",
        "is_im_bank": false,
        "road_address": "대구광역시 서구  국채보상로  304   (평리동)",
        "kma_nx": 88,
        "kma_ny": 91,
        "source_geo_idn": "251",
        "geocode_result": "SUCC"
      }
    },
    {
      "type": "Feature",
      "id": "DG-0252",
      "geometry": {
        "type": "Point",
        "coordinates": [128.55905483285824, 35.87721633160644]
      },
      "properties": {
        "id": "DG-0252",
        "name": "MG새마을금고 대평(본점)",
        "gu": "서구",
        "facility_type": "금융기관",
        "is_im_bank": false,
        "road_address": "대구광역시 서구  문화로49길  17   (평리동)",
        "kma_nx": 88,
        "kma_ny": 91,
        "source_geo_idn": "252",
        "geocode_result": "SUCC"
      }
    },
    {
      "type": "Feature",
      "id": "DG-0253",
      "geometry": {
        "type": "Point",
        "coordinates": [128.5552522266974, 35.876407743303425]
      },
      "properties": {
        "id": "DG-0253",
        "name": "IBK기업은행 평리동지점",
        "gu": "서구",
        "facility_type": "금융기관",
        "is_im_bank": false,
        "road_address": "대구광역시 서구  서대구로  206   (평리동)",
        "kma_nx": 88,
        "kma_ny": 91,
        "source_geo_idn": "253",
        "geocode_result": "SUCC"
      }
    },
    {
      "type": "Feature",
      "id": "DG-0254",
      "geometry": {
        "type": "Point",
        "coordinates": [128.5613021419439, 35.87595436805835]
      },
      "properties": {
        "id": "DG-0254",
        "name": "평리3동 행정복지센터",
        "gu": "서구",
        "facility_type": "행정복지센터",
        "is_im_bank": false,
        "road_address": "대구광역시 서구  문화로  261   (평리동)",
        "kma_nx": 88,
        "kma_ny": 91,
        "source_geo_idn": "254",
        "geocode_result": "SUCC"
      }
    },
    {
      "type": "Feature",
      "id": "DG-0255",
      "geometry": {
        "type": "Point",
        "coordinates": [128.5624916073153, 35.87698422879937]
      },
      "properties": {
        "id": "DG-0255",
        "name": "평리경로당",
        "gu": "서구",
        "facility_type": "경로당",
        "is_im_bank": false,
        "road_address": "대구광역시 서구  서대구로42길  67-1  (평리동)",
        "kma_nx": 88,
        "kma_ny": 91,
        "source_geo_idn": "255",
        "geocode_result": "SUCC"
      }
    },
    {
      "type": "Feature",
      "id": "DG-0256",
      "geometry": {
        "type": "Point",
        "coordinates": [128.55982452954657, 35.87739377569668]
      },
      "properties": {
        "id": "DG-0256",
        "name": "평안경로당",
        "gu": "서구",
        "facility_type": "경로당",
        "is_im_bank": false,
        "road_address": "대구광역시 서구  서대구로42길  47-15  (평리동)",
        "kma_nx": 88,
        "kma_ny": 91,
        "source_geo_idn": "256",
        "geocode_result": "SUCC"
      }
    },
    {
      "type": "Feature",
      "id": "DG-0257",
      "geometry": {
        "type": "Point",
        "coordinates": [128.5556242239373, 35.87482051028266]
      },
      "properties": {
        "id": "DG-0257",
        "name": "새마을경로당",
        "gu": "서구",
        "facility_type": "경로당",
        "is_im_bank": false,
        "road_address": "대구광역시 서구  서대구로36길  5-16  (평리동)",
        "kma_nx": 88,
        "kma_ny": 91,
        "source_geo_idn": "257",
        "geocode_result": "SUCC"
      }
    },
    {
      "type": "Feature",
      "id": "DG-0258",
      "geometry": {
        "type": "Point",
        "coordinates": [128.55951531450225, 35.869979546819295]
      },
      "properties": {
        "id": "DG-0258",
        "name": "평리푸르지오1단지아파트경로당",
        "gu": "서구",
        "facility_type": "경로당",
        "is_im_bank": false,
        "road_address": "대구광역시 서구 국채보상로50길 20",
        "kma_nx": 88,
        "kma_ny": 90,
        "source_geo_idn": "258",
        "geocode_result": "SUCC"
      }
    },
    {
      "type": "Feature",
      "id": "DG-0259",
      "geometry": {
        "type": "Point",
        "coordinates": [128.55411280143812, 35.86501034940323]
      },
      "properties": {
        "id": "DG-0259",
        "name": "만수경로당",
        "gu": "서구",
        "facility_type": "경로당",
        "is_im_bank": false,
        "road_address": "대구광역시 서구 평리로57길 15",
        "kma_nx": 88,
        "kma_ny": 90,
        "source_geo_idn": "259",
        "geocode_result": "SUCC"
      }
    },
    {
      "type": "Feature",
      "id": "DG-0260",
      "geometry": {
        "type": "Point",
        "coordinates": [128.55571751948176, 35.86418935529038]
      },
      "properties": {
        "id": "DG-0260",
        "name": "평리청구경로당",
        "gu": "서구",
        "facility_type": "경로당",
        "is_im_bank": false,
        "road_address": "대구광역시 서구 서대구로 77",
        "kma_nx": 88,
        "kma_ny": 90,
        "source_geo_idn": "260",
        "geocode_result": "SUCC"
      }
    },
    {
      "type": "Feature",
      "id": "DG-0261",
      "geometry": {
        "type": "Point",
        "coordinates": [128.56204208198963, 35.86627002874593]
      },
      "properties": {
        "id": "DG-0261",
        "name": "장수경로당",
        "gu": "서구",
        "facility_type": "경로당",
        "is_im_bank": false,
        "road_address": "대구광역시 서구 평리로73길 11-15",
        "kma_nx": 88,
        "kma_ny": 90,
        "source_geo_idn": "261",
        "geocode_result": "SUCC"
      }
    },
    {
      "type": "Feature",
      "id": "DG-0262",
      "geometry": {
        "type": "Point",
        "coordinates": [128.5616287308165, 35.86912663545108]
      },
      "properties": {
        "id": "DG-0262",
        "name": "청수경로당",
        "gu": "서구",
        "facility_type": "경로당",
        "is_im_bank": false,
        "road_address": "대구광역시 서구 국채보상로52길 27-35",
        "kma_nx": 88,
        "kma_ny": 90,
        "source_geo_idn": "262",
        "geocode_result": "SUCC"
      }
    },
    {
      "type": "Feature",
      "id": "DG-0263",
      "geometry": {
        "type": "Point",
        "coordinates": [128.55911150717932, 35.86700018691345]
      },
      "properties": {
        "id": "DG-0263",
        "name": "평광경로당",
        "gu": "서구",
        "facility_type": "경로당",
        "is_im_bank": false,
        "road_address": "대구광역시 서구 국채보상로50길 42-37",
        "kma_nx": 88,
        "kma_ny": 90,
        "source_geo_idn": "263",
        "geocode_result": "SUCC"
      }
    },
    {
      "type": "Feature",
      "id": "DG-0264",
      "geometry": {
        "type": "Point",
        "coordinates": [128.556797659754, 35.86734019498808]
      },
      "properties": {
        "id": "DG-0264",
        "name": "평리4동 행정복지센터",
        "gu": "서구",
        "facility_type": "행정복지센터",
        "is_im_bank": false,
        "road_address": "대구광역시 서구  국채보상로46길  37-3  (평리동)",
        "kma_nx": 88,
        "kma_ny": 90,
        "source_geo_idn": "264",
        "geocode_result": "SUCC"
      }
    },
    {
      "type": "Feature",
      "id": "DG-0265",
      "geometry": {
        "type": "Point",
        "coordinates": [128.5565813252932, 35.86805310384286]
      },
      "properties": {
        "id": "DG-0265",
        "name": "MG새마을금고 중평(본점)",
        "gu": "서구",
        "facility_type": "금융기관",
        "is_im_bank": false,
        "road_address": "대구광역시 서구  서대구로22길  10   (평리동)",
        "kma_nx": 88,
        "kma_ny": 90,
        "source_geo_idn": "265",
        "geocode_result": "SUCC"
      }
    },
    {
      "type": "Feature",
      "id": "DG-0266",
      "geometry": {
        "type": "Point",
        "coordinates": [128.55951531450225, 35.869979546819295]
      },
      "properties": {
        "id": "DG-0266",
        "name": "MG새마을금고 중평(제1지점)",
        "gu": "서구",
        "facility_type": "금융기관",
        "is_im_bank": false,
        "road_address": "대구광역시 서구  국채보상로50길  20   (평리동, 평리 푸르지오)",
        "kma_nx": 88,
        "kma_ny": 90,
        "source_geo_idn": "266",
        "geocode_result": "SUCC"
      }
    },
    {
      "type": "Feature",
      "id": "DG-0267",
      "geometry": {
        "type": "Point",
        "coordinates": [128.55571751948176, 35.86418935529038]
      },
      "properties": {
        "id": "DG-0267",
        "name": "MG새마을금고 중평(제 2지점)",
        "gu": "서구",
        "facility_type": "금융기관",
        "is_im_bank": false,
        "road_address": "대구광역시 서구  서대구로  77   (평리동, 평리청구타운)",
        "kma_nx": 88,
        "kma_ny": 90,
        "source_geo_idn": "267",
        "geocode_result": "SUCC"
      }
    },
    {
      "type": "Feature",
      "id": "DG-0268",
      "geometry": {
        "type": "Point",
        "coordinates": [128.5544231933497, 35.8752325659738]
      },
      "properties": {
        "id": "DG-0268",
        "name": "서대구농협 평리지점",
        "gu": "서구",
        "facility_type": "금융기관",
        "is_im_bank": false,
        "road_address": "대구광역시 서구  서대구로  195 , 서대구농협평리지점 (평리동)",
        "kma_nx": 88,
        "kma_ny": 91,
        "source_geo_idn": "268",
        "geocode_result": "SUCC"
      }
    },
    {
      "type": "Feature",
      "id": "DG-0269",
      "geometry": {
        "type": "Point",
        "coordinates": [128.54864318664886, 35.86952906938571]
      },
      "properties": {
        "id": "DG-0269",
        "name": "MG새마을금고 와룡(본점)",
        "gu": "서구",
        "facility_type": "금융기관",
        "is_im_bank": false,
        "road_address": "대구광역시 서구  국채보상로  161   (평리동)",
        "kma_nx": 88,
        "kma_ny": 90,
        "source_geo_idn": "269",
        "geocode_result": "SUCC"
      }
    },
    {
      "type": "Feature",
      "id": "DG-0270",
      "geometry": {
        "type": "Point",
        "coordinates": [128.55212789439423, 35.87176940076617]
      },
      "properties": {
        "id": "DG-0270",
        "name": "도기경로당",
        "gu": "서구",
        "facility_type": "경로당",
        "is_im_bank": false,
        "road_address": "대구광역시 서구 국채보상로39길 9-2",
        "kma_nx": 88,
        "kma_ny": 90,
        "source_geo_idn": "270",
        "geocode_result": "SUCC"
      }
    },
    {
      "type": "Feature",
      "id": "DG-0271",
      "geometry": {
        "type": "Point",
        "coordinates": [128.54874359727845, 35.873777593534804]
      },
      "properties": {
        "id": "DG-0271",
        "name": "평리5동 행정복지센터",
        "gu": "서구",
        "facility_type": "행정복지센터",
        "is_im_bank": false,
        "road_address": "대구광역시 서구  서대구로37길  48   (평리동)",
        "kma_nx": 88,
        "kma_ny": 91,
        "source_geo_idn": "271",
        "geocode_result": "SUCC"
      }
    },
    {
      "type": "Feature",
      "id": "DG-0272",
      "geometry": {
        "type": "Point",
        "coordinates": [128.54922081264647, 35.87121938519102]
      },
      "properties": {
        "id": "DG-0272",
        "name": "평오경로당",
        "gu": "서구",
        "facility_type": "경로당",
        "is_im_bank": false,
        "road_address": "대구광역시 서구 국채보상로37안길 22",
        "kma_nx": 88,
        "kma_ny": 90,
        "source_geo_idn": "272",
        "geocode_result": "SUCC"
      }
    },
    {
      "type": "Feature",
      "id": "DG-0273",
      "geometry": {
        "type": "Point",
        "coordinates": [128.55367754689044, 35.87696520893348]
      },
      "properties": {
        "id": "DG-0273",
        "name": "복지경로당",
        "gu": "서구",
        "facility_type": "경로당",
        "is_im_bank": false,
        "road_address": "대구광역시 서구  서대구로41길  10   (평리동)",
        "kma_nx": 88,
        "kma_ny": 91,
        "source_geo_idn": "273",
        "geocode_result": "SUCC"
      }
    },
    {
      "type": "Feature",
      "id": "DG-0274",
      "geometry": {
        "type": "Point",
        "coordinates": [128.55219253858036, 35.87871461470493]
      },
      "properties": {
        "id": "DG-0274",
        "name": "평리6동 행정복지센터",
        "gu": "서구",
        "facility_type": "행정복지센터",
        "is_im_bank": false,
        "road_address": "대구광역시 서구 서대구로45길 22",
        "kma_nx": 88,
        "kma_ny": 91,
        "source_geo_idn": "274",
        "geocode_result": "SUCC"
      }
    },
    {
      "type": "Feature",
      "id": "DG-0275",
      "geometry": {
        "type": "Point",
        "coordinates": [128.55025372061183, 35.8785450098473]
      },
      "properties": {
        "id": "DG-0275",
        "name": "DGB대구은행 평리동지점",
        "gu": "서구",
        "facility_type": "금융기관",
        "is_im_bank": true,
        "road_address": "대구광역시 서구  북비산로  156   (평리동)",
        "kma_nx": 88,
        "kma_ny": 91,
        "source_geo_idn": "275",
        "geocode_result": "SUCC"
      }
    },
    {
      "type": "Feature",
      "id": "DG-0276",
      "geometry": {
        "type": "Point",
        "coordinates": [128.54611359750518, 35.866977161022064]
      },
      "properties": {
        "id": "DG-0276",
        "name": "상중이동 행정복지센터",
        "gu": "서구",
        "facility_type": "행정복지센터",
        "is_im_bank": false,
        "road_address": "대구광역시 서구 당산로 343",
        "kma_nx": 88,
        "kma_ny": 90,
        "source_geo_idn": "276",
        "geocode_result": "SUCC"
      }
    },
    {
      "type": "Feature",
      "id": "DG-0277",
      "geometry": {
        "type": "Point",
        "coordinates": [128.54423639064095, 35.86791327450597]
      },
      "properties": {
        "id": "DG-0277",
        "name": "영어도서관",
        "gu": "서구",
        "facility_type": "기타",
        "is_im_bank": false,
        "road_address": "대구광역시 서구 평리로35길 90-6",
        "kma_nx": 88,
        "kma_ny": 90,
        "source_geo_idn": "277",
        "geocode_result": "SUCC"
      }
    },
    {
      "type": "Feature",
      "id": "DG-0278",
      "geometry": {
        "type": "Point",
        "coordinates": [128.55081062486, 35.868034032407905]
      },
      "properties": {
        "id": "DG-0278",
        "name": "중리상록경로당",
        "gu": "서구",
        "facility_type": "경로당",
        "is_im_bank": false,
        "road_address": "대구광역시 서구  국채보상로36길  16-2  (중리동)",
        "kma_nx": 88,
        "kma_ny": 90,
        "source_geo_idn": "278",
        "geocode_result": "SUCC"
      }
    },
    {
      "type": "Feature",
      "id": "DG-0279",
      "geometry": {
        "type": "Point",
        "coordinates": [128.5302862524841, 35.88285988157077]
      },
      "properties": {
        "id": "DG-0279",
        "name": "상리2동 경로당",
        "gu": "서구",
        "facility_type": "경로당",
        "is_im_bank": false,
        "road_address": "대구광역시 서구  가르뱅이로  63-24  (상리동)",
        "kma_nx": 88,
        "kma_ny": 91,
        "source_geo_idn": "279",
        "geocode_result": "SUCC"
      }
    },
    {
      "type": "Feature",
      "id": "DG-0280",
      "geometry": {
        "type": "Point",
        "coordinates": [128.57439618307478, 35.886802620081816]
      },
      "properties": {
        "id": "DG-0280",
        "name": "원대동 행정복지센터",
        "gu": "서구",
        "facility_type": "행정복지센터",
        "is_im_bank": false,
        "road_address": "대구광역시 서구  달서로55길  5   (원대동3가)",
        "kma_nx": 88,
        "kma_ny": 91,
        "source_geo_idn": "280",
        "geocode_result": "SUCC"
      }
    },
    {
      "type": "Feature",
      "id": "DG-0281",
      "geometry": {
        "type": "Point",
        "coordinates": [128.57888401476964, 35.88572360273963]
      },
      "properties": {
        "id": "DG-0281",
        "name": "서구제일종합사회복지관",
        "gu": "서구",
        "facility_type": "기타",
        "is_im_bank": false,
        "road_address": "대구광역시 서구 옥산로6길 9",
        "kma_nx": 88,
        "kma_ny": 91,
        "source_geo_idn": "281",
        "geocode_result": "SUCC"
      }
    },
    {
      "type": "Feature",
      "id": "DG-0282",
      "geometry": {
        "type": "Point",
        "coordinates": [128.57437399947517, 35.88545840474243]
      },
      "properties": {
        "id": "DG-0282",
        "name": "MG새마을금고 원대(본점)",
        "gu": "서구",
        "facility_type": "금융기관",
        "is_im_bank": false,
        "road_address": "대구광역시 서구  달서로  266-1  (원대동3가)",
        "kma_nx": 88,
        "kma_ny": 91,
        "source_geo_idn": "282",
        "geocode_result": "SUCC"
      }
    },
    {
      "type": "Feature",
      "id": "DG-0283",
      "geometry": {
        "type": "Point",
        "coordinates": [128.5782786853683, 35.882674882142496]
      },
      "properties": {
        "id": "DG-0283",
        "name": "MG새마을금고 원대(제1지점)",
        "gu": "서구",
        "facility_type": "금융기관",
        "is_im_bank": false,
        "road_address": "대구광역시 서구  달서천로83길  12-1  (원대동1가)",
        "kma_nx": 88,
        "kma_ny": 91,
        "source_geo_idn": "283",
        "geocode_result": "SUCC"
      }
    },
    {
      "type": "Feature",
      "id": "DG-0284",
      "geometry": {
        "type": "Point",
        "coordinates": [128.6037058530863, 35.85492166616647]
      },
      "properties": {
        "id": "DG-0284",
        "name": "DGB대구은행 대봉동지점",
        "gu": "남구",
        "facility_type": "금융기관",
        "is_im_bank": true,
        "road_address": "대구광역시 남구  명덕로  308   (이천동)",
        "kma_nx": 89,
        "kma_ny": 90,
        "source_geo_idn": "284",
        "geocode_result": "SUCC"
      }
    },
    {
      "type": "Feature",
      "id": "DG-0285",
      "geometry": {
        "type": "Point",
        "coordinates": [128.59941702697014, 35.85368119852356]
      },
      "properties": {
        "id": "DG-0285",
        "name": "이천동행정복지센터",
        "gu": "남구",
        "facility_type": "행정복지센터",
        "is_im_bank": false,
        "road_address": "대구광역시 남구  이천로28길  18 ,  이천동 주민센터 (이천동)",
        "kma_nx": 89,
        "kma_ny": 90,
        "source_geo_idn": "285",
        "geocode_result": "SUCC"
      }
    },
    {
      "type": "Feature",
      "id": "DG-0286",
      "geometry": {
        "type": "Point",
        "coordinates": [128.59879818918384, 35.85240981077047]
      },
      "properties": {
        "id": "DG-0286",
        "name": "이천어울림도서관",
        "gu": "남구",
        "facility_type": "기타",
        "is_im_bank": false,
        "road_address": "대구광역시 남구 이천로 124",
        "kma_nx": 89,
        "kma_ny": 90,
        "source_geo_idn": "286",
        "geocode_result": "SUCC"
      }
    },
    {
      "type": "Feature",
      "id": "DG-0287",
      "geometry": {
        "type": "Point",
        "coordinates": [128.6038121522723, 35.85360457687009]
      },
      "properties": {
        "id": "DG-0287",
        "name": "화수경로당",
        "gu": "남구",
        "facility_type": "경로당",
        "is_im_bank": false,
        "road_address": "대구광역시 남구  대봉로36길  17   (이천동)",
        "kma_nx": 89,
        "kma_ny": 90,
        "source_geo_idn": "287",
        "geocode_result": "SUCC"
      }
    },
    {
      "type": "Feature",
      "id": "DG-0288",
      "geometry": {
        "type": "Point",
        "coordinates": [128.59489460152116, 35.85381341825964]
      },
      "properties": {
        "id": "DG-0288",
        "name": "상아맨션 경로당",
        "gu": "남구",
        "facility_type": "경로당",
        "is_im_bank": false,
        "road_address": "대구광역시 남구 명덕로 236",
        "kma_nx": 89,
        "kma_ny": 90,
        "source_geo_idn": "288",
        "geocode_result": "SUCC"
      }
    },
    {
      "type": "Feature",
      "id": "DG-0289",
      "geometry": {
        "type": "Point",
        "coordinates": [128.59970941346197, 35.84840020046236]
      },
      "properties": {
        "id": "DG-0289",
        "name": "봉덕1동경로당",
        "gu": "남구",
        "facility_type": "경로당",
        "is_im_bank": false,
        "road_address": "대구광역시 남구  희망로3길  11-2  (봉덕동)",
        "kma_nx": 89,
        "kma_ny": 90,
        "source_geo_idn": "289",
        "geocode_result": "SUCC"
      }
    },
    {
      "type": "Feature",
      "id": "DG-0290",
      "geometry": {
        "type": "Point",
        "coordinates": [128.59491509972855, 35.8479845362143]
      },
      "properties": {
        "id": "DG-0290",
        "name": "봉명경로당",
        "gu": "남구",
        "facility_type": "경로당",
        "is_im_bank": false,
        "road_address": "대구광역시 남구  중앙대로34길  75   (봉덕동)",
        "kma_nx": 89,
        "kma_ny": 90,
        "source_geo_idn": "290",
        "geocode_result": "SUCC"
      }
    },
    {
      "type": "Feature",
      "id": "DG-0291",
      "geometry": {
        "type": "Point",
        "coordinates": [128.5978365425857, 35.84552704024909]
      },
      "properties": {
        "id": "DG-0291",
        "name": "남구청 민원실",
        "gu": "남구",
        "facility_type": "기타",
        "is_im_bank": false,
        "road_address": "대구광역시 남구 이천로 51",
        "kma_nx": 89,
        "kma_ny": 90,
        "source_geo_idn": "291",
        "geocode_result": "SUCC"
      }
    },
    {
      "type": "Feature",
      "id": "DG-0292",
      "geometry": {
        "type": "Point",
        "coordinates": [128.5978365425857, 35.84552704024909]
      },
      "properties": {
        "id": "DG-0292",
        "name": "봉덕1동행정복지센터",
        "gu": "남구",
        "facility_type": "행정복지센터",
        "is_im_bank": false,
        "road_address": "대구광역시 남구  이천로  51   (봉덕동)",
        "kma_nx": 89,
        "kma_ny": 90,
        "source_geo_idn": "292",
        "geocode_result": "SUCC"
      }
    },
    {
      "type": "Feature",
      "id": "DG-0293",
      "geometry": {
        "type": "Point",
        "coordinates": [128.60419940803624, 35.844036459283444]
      },
      "properties": {
        "id": "DG-0293",
        "name": "DGB대구은행 봉덕동지점",
        "gu": "남구",
        "facility_type": "금융기관",
        "is_im_bank": true,
        "road_address": "대구광역시 남구  대봉로  60   (봉덕동)",
        "kma_nx": 89,
        "kma_ny": 90,
        "source_geo_idn": "293",
        "geocode_result": "SUCC"
      }
    },
    {
      "type": "Feature",
      "id": "DG-0294",
      "geometry": {
        "type": "Point",
        "coordinates": [128.59087661493936, 35.84617451190566]
      },
      "properties": {
        "id": "DG-0294",
        "name": "KEB하나은행 봉덕동지점",
        "gu": "남구",
        "facility_type": "금융기관",
        "is_im_bank": false,
        "road_address": "대구광역시 남구  중앙대로  146 ,  한국외환은행 (봉덕동)",
        "kma_nx": 89,
        "kma_ny": 90,
        "source_geo_idn": "294",
        "geocode_result": "SUCC"
      }
    },
    {
      "type": "Feature",
      "id": "DG-0295",
      "geometry": {
        "type": "Point",
        "coordinates": [128.60412438949768, 35.8447079130269]
      },
      "properties": {
        "id": "DG-0295",
        "name": "NH농협은행 봉덕동지점",
        "gu": "남구",
        "facility_type": "금융기관",
        "is_im_bank": false,
        "road_address": "대구광역시 남구  봉덕로  125   (봉덕동)",
        "kma_nx": 89,
        "kma_ny": 90,
        "source_geo_idn": "295",
        "geocode_result": "SUCC"
      }
    },
    {
      "type": "Feature",
      "id": "DG-0296",
      "geometry": {
        "type": "Point",
        "coordinates": [128.60350382449076, 35.83829283056532]
      },
      "properties": {
        "id": "DG-0296",
        "name": "DGB대구은행 효성타운지점",
        "gu": "남구",
        "facility_type": "금융기관",
        "is_im_bank": true,
        "road_address": "대구광역시 남구  효성중앙길  37 , 상가 (봉덕동, 효성타운)",
        "kma_nx": 89,
        "kma_ny": 90,
        "source_geo_idn": "296",
        "geocode_result": "SUCC"
      }
    },
    {
      "type": "Feature",
      "id": "DG-0297",
      "geometry": {
        "type": "Point",
        "coordinates": [128.6011139564302, 35.84382890264811]
      },
      "properties": {
        "id": "DG-0297",
        "name": "봉덕2동행정복지센터",
        "gu": "남구",
        "facility_type": "행정복지센터",
        "is_im_bank": false,
        "road_address": "대구광역시 남구  이천로10길  50 ,  봉덕2동주민센터 (봉덕동)",
        "kma_nx": 89,
        "kma_ny": 90,
        "source_geo_idn": "297",
        "geocode_result": "SUCC"
      }
    },
    {
      "type": "Feature",
      "id": "DG-0298",
      "geometry": {
        "type": "Point",
        "coordinates": [128.6011139564302, 35.84382890264811]
      },
      "properties": {
        "id": "DG-0298",
        "name": "남부경로당",
        "gu": "남구",
        "facility_type": "경로당",
        "is_im_bank": false,
        "road_address": "대구광역시 남구  이천로10길  50   (봉덕동)",
        "kma_nx": 89,
        "kma_ny": 90,
        "source_geo_idn": "298",
        "geocode_result": "SUCC"
      }
    },
    {
      "type": "Feature",
      "id": "DG-0299",
      "geometry": {
        "type": "Point",
        "coordinates": [128.60361761235424, 35.83141015616872]
      },
      "properties": {
        "id": "DG-0299",
        "name": "고산골경로당",
        "gu": "남구",
        "facility_type": "경로당",
        "is_im_bank": false,
        "road_address": "대구광역시 남구  용두길  89-1  (봉덕동)",
        "kma_nx": 89,
        "kma_ny": 90,
        "source_geo_idn": "299",
        "geocode_result": "SUCC"
      }
    },
    {
      "type": "Feature",
      "id": "DG-0300",
      "geometry": {
        "type": "Point",
        "coordinates": [128.59380919489826, 35.83409271041544]
      },
      "properties": {
        "id": "DG-0300",
        "name": "대덕2차아파트경로당",
        "gu": "남구",
        "facility_type": "경로당",
        "is_im_bank": false,
        "road_address": "대구광역시 남구  앞산순환로  655   (봉덕동, 보성대덕2차아파트)",
        "kma_nx": 89,
        "kma_ny": 90,
        "source_geo_idn": "300",
        "geocode_result": "SUCC"
      }
    },
    {
      "type": "Feature",
      "id": "DG-0301",
      "geometry": {
        "type": "Point",
        "coordinates": [128.59450273919185, 35.836011965220266]
      },
      "properties": {
        "id": "DG-0301",
        "name": "봉삼경로당",
        "gu": "남구",
        "facility_type": "경로당",
        "is_im_bank": false,
        "road_address": "대구광역시 남구  삼정4길  89 , 봉삼경로당 (봉덕동)",
        "kma_nx": 89,
        "kma_ny": 90,
        "source_geo_idn": "301",
        "geocode_result": "SUCC"
      }
    },
    {
      "type": "Feature",
      "id": "DG-0302",
      "geometry": {
        "type": "Point",
        "coordinates": [128.59594141280942, 35.84241984544464]
      },
      "properties": {
        "id": "DG-0302",
        "name": "봉덕3동행정복지센터",
        "gu": "남구",
        "facility_type": "행정복지센터",
        "is_im_bank": false,
        "road_address": "대구광역시 남구  중앙대로22길  100 , 봉덕3동 주민센터 (봉덕동)",
        "kma_nx": 89,
        "kma_ny": 90,
        "source_geo_idn": "302",
        "geocode_result": "SUCC"
      }
    },
    {
      "type": "Feature",
      "id": "DG-0303",
      "geometry": {
        "type": "Point",
        "coordinates": [128.59859741987833, 35.84262964622005]
      },
      "properties": {
        "id": "DG-0303",
        "name": "동대구농협 봉덕동지점",
        "gu": "남구",
        "facility_type": "금융기관",
        "is_im_bank": false,
        "road_address": "대구광역시 남구  중앙대로22길  143   (봉덕동)",
        "kma_nx": 89,
        "kma_ny": 90,
        "source_geo_idn": "303",
        "geocode_result": "SUCC"
      }
    },
    {
      "type": "Feature",
      "id": "DG-0304",
      "geometry": {
        "type": "Point",
        "coordinates": [128.57877301048896, 35.839946835658715]
      },
      "properties": {
        "id": "DG-0304",
        "name": "DGB대구은행 대덕지점",
        "gu": "남구",
        "facility_type": "금융기관",
        "is_im_bank": true,
        "road_address": "대구광역시 남구  대명로  195 ,  대구은행 (대명동)",
        "kma_nx": 89,
        "kma_ny": 90,
        "source_geo_idn": "304",
        "geocode_result": "SUCC"
      }
    },
    {
      "type": "Feature",
      "id": "DG-0305",
      "geometry": {
        "type": "Point",
        "coordinates": [128.57355322417817, 35.84171668329327]
      },
      "properties": {
        "id": "DG-0305",
        "name": "대명1동행정복지센터",
        "gu": "남구",
        "facility_type": "행정복지센터",
        "is_im_bank": false,
        "road_address": "대구광역시 남구 두류공원로 38",
        "kma_nx": 88,
        "kma_ny": 90,
        "source_geo_idn": "305",
        "geocode_result": "SUCC"
      }
    },
    {
      "type": "Feature",
      "id": "DG-0306",
      "geometry": {
        "type": "Point",
        "coordinates": [128.57694280792057, 35.840522374799555]
      },
      "properties": {
        "id": "DG-0306",
        "name": "대명1동경로당",
        "gu": "남구",
        "facility_type": "경로당",
        "is_im_bank": false,
        "road_address": "대구광역시 남구 장전3길 84-3",
        "kma_nx": 88,
        "kma_ny": 90,
        "source_geo_idn": "306",
        "geocode_result": "SUCC"
      }
    },
    {
      "type": "Feature",
      "id": "DG-0307",
      "geometry": {
        "type": "Point",
        "coordinates": [128.57817447407297, 35.84280593539833]
      },
      "properties": {
        "id": "DG-0307",
        "name": "무궁화경로당",
        "gu": "남구",
        "facility_type": "경로당",
        "is_im_bank": false,
        "road_address": "대구광역시 남구  현충로23길  23 ,  무궁화공원 (대명동)",
        "kma_nx": 89,
        "kma_ny": 90,
        "source_geo_idn": "307",
        "geocode_result": "SUCC"
      }
    },
    {
      "type": "Feature",
      "id": "DG-0308",
      "geometry": {
        "type": "Point",
        "coordinates": [128.58903462111044, 35.85437048632665]
      },
      "properties": {
        "id": "DG-0308",
        "name": "명덕경로당",
        "gu": "남구",
        "facility_type": "경로당",
        "is_im_bank": false,
        "road_address": "대구광역시 남구  명덕로38길  51 ,  명덕경로당 (대명동)",
        "kma_nx": 89,
        "kma_ny": 90,
        "source_geo_idn": "308",
        "geocode_result": "SUCC"
      }
    },
    {
      "type": "Feature",
      "id": "DG-0309",
      "geometry": {
        "type": "Point",
        "coordinates": [128.59352709151503, 35.852739378205136]
      },
      "properties": {
        "id": "DG-0309",
        "name": "영선경로당",
        "gu": "남구",
        "facility_type": "경로당",
        "is_im_bank": false,
        "road_address": "대구광역시 남구  중앙대로50길  40   (대명동)",
        "kma_nx": 89,
        "kma_ny": 90,
        "source_geo_idn": "309",
        "geocode_result": "SUCC"
      }
    },
    {
      "type": "Feature",
      "id": "DG-0310",
      "geometry": {
        "type": "Point",
        "coordinates": [128.58632280476925, 35.85515608133096]
      },
      "properties": {
        "id": "DG-0310",
        "name": "대명2동행정복지센터",
        "gu": "남구",
        "facility_type": "행정복지센터",
        "is_im_bank": false,
        "road_address": "대구광역시 남구  명덕로32길  30   (대명동)",
        "kma_nx": 89,
        "kma_ny": 90,
        "source_geo_idn": "310",
        "geocode_result": "SUCC"
      }
    },
    {
      "type": "Feature",
      "id": "DG-0311",
      "geometry": {
        "type": "Point",
        "coordinates": [128.59094978699588, 35.852939349794035]
      },
      "properties": {
        "id": "DG-0311",
        "name": "동대구농협 교대역지점",
        "gu": "남구",
        "facility_type": "금융기관",
        "is_im_bank": false,
        "road_address": "대구광역시 남구  중앙대로  220   (대명동)",
        "kma_nx": 89,
        "kma_ny": 90,
        "source_geo_idn": "311",
        "geocode_result": "SUCC"
      }
    },
    {
      "type": "Feature",
      "id": "DG-0312",
      "geometry": {
        "type": "Point",
        "coordinates": [128.5790577620965, 35.85229964146039]
      },
      "properties": {
        "id": "DG-0312",
        "name": "대명3동행정복지센터",
        "gu": "남구",
        "facility_type": "행정복지센터",
        "is_im_bank": false,
        "road_address": "대구광역시 남구  명덕로20길  115 , 대명3동주민센터 (대명동)",
        "kma_nx": 89,
        "kma_ny": 90,
        "source_geo_idn": "312",
        "geocode_result": "SUCC"
      }
    },
    {
      "type": "Feature",
      "id": "DG-0313",
      "geometry": {
        "type": "Point",
        "coordinates": [128.57615030423827, 35.85192690013048]
      },
      "properties": {
        "id": "DG-0313",
        "name": "양지경로당",
        "gu": "남구",
        "facility_type": "경로당",
        "is_im_bank": false,
        "road_address": "대구광역시 남구  명덕로12길  133-1  (대명동)",
        "kma_nx": 88,
        "kma_ny": 90,
        "source_geo_idn": "313",
        "geocode_result": "SUCC"
      }
    },
    {
      "type": "Feature",
      "id": "DG-0314",
      "geometry": {
        "type": "Point",
        "coordinates": [128.58266628404246, 35.85074183191146]
      },
      "properties": {
        "id": "DG-0314",
        "name": "대덕경로당",
        "gu": "남구",
        "facility_type": "경로당",
        "is_im_bank": false,
        "road_address": "대구광역시 남구  삼각지5길  17   (대명동)",
        "kma_nx": 89,
        "kma_ny": 90,
        "source_geo_idn": "314",
        "geocode_result": "SUCC"
      }
    },
    {
      "type": "Feature",
      "id": "DG-0315",
      "geometry": {
        "type": "Point",
        "coordinates": [128.57137208586403, 35.84762072644756]
      },
      "properties": {
        "id": "DG-0315",
        "name": "일심경로당",
        "gu": "남구",
        "facility_type": "경로당",
        "is_im_bank": false,
        "road_address": "대구광역시 남구  성명공원길  49   (대명동)",
        "kma_nx": 88,
        "kma_ny": 90,
        "source_geo_idn": "315",
        "geocode_result": "SUCC"
      }
    },
    {
      "type": "Feature",
      "id": "DG-0316",
      "geometry": {
        "type": "Point",
        "coordinates": [128.57526236416155, 35.84979020928089]
      },
      "properties": {
        "id": "DG-0316",
        "name": "대명4동경로당",
        "gu": "남구",
        "facility_type": "경로당",
        "is_im_bank": false,
        "road_address": "대구광역시 남구  대경5길  101-2  (대명동)",
        "kma_nx": 88,
        "kma_ny": 90,
        "source_geo_idn": "316",
        "geocode_result": "SUCC"
      }
    },
    {
      "type": "Feature",
      "id": "DG-0317",
      "geometry": {
        "type": "Point",
        "coordinates": [128.5695066110066, 35.84596897374769]
      },
      "properties": {
        "id": "DG-0317",
        "name": "대명4동행정복지센터",
        "gu": "남구",
        "facility_type": "행정복지센터",
        "is_im_bank": false,
        "road_address": "대구광역시 남구  두류공원로20길  19 , 대명4동 주민센터 (대명동)",
        "kma_nx": 88,
        "kma_ny": 90,
        "source_geo_idn": "317",
        "geocode_result": "SUCC"
      }
    },
    {
      "type": "Feature",
      "id": "DG-0318",
      "geometry": {
        "type": "Point",
        "coordinates": [128.57239874882154, 35.8498385384082]
      },
      "properties": {
        "id": "DG-0318",
        "name": "DGB대구은행 성당시장지점",
        "gu": "남구",
        "facility_type": "금융기관",
        "is_im_bank": true,
        "road_address": "대구광역시 남구  대경길  7   (대명동)",
        "kma_nx": 88,
        "kma_ny": 90,
        "source_geo_idn": "318",
        "geocode_result": "SUCC"
      }
    },
    {
      "type": "Feature",
      "id": "DG-0319",
      "geometry": {
        "type": "Point",
        "coordinates": [128.5901796317249, 35.846522570647664]
      },
      "properties": {
        "id": "DG-0319",
        "name": "DGB대구은행 대명동지점",
        "gu": "남구",
        "facility_type": "금융기관",
        "is_im_bank": true,
        "road_address": "대구광역시 남구  중앙대로  147   (대명동)",
        "kma_nx": 89,
        "kma_ny": 90,
        "source_geo_idn": "319",
        "geocode_result": "SUCC"
      }
    },
    {
      "type": "Feature",
      "id": "DG-0320",
      "geometry": {
        "type": "Point",
        "coordinates": [128.58780303431016, 35.84323417744988]
      },
      "properties": {
        "id": "DG-0320",
        "name": "대명5동주민센터",
        "gu": "남구",
        "facility_type": "행정복지센터",
        "is_im_bank": false,
        "road_address": "대구광역시 남구  대명로58길  11 ,  대명5동주민센터 (대명동)",
        "kma_nx": 89,
        "kma_ny": 90,
        "source_geo_idn": "320",
        "geocode_result": "SUCC"
      }
    },
    {
      "type": "Feature",
      "id": "DG-0321",
      "geometry": {
        "type": "Point",
        "coordinates": [128.5880633734581, 35.84319108601247]
      },
      "properties": {
        "id": "DG-0321",
        "name": "명오당경로당",
        "gu": "남구",
        "facility_type": "경로당",
        "is_im_bank": false,
        "road_address": "대구광역시 남구 대명남2길 59-4",
        "kma_nx": 89,
        "kma_ny": 90,
        "source_geo_idn": "321",
        "geocode_result": "SUCC"
      }
    },
    {
      "type": "Feature",
      "id": "DG-0322",
      "geometry": {
        "type": "Point",
        "coordinates": [128.56771398952827, 35.83789283770856]
      },
      "properties": {
        "id": "DG-0322",
        "name": "대복경로당",
        "gu": "남구",
        "facility_type": "경로당",
        "is_im_bank": false,
        "road_address": "대구광역시 남구 대명로20길 28",
        "kma_nx": 88,
        "kma_ny": 90,
        "source_geo_idn": "322",
        "geocode_result": "SUCC"
      }
    },
    {
      "type": "Feature",
      "id": "DG-0323",
      "geometry": {
        "type": "Point",
        "coordinates": [128.56186349351998, 35.83707869414349]
      },
      "properties": {
        "id": "DG-0323",
        "name": "곡내경로당",
        "gu": "남구",
        "facility_type": "경로당",
        "is_im_bank": false,
        "road_address": "대구광역시 남구 골안길 33-1",
        "kma_nx": 88,
        "kma_ny": 90,
        "source_geo_idn": "323",
        "geocode_result": "SUCC"
      }
    },
    {
      "type": "Feature",
      "id": "DG-0324",
      "geometry": {
        "type": "Point",
        "coordinates": [128.56609183201772, 35.83509158585638]
      },
      "properties": {
        "id": "DG-0324",
        "name": "대명6동행정복지센터",
        "gu": "남구",
        "facility_type": "행정복지센터",
        "is_im_bank": false,
        "road_address": "대구광역시 남구 대명남로 73",
        "kma_nx": 88,
        "kma_ny": 90,
        "source_geo_idn": "324",
        "geocode_result": "SUCC"
      }
    },
    {
      "type": "Feature",
      "id": "DG-0325",
      "geometry": {
        "type": "Point",
        "coordinates": [128.57903837626674, 35.837254318187604]
      },
      "properties": {
        "id": "DG-0325",
        "name": "대명9동행정복지센터",
        "gu": "남구",
        "facility_type": "행정복지센터",
        "is_im_bank": false,
        "road_address": "대구광역시 남구  큰골길  53 ,  대명9동주민센터 (대명동)",
        "kma_nx": 89,
        "kma_ny": 90,
        "source_geo_idn": "325",
        "geocode_result": "SUCC"
      }
    },
    {
      "type": "Feature",
      "id": "DG-0326",
      "geometry": {
        "type": "Point",
        "coordinates": [128.58561259952208, 35.83483196053144]
      },
      "properties": {
        "id": "DG-0326",
        "name": "청록타운경로당",
        "gu": "남구",
        "facility_type": "경로당",
        "is_im_bank": false,
        "road_address": "대구광역시 남구  큰골길  198 ,  보성청록타운 (대명동)",
        "kma_nx": 89,
        "kma_ny": 90,
        "source_geo_idn": "326",
        "geocode_result": "SUCC"
      }
    },
    {
      "type": "Feature",
      "id": "DG-0327",
      "geometry": {
        "type": "Point",
        "coordinates": [128.57903837626674, 35.837254318187604]
      },
      "properties": {
        "id": "DG-0327",
        "name": "대명9동 경로당",
        "gu": "남구",
        "facility_type": "경로당",
        "is_im_bank": false,
        "road_address": "대구광역시 남구 큰골길 53",
        "kma_nx": 89,
        "kma_ny": 90,
        "source_geo_idn": "327",
        "geocode_result": "SUCC"
      }
    },
    {
      "type": "Feature",
      "id": "DG-0328",
      "geometry": {
        "type": "Point",
        "coordinates": [128.57578043873534, 35.83882904546715]
      },
      "properties": {
        "id": "DG-0328",
        "name": "동대구농협 대명지점",
        "gu": "남구",
        "facility_type": "금융기관",
        "is_im_bank": false,
        "road_address": "대구광역시 남구  대명로  164   (대명동)",
        "kma_nx": 88,
        "kma_ny": 90,
        "source_geo_idn": "328",
        "geocode_result": "SUCC"
      }
    },
    {
      "type": "Feature",
      "id": "DG-0329",
      "geometry": {
        "type": "Point",
        "coordinates": [128.56002403035157, 35.83854083043992]
      },
      "properties": {
        "id": "DG-0329",
        "name": "DGB대구은행 성명지점",
        "gu": "남구",
        "facility_type": "금융기관",
        "is_im_bank": true,
        "road_address": "대구광역시 남구  대명로  23   (대명동)",
        "kma_nx": 88,
        "kma_ny": 90,
        "source_geo_idn": "329",
        "geocode_result": "SUCC"
      }
    },
    {
      "type": "Feature",
      "id": "DG-0330",
      "geometry": {
        "type": "Point",
        "coordinates": [128.56485035047305, 35.84062280854436]
      },
      "properties": {
        "id": "DG-0330",
        "name": "대명10동경로당",
        "gu": "남구",
        "facility_type": "경로당",
        "is_im_bank": false,
        "road_address": "대구광역시 남구  도촌길  150   (대명동)",
        "kma_nx": 88,
        "kma_ny": 90,
        "source_geo_idn": "330",
        "geocode_result": "SUCC"
      }
    },
    {
      "type": "Feature",
      "id": "DG-0331",
      "geometry": {
        "type": "Point",
        "coordinates": [128.5726938379825, 35.84034376926359]
      },
      "properties": {
        "id": "DG-0331",
        "name": "명성경로당",
        "gu": "남구",
        "facility_type": "경로당",
        "is_im_bank": false,
        "road_address": "대구광역시 남구  두류공원로5길  42-8  (대명동)",
        "kma_nx": 88,
        "kma_ny": 90,
        "source_geo_idn": "331",
        "geocode_result": "SUCC"
      }
    },
    {
      "type": "Feature",
      "id": "DG-0332",
      "geometry": {
        "type": "Point",
        "coordinates": [128.5689557183164, 35.84002857748665]
      },
      "properties": {
        "id": "DG-0332",
        "name": "대명10동행정복지센터",
        "gu": "남구",
        "facility_type": "행정복지센터",
        "is_im_bank": false,
        "road_address": "대구광역시 남구  대명복개로4길  166 ,  대명10동주민센터 (대명동)",
        "kma_nx": 88,
        "kma_ny": 90,
        "source_geo_idn": "332",
        "geocode_result": "SUCC"
      }
    },
    {
      "type": "Feature",
      "id": "DG-0333",
      "geometry": {
        "type": "Point",
        "coordinates": [128.56063413733088, 35.83624037603231]
      },
      "properties": {
        "id": "DG-0333",
        "name": "대명11동행정복지센터",
        "gu": "남구",
        "facility_type": "행정복지센터",
        "is_im_bank": false,
        "road_address": "대구광역시 남구  관문시장4길  53 , 대명11동주민센터 (대명동)",
        "kma_nx": 88,
        "kma_ny": 90,
        "source_geo_idn": "333",
        "geocode_result": "SUCC"
      }
    },
    {
      "type": "Feature",
      "id": "DG-0334",
      "geometry": {
        "type": "Point",
        "coordinates": [128.56406158822801, 35.832692129205824]
      },
      "properties": {
        "id": "DG-0334",
        "name": "대명11동경로당",
        "gu": "남구",
        "facility_type": "경로당",
        "is_im_bank": false,
        "road_address": "대구광역시 남구 대명역6길 48",
        "kma_nx": 88,
        "kma_ny": 90,
        "source_geo_idn": "334",
        "geocode_result": "SUCC"
      }
    },
    {
      "type": "Feature",
      "id": "DG-0335",
      "geometry": {
        "type": "Point",
        "coordinates": [128.58620792767476, 35.878273760386236]
      },
      "properties": {
        "id": "DG-0335",
        "name": "고성1가경로당",
        "gu": "북구",
        "facility_type": "경로당",
        "is_im_bank": false,
        "road_address": "대구광역시 북구  칠성남로12길  20-10  (고성동1가)",
        "kma_nx": 89,
        "kma_ny": 91,
        "source_geo_idn": "335",
        "geocode_result": "SUCC"
      }
    },
    {
      "type": "Feature",
      "id": "DG-0336",
      "geometry": {
        "type": "Point",
        "coordinates": [128.58350645297875, 35.8818454969591]
      },
      "properties": {
        "id": "DG-0336",
        "name": "고성동주민센터",
        "gu": "북구",
        "facility_type": "행정복지센터",
        "is_im_bank": false,
        "road_address": "대구광역시 북구  고성로31길  21 , 고성동 주민센터 (고성동3가)",
        "kma_nx": 89,
        "kma_ny": 91,
        "source_geo_idn": "336",
        "geocode_result": "SUCC"
      }
    },
    {
      "type": "Feature",
      "id": "DG-0337",
      "geometry": {
        "type": "Point",
        "coordinates": [128.58350645297875, 35.8818454969591]
      },
      "properties": {
        "id": "DG-0337",
        "name": "고성동주민자치센터",
        "gu": "북구",
        "facility_type": "기타",
        "is_im_bank": false,
        "road_address": "대구광역시 북구  고성로31길  21 , 고성동 주민센터 (고성동3가)",
        "kma_nx": 89,
        "kma_ny": 91,
        "source_geo_idn": "337",
        "geocode_result": "SUCC"
      }
    },
    {
      "type": "Feature",
      "id": "DG-0338",
      "geometry": {
        "type": "Point",
        "coordinates": [128.58933974096246, 35.88317421849469]
      },
      "properties": {
        "id": "DG-0338",
        "name": "대구은행 도시공사지점",
        "gu": "북구",
        "facility_type": "금융기관",
        "is_im_bank": true,
        "road_address": "대구광역시 북구  침산로  73 , 도시개발공사 사옥 (고성동3가)",
        "kma_nx": 89,
        "kma_ny": 91,
        "source_geo_idn": "338",
        "geocode_result": "SUCC"
      }
    },
    {
      "type": "Feature",
      "id": "DG-0339",
      "geometry": {
        "type": "Point",
        "coordinates": [128.58256822039354, 35.88121625104878]
      },
      "properties": {
        "id": "DG-0339",
        "name": "새마을금고 고성지점",
        "gu": "북구",
        "facility_type": "금융기관",
        "is_im_bank": false,
        "road_address": "대구광역시 북구  고성로  153   (고성동3가)",
        "kma_nx": 89,
        "kma_ny": 91,
        "source_geo_idn": "339",
        "geocode_result": "SUCC"
      }
    },
    {
      "type": "Feature",
      "id": "DG-0340",
      "geometry": {
        "type": "Point",
        "coordinates": [128.58821811166314, 35.88445426124248]
      },
      "properties": {
        "id": "DG-0340",
        "name": "대구은행 제2본점",
        "gu": "북구",
        "facility_type": "금융기관",
        "is_im_bank": true,
        "road_address": "대구광역시 북구 옥산로 111",
        "kma_nx": 89,
        "kma_ny": 91,
        "source_geo_idn": "340",
        "geocode_result": "SUCC"
      }
    },
    {
      "type": "Feature",
      "id": "DG-0341",
      "geometry": {
        "type": "Point",
        "coordinates": [128.59501100608966, 35.878402276596844]
      },
      "properties": {
        "id": "DG-0341",
        "name": "대구은행 통일로지점",
        "gu": "북구",
        "facility_type": "금융기관",
        "is_im_bank": true,
        "road_address": "대구광역시 북구  중앙대로  507   (칠성동2가)",
        "kma_nx": 89,
        "kma_ny": 91,
        "source_geo_idn": "341",
        "geocode_result": "SUCC"
      }
    },
    {
      "type": "Feature",
      "id": "DG-0342",
      "geometry": {
        "type": "Point",
        "coordinates": [128.60001903294358, 35.87922238121168]
      },
      "properties": {
        "id": "DG-0342",
        "name": "칠성동주민센터",
        "gu": "북구",
        "facility_type": "행정복지센터",
        "is_im_bank": false,
        "road_address": "대구광역시 북구  칠성로19길  4 , 칠성동 주민센터 (칠성동2가)",
        "kma_nx": 89,
        "kma_ny": 91,
        "source_geo_idn": "342",
        "geocode_result": "SUCC"
      }
    },
    {
      "type": "Feature",
      "id": "DG-0343",
      "geometry": {
        "type": "Point",
        "coordinates": [128.60001903294358, 35.87922238121168]
      },
      "properties": {
        "id": "DG-0343",
        "name": "칠성동주민자치센터",
        "gu": "북구",
        "facility_type": "기타",
        "is_im_bank": false,
        "road_address": "대구광역시 북구  칠성로19길  4 , 칠성동 주민센터 (칠성동2가)",
        "kma_nx": 89,
        "kma_ny": 91,
        "source_geo_idn": "343",
        "geocode_result": "SUCC"
      }
    },
    {
      "type": "Feature",
      "id": "DG-0344",
      "geometry": {
        "type": "Point",
        "coordinates": [128.60225969615783, 35.87480214845104]
      },
      "properties": {
        "id": "DG-0344",
        "name": "칠성1가경로당",
        "gu": "북구",
        "facility_type": "경로당",
        "is_im_bank": false,
        "road_address": "대구광역시 북구  칠성시장로1길  60-3  (칠성동1가)",
        "kma_nx": 89,
        "kma_ny": 91,
        "source_geo_idn": "344",
        "geocode_result": "SUCC"
      }
    },
    {
      "type": "Feature",
      "id": "DG-0345",
      "geometry": {
        "type": "Point",
        "coordinates": [128.60046150870792, 35.88030145875889]
      },
      "properties": {
        "id": "DG-0345",
        "name": "칠성2가2동경로당",
        "gu": "북구",
        "facility_type": "경로당",
        "is_im_bank": false,
        "road_address": "대구광역시 북구  공평로  179-6  (칠성동2가)",
        "kma_nx": 89,
        "kma_ny": 91,
        "source_geo_idn": "345",
        "geocode_result": "SUCC"
      }
    },
    {
      "type": "Feature",
      "id": "DG-0346",
      "geometry": {
        "type": "Point",
        "coordinates": [128.59187082501, 35.87862417005044]
      },
      "properties": {
        "id": "DG-0346",
        "name": "칠성휴먼시아경로당",
        "gu": "북구",
        "facility_type": "경로당",
        "is_im_bank": false,
        "road_address": "대구광역시 북구  칠성남로  101   (칠성동2가)",
        "kma_nx": 89,
        "kma_ny": 91,
        "source_geo_idn": "346",
        "geocode_result": "SUCC"
      }
    },
    {
      "type": "Feature",
      "id": "DG-0347",
      "geometry": {
        "type": "Point",
        "coordinates": [128.583354857059, 35.8953646255828]
      },
      "properties": {
        "id": "DG-0347",
        "name": "오봉경로당",
        "gu": "북구",
        "facility_type": "경로당",
        "is_im_bank": false,
        "road_address": "대구광역시 북구 오봉로22길 46-7",
        "kma_nx": 89,
        "kma_ny": 91,
        "source_geo_idn": "347",
        "geocode_result": "SUCC"
      }
    },
    {
      "type": "Feature",
      "id": "DG-0348",
      "geometry": {
        "type": "Point",
        "coordinates": [128.5811981730566, 35.8913919773325]
      },
      "properties": {
        "id": "DG-0348",
        "name": "침산경로당",
        "gu": "북구",
        "facility_type": "경로당",
        "is_im_bank": false,
        "road_address": "대구광역시 북구 침산남로서9길 6-4",
        "kma_nx": 89,
        "kma_ny": 91,
        "source_geo_idn": "348",
        "geocode_result": "SUCC"
      }
    },
    {
      "type": "Feature",
      "id": "DG-0349",
      "geometry": {
        "type": "Point",
        "coordinates": [128.58135403046438, 35.89031936822343]
      },
      "properties": {
        "id": "DG-0349",
        "name": "침산1동주민센터",
        "gu": "북구",
        "facility_type": "행정복지센터",
        "is_im_bank": false,
        "road_address": "대구광역시 북구  침산남로13길  16 , 침산1동 주민센터 (침산동)",
        "kma_nx": 89,
        "kma_ny": 91,
        "source_geo_idn": "349",
        "geocode_result": "SUCC"
      }
    },
    {
      "type": "Feature",
      "id": "DG-0350",
      "geometry": {
        "type": "Point",
        "coordinates": [128.59699165067056, 35.88726841296992]
      },
      "properties": {
        "id": "DG-0350",
        "name": "침산2동 주민센터",
        "gu": "북구",
        "facility_type": "행정복지센터",
        "is_im_bank": false,
        "road_address": "대구광역시 북구  침산남로  195 , 침산2동 주민센터 (침산동)",
        "kma_nx": 89,
        "kma_ny": 91,
        "source_geo_idn": "350",
        "geocode_result": "SUCC"
      }
    },
    {
      "type": "Feature",
      "id": "DG-0351",
      "geometry": {
        "type": "Point",
        "coordinates": [128.59964666243204, 35.886032755399114]
      },
      "properties": {
        "id": "DG-0351",
        "name": "옥산할머니경로당",
        "gu": "북구",
        "facility_type": "경로당",
        "is_im_bank": false,
        "road_address": "대구광역시 북구  침산남로44길  7-3  (침산동)",
        "kma_nx": 89,
        "kma_ny": 91,
        "source_geo_idn": "351",
        "geocode_result": "SUCC"
      }
    },
    {
      "type": "Feature",
      "id": "DG-0352",
      "geometry": {
        "type": "Point",
        "coordinates": [128.5996908447331, 35.88448581025047]
      },
      "properties": {
        "id": "DG-0352",
        "name": "옥산경로당",
        "gu": "북구",
        "facility_type": "경로당",
        "is_im_bank": false,
        "road_address": "대구광역시 북구  칠성시장로25길  15   (침산동)",
        "kma_nx": 89,
        "kma_ny": 91,
        "source_geo_idn": "352",
        "geocode_result": "SUCC"
      }
    },
    {
      "type": "Feature",
      "id": "DG-0353",
      "geometry": {
        "type": "Point",
        "coordinates": [128.59296905796344, 35.88967201800104]
      },
      "properties": {
        "id": "DG-0353",
        "name": "침산2동 경로당",
        "gu": "북구",
        "facility_type": "경로당",
        "is_im_bank": false,
        "road_address": "대구광역시 북구 침산남로31길 15-9",
        "kma_nx": 89,
        "kma_ny": 91,
        "source_geo_idn": "353",
        "geocode_result": "SUCC"
      }
    },
    {
      "type": "Feature",
      "id": "DG-0354",
      "geometry": {
        "type": "Point",
        "coordinates": [128.59775253082915, 35.88721864124088]
      },
      "properties": {
        "id": "DG-0354",
        "name": "SC제일은행 침산동지점",
        "gu": "북구",
        "facility_type": "금융기관",
        "is_im_bank": false,
        "road_address": "대구광역시 북구  침산남로  201   (침산동)",
        "kma_nx": 89,
        "kma_ny": 91,
        "source_geo_idn": "354",
        "geocode_result": "SUCC"
      }
    },
    {
      "type": "Feature",
      "id": "DG-0355",
      "geometry": {
        "type": "Point",
        "coordinates": [128.59464000836385, 35.88773221253812]
      },
      "properties": {
        "id": "DG-0355",
        "name": "침산새마을금고 침산2동지점",
        "gu": "북구",
        "facility_type": "금융기관",
        "is_im_bank": false,
        "road_address": "대구광역시 북구  침산남로  173   (침산동)",
        "kma_nx": 89,
        "kma_ny": 91,
        "source_geo_idn": "355",
        "geocode_result": "SUCC"
      }
    },
    {
      "type": "Feature",
      "id": "DG-0356",
      "geometry": {
        "type": "Point",
        "coordinates": [128.594873778707, 35.88679913081564]
      },
      "properties": {
        "id": "DG-0356",
        "name": "대구은행 침산점",
        "gu": "북구",
        "facility_type": "금융기관",
        "is_im_bank": true,
        "road_address": "대구광역시 북구  침산남로  180-6  (침산동)",
        "kma_nx": 89,
        "kma_ny": 91,
        "source_geo_idn": "356",
        "geocode_result": "SUCC"
      }
    },
    {
      "type": "Feature",
      "id": "DG-0357",
      "geometry": {
        "type": "Point",
        "coordinates": [128.59405846674238, 35.887447964282195]
      },
      "properties": {
        "id": "DG-0357",
        "name": "태영신협",
        "gu": "북구",
        "facility_type": "금융기관",
        "is_im_bank": false,
        "road_address": "대구광역시 북구  침산남로  170   (침산동)",
        "kma_nx": 89,
        "kma_ny": 91,
        "source_geo_idn": "357",
        "geocode_result": "SUCC"
      }
    },
    {
      "type": "Feature",
      "id": "DG-0358",
      "geometry": {
        "type": "Point",
        "coordinates": [128.5872765107598, 35.89031692228298]
      },
      "properties": {
        "id": "DG-0358",
        "name": "침산새마을금고본점",
        "gu": "북구",
        "facility_type": "금융기관",
        "is_im_bank": false,
        "road_address": "대구광역시 북구  침산남로19길  14   (침산동)",
        "kma_nx": 89,
        "kma_ny": 91,
        "source_geo_idn": "358",
        "geocode_result": "SUCC"
      }
    },
    {
      "type": "Feature",
      "id": "DG-0359",
      "geometry": {
        "type": "Point",
        "coordinates": [128.59051861589032, 35.89715873364823]
      },
      "properties": {
        "id": "DG-0359",
        "name": "침산3동 제2경로당",
        "gu": "북구",
        "facility_type": "경로당",
        "is_im_bank": false,
        "road_address": "대구광역시 북구  침산로48길  10   (침산동)",
        "kma_nx": 89,
        "kma_ny": 91,
        "source_geo_idn": "359",
        "geocode_result": "SUCC"
      }
    },
    {
      "type": "Feature",
      "id": "DG-0360",
      "geometry": {
        "type": "Point",
        "coordinates": [128.5893260019072, 35.89201639880785]
      },
      "properties": {
        "id": "DG-0360",
        "name": "침산3동 주민자치센터",
        "gu": "북구",
        "facility_type": "기타",
        "is_im_bank": false,
        "road_address": "대구광역시 북구  성북로  55 , 침산3동 주민센터 (침산동)",
        "kma_nx": 89,
        "kma_ny": 91,
        "source_geo_idn": "360",
        "geocode_result": "SUCC"
      }
    },
    {
      "type": "Feature",
      "id": "DG-0361",
      "geometry": {
        "type": "Point",
        "coordinates": [128.58889797218495, 35.891877880973084]
      },
      "properties": {
        "id": "DG-0361",
        "name": "북구 보건소",
        "gu": "북구",
        "facility_type": "기타",
        "is_im_bank": false,
        "road_address": "대구광역시 북구  성북로  49 , 북구보건소 (침산동)",
        "kma_nx": 89,
        "kma_ny": 91,
        "source_geo_idn": "361",
        "geocode_result": "SUCC"
      }
    },
    {
      "type": "Feature",
      "id": "DG-0362",
      "geometry": {
        "type": "Point",
        "coordinates": [128.5893260019072, 35.89201639880785]
      },
      "properties": {
        "id": "DG-0362",
        "name": "침산3동 주민센터",
        "gu": "북구",
        "facility_type": "행정복지센터",
        "is_im_bank": false,
        "road_address": "대구광역시 북구  성북로  55 , 침산3동 주민센터 (침산동)",
        "kma_nx": 89,
        "kma_ny": 91,
        "source_geo_idn": "362",
        "geocode_result": "SUCC"
      }
    },
    {
      "type": "Feature",
      "id": "DG-0363",
      "geometry": {
        "type": "Point",
        "coordinates": [128.58238753590913, 35.88593701578599]
      },
      "properties": {
        "id": "DG-0363",
        "name": "북구청(민원실)",
        "gu": "북구",
        "facility_type": "기타",
        "is_im_bank": false,
        "road_address": "대구광역시 북구  옥산로  65 , 북구청 (침산동)",
        "kma_nx": 89,
        "kma_ny": 91,
        "source_geo_idn": "363",
        "geocode_result": "SUCC"
      }
    },
    {
      "type": "Feature",
      "id": "DG-0364",
      "geometry": {
        "type": "Point",
        "coordinates": [128.57622546627624, 35.89014889727404]
      },
      "properties": {
        "id": "DG-0364",
        "name": "노원동주민센터",
        "gu": "북구",
        "facility_type": "행정복지센터",
        "is_im_bank": false,
        "road_address": "대구광역시 북구  노원로10길  166 , 노원동 주민센터 (노원동2가)",
        "kma_nx": 88,
        "kma_ny": 91,
        "source_geo_idn": "364",
        "geocode_result": "SUCC"
      }
    },
    {
      "type": "Feature",
      "id": "DG-0365",
      "geometry": {
        "type": "Point",
        "coordinates": [128.57622546627624, 35.89014889727404]
      },
      "properties": {
        "id": "DG-0365",
        "name": "노원동 주민자치센터",
        "gu": "북구",
        "facility_type": "기타",
        "is_im_bank": false,
        "road_address": "대구광역시 북구  노원로10길  166 , 노원동 주민센터 (노원동2가)",
        "kma_nx": 88,
        "kma_ny": 91,
        "source_geo_idn": "365",
        "geocode_result": "SUCC"
      }
    },
    {
      "type": "Feature",
      "id": "DG-0366",
      "geometry": {
        "type": "Point",
        "coordinates": [128.565099489262, 35.8895482813055]
      },
      "properties": {
        "id": "DG-0366",
        "name": "원대 새마을금고 본점",
        "gu": "북구",
        "facility_type": "금융기관",
        "is_im_bank": false,
        "road_address": "대구광역시 북구  팔달로  137   (노원동3가)",
        "kma_nx": 88,
        "kma_ny": 91,
        "source_geo_idn": "366",
        "geocode_result": "SUCC"
      }
    },
    {
      "type": "Feature",
      "id": "DG-0367",
      "geometry": {
        "type": "Point",
        "coordinates": [128.57153002778995, 35.894409767712]
      },
      "properties": {
        "id": "DG-0367",
        "name": "대구은행3공단지점",
        "gu": "북구",
        "facility_type": "금융기관",
        "is_im_bank": true,
        "road_address": "대구광역시 북구  노원동로  2   (노원동2가)",
        "kma_nx": 88,
        "kma_ny": 91,
        "source_geo_idn": "367",
        "geocode_result": "SUCC"
      }
    },
    {
      "type": "Feature",
      "id": "DG-0368",
      "geometry": {
        "type": "Point",
        "coordinates": [128.57858806768147, 35.89937438931993]
      },
      "properties": {
        "id": "DG-0368",
        "name": "대구은행 노원동지점",
        "gu": "북구",
        "facility_type": "금융기관",
        "is_im_bank": true,
        "road_address": "대구광역시 북구  노원로  169   (노원동3가)",
        "kma_nx": 88,
        "kma_ny": 91,
        "source_geo_idn": "368",
        "geocode_result": "SUCC"
      }
    },
    {
      "type": "Feature",
      "id": "DG-0369",
      "geometry": {
        "type": "Point",
        "coordinates": [128.57651388286934, 35.88838608017628]
      },
      "properties": {
        "id": "DG-0369",
        "name": "외환은행 노원동지점",
        "gu": "북구",
        "facility_type": "금융기관",
        "is_im_bank": false,
        "road_address": "대구광역시 북구  오봉로  8   (노원동1가)",
        "kma_nx": 88,
        "kma_ny": 91,
        "source_geo_idn": "369",
        "geocode_result": "SUCC"
      }
    },
    {
      "type": "Feature",
      "id": "DG-0370",
      "geometry": {
        "type": "Point",
        "coordinates": [128.56464196938734, 35.8897092405296]
      },
      "properties": {
        "id": "DG-0370",
        "name": "서대구농협 노원지점",
        "gu": "북구",
        "facility_type": "금융기관",
        "is_im_bank": false,
        "road_address": "대구광역시 북구  팔달로  133   (노원동3가)",
        "kma_nx": 88,
        "kma_ny": 91,
        "source_geo_idn": "370",
        "geocode_result": "SUCC"
      }
    },
    {
      "type": "Feature",
      "id": "DG-0371",
      "geometry": {
        "type": "Point",
        "coordinates": [128.59540446231594, 35.89669020190805]
      },
      "properties": {
        "id": "DG-0371",
        "name": "북대구농협 성북지점",
        "gu": "북구",
        "facility_type": "금융기관",
        "is_im_bank": false,
        "road_address": "대구광역시 북구  연암로  136-1  (산격동)",
        "kma_nx": 89,
        "kma_ny": 91,
        "source_geo_idn": "371",
        "geocode_result": "SUCC"
      }
    },
    {
      "type": "Feature",
      "id": "DG-0372",
      "geometry": {
        "type": "Point",
        "coordinates": [128.59425020368002, 35.895022204986695]
      },
      "properties": {
        "id": "DG-0372",
        "name": "대구은행 성북교지점",
        "gu": "북구",
        "facility_type": "금융기관",
        "is_im_bank": true,
        "road_address": "대구광역시 북구  연암로  117   (산격동)",
        "kma_nx": 89,
        "kma_ny": 91,
        "source_geo_idn": "372",
        "geocode_result": "SUCC"
      }
    },
    {
      "type": "Feature",
      "id": "DG-0373",
      "geometry": {
        "type": "Point",
        "coordinates": [128.5950342104133, 35.89280940741657]
      },
      "properties": {
        "id": "DG-0373",
        "name": "성북새마을금고 본점",
        "gu": "북구",
        "facility_type": "금융기관",
        "is_im_bank": false,
        "road_address": "대구광역시 북구  연암로  88-7  (산격동)",
        "kma_nx": 89,
        "kma_ny": 91,
        "source_geo_idn": "373",
        "geocode_result": "SUCC"
      }
    },
    {
      "type": "Feature",
      "id": "DG-0374",
      "geometry": {
        "type": "Point",
        "coordinates": [128.59589162034067, 35.9010957035465]
      },
      "properties": {
        "id": "DG-0374",
        "name": "산격종합사회복지관",
        "gu": "북구",
        "facility_type": "기타",
        "is_im_bank": false,
        "road_address": "대구광역시 북구  연암로  183   (산격동, 산격주공임대아파트)",
        "kma_nx": 89,
        "kma_ny": 91,
        "source_geo_idn": "374",
        "geocode_result": "SUCC"
      }
    },
    {
      "type": "Feature",
      "id": "DG-0375",
      "geometry": {
        "type": "Point",
        "coordinates": [128.59689198823432, 35.90039032797423]
      },
      "properties": {
        "id": "DG-0375",
        "name": "산격1동 주민센터",
        "gu": "북구",
        "facility_type": "행정복지센터",
        "is_im_bank": false,
        "road_address": "대구광역시 북구  연암로36길  6 , 산격1동주민센터 (산격동)",
        "kma_nx": 89,
        "kma_ny": 91,
        "source_geo_idn": "375",
        "geocode_result": "SUCC"
      }
    },
    {
      "type": "Feature",
      "id": "DG-0376",
      "geometry": {
        "type": "Point",
        "coordinates": [128.59481375495486, 35.89241943872424]
      },
      "properties": {
        "id": "DG-0376",
        "name": "산격1동 제1경로당",
        "gu": "북구",
        "facility_type": "경로당",
        "is_im_bank": false,
        "road_address": "대구광역시 북구  연암로  86   (산격동)",
        "kma_nx": 89,
        "kma_ny": 91,
        "source_geo_idn": "376",
        "geocode_result": "SUCC"
      }
    },
    {
      "type": "Feature",
      "id": "DG-0377",
      "geometry": {
        "type": "Point",
        "coordinates": [128.60925300917853, 35.90173198522887]
      },
      "properties": {
        "id": "DG-0377",
        "name": "대우아파트 경로당",
        "gu": "북구",
        "facility_type": "경로당",
        "is_im_bank": false,
        "road_address": "대구광역시 북구  동북로31길  30 , 산격대우아파트 (산격동)",
        "kma_nx": 89,
        "kma_ny": 91,
        "source_geo_idn": "377",
        "geocode_result": "SUCC"
      }
    },
    {
      "type": "Feature",
      "id": "DG-0378",
      "geometry": {
        "type": "Point",
        "coordinates": [128.60925300917853, 35.90173198522887]
      },
      "properties": {
        "id": "DG-0378",
        "name": "산격2동주민센터",
        "gu": "북구",
        "facility_type": "행정복지센터",
        "is_im_bank": false,
        "road_address": "대구광역시 북구  동북로31길  30 , 산격대우아파트 (산격동)",
        "kma_nx": 89,
        "kma_ny": 91,
        "source_geo_idn": "378",
        "geocode_result": "SUCC"
      }
    },
    {
      "type": "Feature",
      "id": "DG-0379",
      "geometry": {
        "type": "Point",
        "coordinates": [128.61605168328558, 35.905778679327895]
      },
      "properties": {
        "id": "DG-0379",
        "name": "북구청소년회관",
        "gu": "북구",
        "facility_type": "기타",
        "is_im_bank": false,
        "road_address": "대구광역시 북구  검단로  71-17, 북구청소년회관 (산격동)",
        "kma_nx": 89,
        "kma_ny": 91,
        "source_geo_idn": "379",
        "geocode_result": "SUCC"
      }
    },
    {
      "type": "Feature",
      "id": "DG-0380",
      "geometry": {
        "type": "Point",
        "coordinates": [128.60925300917853, 35.90173198522887]
      },
      "properties": {
        "id": "DG-0380",
        "name": "산격2동 주민자치센터",
        "gu": "북구",
        "facility_type": "기타",
        "is_im_bank": false,
        "road_address": "대구광역시 북구  동북로31길  30 , 산격대우아파트 (산격동)",
        "kma_nx": 89,
        "kma_ny": 91,
        "source_geo_idn": "380",
        "geocode_result": "SUCC"
      }
    },
    {
      "type": "Feature",
      "id": "DG-0381",
      "geometry": {
        "type": "Point",
        "coordinates": [128.61483026220256, 35.900615387090625]
      },
      "properties": {
        "id": "DG-0381",
        "name": "북대구농협산격지점",
        "gu": "북구",
        "facility_type": "금융기관",
        "is_im_bank": false,
        "road_address": "대구광역시 북구  대불서길  8   (산격동)",
        "kma_nx": 89,
        "kma_ny": 91,
        "source_geo_idn": "381",
        "geocode_result": "SUCC"
      }
    },
    {
      "type": "Feature",
      "id": "DG-0382",
      "geometry": {
        "type": "Point",
        "coordinates": [128.61432169216985, 35.889098488438336]
      },
      "properties": {
        "id": "DG-0382",
        "name": "대구은행 경북대지점",
        "gu": "북구",
        "facility_type": "금융기관",
        "is_im_bank": true,
        "road_address": "대구광역시 북구  대학로  80 , 경북대학교 (산격동)",
        "kma_nx": 89,
        "kma_ny": 91,
        "source_geo_idn": "382",
        "geocode_result": "SUCC"
      }
    },
    {
      "type": "Feature",
      "id": "DG-0383",
      "geometry": {
        "type": "Point",
        "coordinates": [128.6116694831284, 35.898769075604974]
      },
      "properties": {
        "id": "DG-0383",
        "name": "대구은행복현지점",
        "gu": "북구",
        "facility_type": "금융기관",
        "is_im_bank": true,
        "road_address": "대구광역시 북구  동북로  174   (산격동)",
        "kma_nx": 89,
        "kma_ny": 91,
        "source_geo_idn": "383",
        "geocode_result": "SUCC"
      }
    },
    {
      "type": "Feature",
      "id": "DG-0384",
      "geometry": {
        "type": "Point",
        "coordinates": [128.6100941334958, 35.89929484832355]
      },
      "properties": {
        "id": "DG-0384",
        "name": "북대구농협 본점",
        "gu": "북구",
        "facility_type": "금융기관",
        "is_im_bank": false,
        "road_address": "대구광역시 북구  동북로  160   (산격동)",
        "kma_nx": 89,
        "kma_ny": 91,
        "source_geo_idn": "384",
        "geocode_result": "SUCC"
      }
    },
    {
      "type": "Feature",
      "id": "DG-0385",
      "geometry": {
        "type": "Point",
        "coordinates": [128.61144380629904, 35.895722657444495]
      },
      "properties": {
        "id": "DG-0385",
        "name": "가정종합사회복지관",
        "gu": "북구",
        "facility_type": "기타",
        "is_im_bank": false,
        "road_address": "대구광역시 북구  대동로10길  9   (산격동)",
        "kma_nx": 89,
        "kma_ny": 91,
        "source_geo_idn": "385",
        "geocode_result": "SUCC"
      }
    },
    {
      "type": "Feature",
      "id": "DG-0386",
      "geometry": {
        "type": "Point",
        "coordinates": [128.60831165942858, 35.89352622700133]
      },
      "properties": {
        "id": "DG-0386",
        "name": "산격3동 주민센터",
        "gu": "북구",
        "facility_type": "행정복지센터",
        "is_im_bank": false,
        "road_address": "대구광역시 북구  대학로15길  16   (산격동)",
        "kma_nx": 89,
        "kma_ny": 91,
        "source_geo_idn": "386",
        "geocode_result": "SUCC"
      }
    },
    {
      "type": "Feature",
      "id": "DG-0387",
      "geometry": {
        "type": "Point",
        "coordinates": [128.60428173267192, 35.892271685276064]
      },
      "properties": {
        "id": "DG-0387",
        "name": "산격4동 주민자치센터",
        "gu": "북구",
        "facility_type": "기타",
        "is_im_bank": false,
        "road_address": "대구광역시 북구  대구체육관로  48 , 산격4동 주민센터 (산격동)",
        "kma_nx": 89,
        "kma_ny": 91,
        "source_geo_idn": "387",
        "geocode_result": "SUCC"
      }
    },
    {
      "type": "Feature",
      "id": "DG-0388",
      "geometry": {
        "type": "Point",
        "coordinates": [128.60428173267192, 35.892271685276064]
      },
      "properties": {
        "id": "DG-0388",
        "name": "산격4동 주민센터",
        "gu": "북구",
        "facility_type": "행정복지센터",
        "is_im_bank": false,
        "road_address": "대구광역시 북구  대구체육관로  48 , 산격4동주민센터 (산격동)",
        "kma_nx": 89,
        "kma_ny": 91,
        "source_geo_idn": "388",
        "geocode_result": "SUCC"
      }
    },
    {
      "type": "Feature",
      "id": "DG-0389",
      "geometry": {
        "type": "Point",
        "coordinates": [128.60486865521585, 35.892818943401366]
      },
      "properties": {
        "id": "DG-0389",
        "name": "북대구농협대도지점",
        "gu": "북구",
        "facility_type": "금융기관",
        "is_im_bank": false,
        "road_address": "대구광역시 북구  산격로  25   (산격동)",
        "kma_nx": 89,
        "kma_ny": 91,
        "source_geo_idn": "389",
        "geocode_result": "SUCC"
      }
    },
    {
      "type": "Feature",
      "id": "DG-0390",
      "geometry": {
        "type": "Point",
        "coordinates": [128.60800357432402, 35.88267343481783]
      },
      "properties": {
        "id": "DG-0390",
        "name": "북대구농협 대현지점",
        "gu": "북구",
        "facility_type": "금융기관",
        "is_im_bank": false,
        "road_address": "대구광역시 북구  대현로  84   (대현동)",
        "kma_nx": 89,
        "kma_ny": 91,
        "source_geo_idn": "390",
        "geocode_result": "SUCC"
      }
    },
    {
      "type": "Feature",
      "id": "DG-0391",
      "geometry": {
        "type": "Point",
        "coordinates": [128.60794046465858, 35.881304547812476]
      },
      "properties": {
        "id": "DG-0391",
        "name": "새마을금고 대현본점",
        "gu": "북구",
        "facility_type": "금융기관",
        "is_im_bank": false,
        "road_address": "대구광역시 북구  대현남로6길  5   (대현동)",
        "kma_nx": 89,
        "kma_ny": 91,
        "source_geo_idn": "391",
        "geocode_result": "SUCC"
      }
    },
    {
      "type": "Feature",
      "id": "DG-0392",
      "geometry": {
        "type": "Point",
        "coordinates": [128.60581455568447, 35.88218727459114]
      },
      "properties": {
        "id": "DG-0392",
        "name": "대현동주민센터",
        "gu": "북구",
        "facility_type": "행정복지센터",
        "is_im_bank": false,
        "road_address": "대구광역시 북구  대현남로  25   (대현동, 대현휴먼시아2단지)",
        "kma_nx": 89,
        "kma_ny": 91,
        "source_geo_idn": "392",
        "geocode_result": "SUCC"
      }
    },
    {
      "type": "Feature",
      "id": "DG-0393",
      "geometry": {
        "type": "Point",
        "coordinates": [128.60296891127217, 35.88208471497815]
      },
      "properties": {
        "id": "DG-0393",
        "name": "대현 E-편한세상 경로당",
        "gu": "북구",
        "facility_type": "경로당",
        "is_im_bank": false,
        "road_address": "대구광역시 북구  대현로10길  82 , 대현 이편한세상 경로당 (대현동, 대현 e-편한세상)",
        "kma_nx": 89,
        "kma_ny": 91,
        "source_geo_idn": "393",
        "geocode_result": "SUCC"
      }
    },
    {
      "type": "Feature",
      "id": "DG-0394",
      "geometry": {
        "type": "Point",
        "coordinates": [128.60517329370435, 35.88048007731637]
      },
      "properties": {
        "id": "DG-0394",
        "name": "대현뜨란채경로당",
        "gu": "북구",
        "facility_type": "경로당",
        "is_im_bank": false,
        "road_address": "대구광역시 북구  대현남로  28   (대현동, 대현뜨란채)",
        "kma_nx": 89,
        "kma_ny": 91,
        "source_geo_idn": "394",
        "geocode_result": "SUCC"
      }
    },
    {
      "type": "Feature",
      "id": "DG-0395",
      "geometry": {
        "type": "Point",
        "coordinates": [128.6080270335196, 35.88186209518057]
      },
      "properties": {
        "id": "DG-0395",
        "name": "감밭경로당",
        "gu": "북구",
        "facility_type": "경로당",
        "is_im_bank": false,
        "road_address": "대구광역시 북구  대현남로8길  5   (대현동)",
        "kma_nx": 89,
        "kma_ny": 91,
        "source_geo_idn": "395",
        "geocode_result": "SUCC"
      }
    },
    {
      "type": "Feature",
      "id": "DG-0396",
      "geometry": {
        "type": "Point",
        "coordinates": [128.61113378838118, 35.88457793932727]
      },
      "properties": {
        "id": "DG-0396",
        "name": "신화아파트경로당",
        "gu": "북구",
        "facility_type": "경로당",
        "is_im_bank": false,
        "road_address": "대구광역시 북구  경대로5길  25   (대현동, 대현신화맨션)",
        "kma_nx": 89,
        "kma_ny": 91,
        "source_geo_idn": "396",
        "geocode_result": "SUCC"
      }
    },
    {
      "type": "Feature",
      "id": "DG-0397",
      "geometry": {
        "type": "Point",
        "coordinates": [128.60419524390525, 35.88666775628899]
      },
      "properties": {
        "id": "DG-0397",
        "name": "대현1동 제2경로당",
        "gu": "북구",
        "facility_type": "경로당",
        "is_im_bank": false,
        "road_address": "대구광역시 북구  대현로서15길  50-7  (대현동)",
        "kma_nx": 89,
        "kma_ny": 91,
        "source_geo_idn": "397",
        "geocode_result": "SUCC"
      }
    },
    {
      "type": "Feature",
      "id": "DG-0398",
      "geometry": {
        "type": "Point",
        "coordinates": [128.6088216573853, 35.88326443865354]
      },
      "properties": {
        "id": "DG-0398",
        "name": "대현 제1경로당",
        "gu": "북구",
        "facility_type": "경로당",
        "is_im_bank": false,
        "road_address": "대구광역시 북구  대현로17길  7   (대현동)",
        "kma_nx": 89,
        "kma_ny": 91,
        "source_geo_idn": "398",
        "geocode_result": "SUCC"
      }
    },
    {
      "type": "Feature",
      "id": "DG-0399",
      "geometry": {
        "type": "Point",
        "coordinates": [128.6030082086258, 35.88425413560518]
      },
      "properties": {
        "id": "DG-0399",
        "name": "대현2동 경로당",
        "gu": "북구",
        "facility_type": "경로당",
        "is_im_bank": false,
        "road_address": "대구광역시 북구 신천동로146길 9",
        "kma_nx": 89,
        "kma_ny": 91,
        "source_geo_idn": "399",
        "geocode_result": "SUCC"
      }
    },
    {
      "type": "Feature",
      "id": "DG-0400",
      "geometry": {
        "type": "Point",
        "coordinates": [128.60847182736595, 35.88042152423123]
      },
      "properties": {
        "id": "DG-0400",
        "name": "대구은행 대현동지점",
        "gu": "북구",
        "facility_type": "금융기관",
        "is_im_bank": true,
        "road_address": "대구광역시 북구 대현남로6길 20",
        "kma_nx": 89,
        "kma_ny": 91,
        "source_geo_idn": "400",
        "geocode_result": "SUCC"
      }
    },
    {
      "type": "Feature",
      "id": "DG-0401",
      "geometry": {
        "type": "Point",
        "coordinates": [128.6189245647554, 35.89412613918768]
      },
      "properties": {
        "id": "DG-0401",
        "name": "북대구농협 복현지점",
        "gu": "북구",
        "facility_type": "금융기관",
        "is_im_bank": false,
        "road_address": "대구광역시 북구  동북로  260   (복현동)",
        "kma_nx": 89,
        "kma_ny": 91,
        "source_geo_idn": "401",
        "geocode_result": "SUCC"
      }
    },
    {
      "type": "Feature",
      "id": "DG-0402",
      "geometry": {
        "type": "Point",
        "coordinates": [128.61561402242398, 35.893839111473355]
      },
      "properties": {
        "id": "DG-0402",
        "name": "들샘경로당",
        "gu": "북구",
        "facility_type": "경로당",
        "is_im_bank": false,
        "road_address": "대구광역시 북구  경진로4길  25-1  (복현동)",
        "kma_nx": 89,
        "kma_ny": 91,
        "source_geo_idn": "402",
        "geocode_result": "SUCC"
      }
    },
    {
      "type": "Feature",
      "id": "DG-0403",
      "geometry": {
        "type": "Point",
        "coordinates": [128.61858507619704, 35.89377026151018]
      },
      "properties": {
        "id": "DG-0403",
        "name": "복현1동 주민센터",
        "gu": "북구",
        "facility_type": "행정복지센터",
        "is_im_bank": false,
        "road_address": "대구광역시 북구  동북로52길  7 , 복현1동 주민센터 (복현동)",
        "kma_nx": 89,
        "kma_ny": 91,
        "source_geo_idn": "403",
        "geocode_result": "SUCC"
      }
    },
    {
      "type": "Feature",
      "id": "DG-0404",
      "geometry": {
        "type": "Point",
        "coordinates": [128.61858507619704, 35.89377026151018]
      },
      "properties": {
        "id": "DG-0404",
        "name": "복현1동 주민자치센터",
        "gu": "북구",
        "facility_type": "기타",
        "is_im_bank": false,
        "road_address": "대구광역시 북구  동북로52길  7 , 복현1동 주민센터 (복현동)",
        "kma_nx": 89,
        "kma_ny": 91,
        "source_geo_idn": "404",
        "geocode_result": "SUCC"
      }
    },
    {
      "type": "Feature",
      "id": "DG-0405",
      "geometry": {
        "type": "Point",
        "coordinates": [128.6254884092534, 35.89536393010701]
      },
      "properties": {
        "id": "DG-0405",
        "name": "복현2동 주민센터",
        "gu": "북구",
        "facility_type": "행정복지센터",
        "is_im_bank": false,
        "road_address": "대구광역시 북구  복현로8길  16-5, 복현2동 주민센터 (복현동)",
        "kma_nx": 89,
        "kma_ny": 91,
        "source_geo_idn": "405",
        "geocode_result": "SUCC"
      }
    },
    {
      "type": "Feature",
      "id": "DG-0406",
      "geometry": {
        "type": "Point",
        "coordinates": [128.6254884092534, 35.89536393010701]
      },
      "properties": {
        "id": "DG-0406",
        "name": "복현2동 주민자치센터",
        "gu": "북구",
        "facility_type": "기타",
        "is_im_bank": false,
        "road_address": "대구광역시 북구  복현로8길  16-5, 복현2동 주민센터 (복현동)",
        "kma_nx": 89,
        "kma_ny": 91,
        "source_geo_idn": "406",
        "geocode_result": "SUCC"
      }
    },
    {
      "type": "Feature",
      "id": "DG-0407",
      "geometry": {
        "type": "Point",
        "coordinates": [128.61690414094156, 35.89868067224691]
      },
      "properties": {
        "id": "DG-0407",
        "name": "대불노인복지관",
        "gu": "북구",
        "facility_type": "기타",
        "is_im_bank": false,
        "road_address": "대구광역시 북구  검단로  8-14, 대불노인복지회관 (복현동)",
        "kma_nx": 89,
        "kma_ny": 91,
        "source_geo_idn": "407",
        "geocode_result": "SUCC"
      }
    },
    {
      "type": "Feature",
      "id": "DG-0408",
      "geometry": {
        "type": "Point",
        "coordinates": [128.62048895403092, 35.90219723314389]
      },
      "properties": {
        "id": "DG-0408",
        "name": "성화아파트경로당",
        "gu": "북구",
        "facility_type": "경로당",
        "is_im_bank": false,
        "road_address": "대구광역시 북구  복현로  114-18  (복현동, 동서성화아파트)",
        "kma_nx": 89,
        "kma_ny": 91,
        "source_geo_idn": "408",
        "geocode_result": "SUCC"
      }
    },
    {
      "type": "Feature",
      "id": "DG-0409",
      "geometry": {
        "type": "Point",
        "coordinates": [128.61713055143477, 35.902840869559014]
      },
      "properties": {
        "id": "DG-0409",
        "name": "복현서한타운경로당",
        "gu": "북구",
        "facility_type": "경로당",
        "is_im_bank": false,
        "road_address": "대구광역시 북구  검단로  50   (복현동, 복현서한타운)",
        "kma_nx": 89,
        "kma_ny": 91,
        "source_geo_idn": "409",
        "geocode_result": "SUCC"
      }
    },
    {
      "type": "Feature",
      "id": "DG-0410",
      "geometry": {
        "type": "Point",
        "coordinates": [128.62304262946637, 35.90120032632018]
      },
      "properties": {
        "id": "DG-0410",
        "name": "복현2차서한타운 경로당",
        "gu": "북구",
        "facility_type": "경로당",
        "is_im_bank": false,
        "road_address": "대구광역시 북구  공항로15길  8   (복현동, 복현2차서한타운)",
        "kma_nx": 89,
        "kma_ny": 91,
        "source_geo_idn": "410",
        "geocode_result": "SUCC"
      }
    },
    {
      "type": "Feature",
      "id": "DG-0411",
      "geometry": {
        "type": "Point",
        "coordinates": [128.6215508668256, 35.89300933664414]
      },
      "properties": {
        "id": "DG-0411",
        "name": "대구은행 동북로지점",
        "gu": "북구",
        "facility_type": "금융기관",
        "is_im_bank": true,
        "road_address": "대구광역시 북구  동북로  287   (복현동)",
        "kma_nx": 89,
        "kma_ny": 91,
        "source_geo_idn": "411",
        "geocode_result": "SUCC"
      }
    },
    {
      "type": "Feature",
      "id": "DG-0412",
      "geometry": {
        "type": "Point",
        "coordinates": [128.62206459697612, 35.89951580552355]
      },
      "properties": {
        "id": "DG-0412",
        "name": "북대구농협신복현지점",
        "gu": "북구",
        "facility_type": "금융기관",
        "is_im_bank": false,
        "road_address": "대구광역시 북구  복현로  90   (복현동)",
        "kma_nx": 89,
        "kma_ny": 91,
        "source_geo_idn": "412",
        "geocode_result": "SUCC"
      }
    },
    {
      "type": "Feature",
      "id": "DG-0413",
      "geometry": {
        "type": "Point",
        "coordinates": [128.62154824947194, 35.90873237528699]
      },
      "properties": {
        "id": "DG-0413",
        "name": "대구은행 검단동지점",
        "gu": "북구",
        "facility_type": "금융기관",
        "is_im_bank": true,
        "road_address": "대구광역시 북구  검단로  135   (검단동)",
        "kma_nx": 89,
        "kma_ny": 91,
        "source_geo_idn": "413",
        "geocode_result": "SUCC"
      }
    },
    {
      "type": "Feature",
      "id": "DG-0414",
      "geometry": {
        "type": "Point",
        "coordinates": [128.6266708206782, 35.91330931559499]
      },
      "properties": {
        "id": "DG-0414",
        "name": "북대구농협검단지점",
        "gu": "북구",
        "facility_type": "금융기관",
        "is_im_bank": false,
        "road_address": "대구광역시 북구  검단동로4길  8   (검단동)",
        "kma_nx": 89,
        "kma_ny": 91,
        "source_geo_idn": "414",
        "geocode_result": "SUCC"
      }
    },
    {
      "type": "Feature",
      "id": "DG-0415",
      "geometry": {
        "type": "Point",
        "coordinates": [128.62683493077154, 35.914615535995935]
      },
      "properties": {
        "id": "DG-0415",
        "name": "검단경로당",
        "gu": "북구",
        "facility_type": "경로당",
        "is_im_bank": false,
        "road_address": "대구광역시 북구  검단동로4길  13-50  (검단동)",
        "kma_nx": 89,
        "kma_ny": 91,
        "source_geo_idn": "415",
        "geocode_result": "SUCC"
      }
    },
    {
      "type": "Feature",
      "id": "DG-0416",
      "geometry": {
        "type": "Point",
        "coordinates": [128.62683493077154, 35.914615535995935]
      },
      "properties": {
        "id": "DG-0416",
        "name": "검단부녀경로당",
        "gu": "북구",
        "facility_type": "경로당",
        "is_im_bank": false,
        "road_address": "대구광역시 북구  검단동로4길  13-50  (검단동)",
        "kma_nx": 89,
        "kma_ny": 91,
        "source_geo_idn": "416",
        "geocode_result": "SUCC"
      }
    },
    {
      "type": "Feature",
      "id": "DG-0417",
      "geometry": {
        "type": "Point",
        "coordinates": [128.62721907395857, 35.91346769357134]
      },
      "properties": {
        "id": "DG-0417",
        "name": "검단동 주민센터",
        "gu": "북구",
        "facility_type": "행정복지센터",
        "is_im_bank": false,
        "road_address": "대구광역시 북구  검단로41길  12 , 검단동 주민센터 (검단동)",
        "kma_nx": 89,
        "kma_ny": 91,
        "source_geo_idn": "417",
        "geocode_result": "SUCC"
      }
    },
    {
      "type": "Feature",
      "id": "DG-0418",
      "geometry": {
        "type": "Point",
        "coordinates": [128.62721907395857, 35.91346769357134]
      },
      "properties": {
        "id": "DG-0418",
        "name": "검단동 주민자치센터",
        "gu": "북구",
        "facility_type": "기타",
        "is_im_bank": false,
        "road_address": "대구광역시 북구  검단로41길  12 , 검단동 주민센터 (검단동)",
        "kma_nx": 89,
        "kma_ny": 91,
        "source_geo_idn": "418",
        "geocode_result": "SUCC"
      }
    },
    {
      "type": "Feature",
      "id": "DG-0419",
      "geometry": {
        "type": "Point",
        "coordinates": [128.59704748774257, 35.921352311085194]
      },
      "properties": {
        "id": "DG-0419",
        "name": "무태조야주민센터",
        "gu": "북구",
        "facility_type": "행정복지센터",
        "is_im_bank": false,
        "road_address": "대구광역시 북구  호국로43길  20 , 무태조야동 주민센터 (서변동)",
        "kma_nx": 89,
        "kma_ny": 92,
        "source_geo_idn": "419",
        "geocode_result": "SUCC"
      }
    },
    {
      "type": "Feature",
      "id": "DG-0420",
      "geometry": {
        "type": "Point",
        "coordinates": [128.59704748774257, 35.921352311085194]
      },
      "properties": {
        "id": "DG-0420",
        "name": "무태조야동 주민자치센터",
        "gu": "북구",
        "facility_type": "기타",
        "is_im_bank": false,
        "road_address": "대구광역시 북구  호국로43길  20 , 무태조야동 주민센터 (서변동)",
        "kma_nx": 89,
        "kma_ny": 92,
        "source_geo_idn": "420",
        "geocode_result": "SUCC"
      }
    },
    {
      "type": "Feature",
      "id": "DG-0421",
      "geometry": {
        "type": "Point",
        "coordinates": [128.6139709384661, 35.95708827930756]
      },
      "properties": {
        "id": "DG-0421",
        "name": "연경경로당",
        "gu": "북구",
        "facility_type": "경로당",
        "is_im_bank": false,
        "road_address": "대구광역시 북구  도덕길  175   (연경동)",
        "kma_nx": 89,
        "kma_ny": 92,
        "source_geo_idn": "421",
        "geocode_result": "SUCC"
      }
    },
    {
      "type": "Feature",
      "id": "DG-0422",
      "geometry": {
        "type": "Point",
        "coordinates": [128.59155570624497, 35.912666202172844]
      },
      "properties": {
        "id": "DG-0422",
        "name": "고촌경로당",
        "gu": "북구",
        "facility_type": "경로당",
        "is_im_bank": false,
        "road_address": "대구광역시 북구  고촌길  157-3  (서변동)",
        "kma_nx": 89,
        "kma_ny": 91,
        "source_geo_idn": "422",
        "geocode_result": "SUCC"
      }
    },
    {
      "type": "Feature",
      "id": "DG-0423",
      "geometry": {
        "type": "Point",
        "coordinates": [128.5768771744662, 35.911612732410774]
      },
      "properties": {
        "id": "DG-0423",
        "name": "조야경로당",
        "gu": "북구",
        "facility_type": "경로당",
        "is_im_bank": false,
        "road_address": "대구광역시 북구 조야로 49",
        "kma_nx": 88,
        "kma_ny": 91,
        "source_geo_idn": "423",
        "geocode_result": "SUCC"
      }
    },
    {
      "type": "Feature",
      "id": "DG-0424",
      "geometry": {
        "type": "Point",
        "coordinates": [128.6006906050506, 35.922255383086444]
      },
      "properties": {
        "id": "DG-0424",
        "name": "동변경로당",
        "gu": "북구",
        "facility_type": "경로당",
        "is_im_bank": false,
        "road_address": "대구광역시 북구 동변로24길 14",
        "kma_nx": 89,
        "kma_ny": 92,
        "source_geo_idn": "424",
        "geocode_result": "SUCC"
      }
    },
    {
      "type": "Feature",
      "id": "DG-0425",
      "geometry": {
        "type": "Point",
        "coordinates": [128.60538738204846, 35.937129842630554]
      },
      "properties": {
        "id": "DG-0425",
        "name": "이곡경로당",
        "gu": "북구",
        "facility_type": "경로당",
        "is_im_bank": false,
        "road_address": "대구광역시 북구  이곡길  25   (서변동)",
        "kma_nx": 89,
        "kma_ny": 92,
        "source_geo_idn": "425",
        "geocode_result": "SUCC"
      }
    },
    {
      "type": "Feature",
      "id": "DG-0426",
      "geometry": {
        "type": "Point",
        "coordinates": [128.59897938505404, 35.92046150192538]
      },
      "properties": {
        "id": "DG-0426",
        "name": "대구은행 동서변지점",
        "gu": "북구",
        "facility_type": "금융기관",
        "is_im_bank": true,
        "road_address": "대구광역시 북구  호국로  209   (서변동)",
        "kma_nx": 89,
        "kma_ny": 92,
        "source_geo_idn": "426",
        "geocode_result": "SUCC"
      }
    },
    {
      "type": "Feature",
      "id": "DG-0427",
      "geometry": {
        "type": "Point",
        "coordinates": [128.5990112449713, 35.92160371711872]
      },
      "properties": {
        "id": "DG-0427",
        "name": "북대구농협 무태지점",
        "gu": "북구",
        "facility_type": "금융기관",
        "is_im_bank": false,
        "road_address": "대구광역시 북구  호국로  221   (서변동)",
        "kma_nx": 89,
        "kma_ny": 92,
        "source_geo_idn": "427",
        "geocode_result": "SUCC"
      }
    },
    {
      "type": "Feature",
      "id": "DG-0428",
      "geometry": {
        "type": "Point",
        "coordinates": [128.5421592781749, 35.90171138734211]
      },
      "properties": {
        "id": "DG-0428",
        "name": "관문동주민센터",
        "gu": "북구",
        "facility_type": "행정복지센터",
        "is_im_bank": false,
        "road_address": "대구광역시 북구  매천로18길  34 , 농산물도매시장 (매천동)",
        "kma_nx": 88,
        "kma_ny": 91,
        "source_geo_idn": "428",
        "geocode_result": "SUCC"
      }
    },
    {
      "type": "Feature",
      "id": "DG-0429",
      "geometry": {
        "type": "Point",
        "coordinates": [128.5421592781749, 35.90171138734211]
      },
      "properties": {
        "id": "DG-0429",
        "name": "관문동주민자치센터",
        "gu": "북구",
        "facility_type": "기타",
        "is_im_bank": false,
        "road_address": "대구광역시 북구  매천로18길  34 , 농산물도매시장 (매천동)",
        "kma_nx": 88,
        "kma_ny": 91,
        "source_geo_idn": "429",
        "geocode_result": "SUCC"
      }
    },
    {
      "type": "Feature",
      "id": "DG-0430",
      "geometry": {
        "type": "Point",
        "coordinates": [128.54340109105098, 35.92413031146494]
      },
      "properties": {
        "id": "DG-0430",
        "name": "태전1동 주민자치센터",
        "gu": "북구",
        "facility_type": "기타",
        "is_im_bank": false,
        "road_address": "대구광역시 북구  태전로7길  10-24, 태전1동 주민센터 (태전동)",
        "kma_nx": 88,
        "kma_ny": 92,
        "source_geo_idn": "430",
        "geocode_result": "SUCC"
      }
    },
    {
      "type": "Feature",
      "id": "DG-0431",
      "geometry": {
        "type": "Point",
        "coordinates": [128.54340109105098, 35.92413031146494]
      },
      "properties": {
        "id": "DG-0431",
        "name": "태전1동주민센터",
        "gu": "북구",
        "facility_type": "행정복지센터",
        "is_im_bank": false,
        "road_address": "대구광역시 북구  태전로7길  10-24, 태전1동 주민센터 (태전동)",
        "kma_nx": 88,
        "kma_ny": 92,
        "source_geo_idn": "431",
        "geocode_result": "SUCC"
      }
    },
    {
      "type": "Feature",
      "id": "DG-0432",
      "geometry": {
        "type": "Point",
        "coordinates": [128.54340109105098, 35.92413031146494]
      },
      "properties": {
        "id": "DG-0432",
        "name": "태전1동경로당",
        "gu": "북구",
        "facility_type": "경로당",
        "is_im_bank": false,
        "road_address": "대구광역시 북구  태전로7길  10-24, 태전1동 주민센터 (태전동)",
        "kma_nx": 88,
        "kma_ny": 92,
        "source_geo_idn": "432",
        "geocode_result": "SUCC"
      }
    },
    {
      "type": "Feature",
      "id": "DG-0433",
      "geometry": {
        "type": "Point",
        "coordinates": [128.54646591422303, 35.92335192788474]
      },
      "properties": {
        "id": "DG-0433",
        "name": "대구은행 태전동지점",
        "gu": "북구",
        "facility_type": "금융기관",
        "is_im_bank": true,
        "road_address": "대구광역시 북구  칠곡중앙대로  309   (태전동)",
        "kma_nx": 88,
        "kma_ny": 92,
        "source_geo_idn": "433",
        "geocode_result": "SUCC"
      }
    },
    {
      "type": "Feature",
      "id": "DG-0434",
      "geometry": {
        "type": "Point",
        "coordinates": [128.55100028751605, 35.929522110593076]
      },
      "properties": {
        "id": "DG-0434",
        "name": "새마을경로당",
        "gu": "북구",
        "facility_type": "경로당",
        "is_im_bank": false,
        "road_address": "대구광역시 북구  태암로5길  12   (태전동)",
        "kma_nx": 88,
        "kma_ny": 92,
        "source_geo_idn": "434",
        "geocode_result": "SUCC"
      }
    },
    {
      "type": "Feature",
      "id": "DG-0435",
      "geometry": {
        "type": "Point",
        "coordinates": [128.54876513963427, 35.92149476772012]
      },
      "properties": {
        "id": "DG-0435",
        "name": "태전2동 주민자치센터",
        "gu": "북구",
        "facility_type": "기타",
        "is_im_bank": false,
        "road_address": "대구광역시 북구  칠곡중앙대로52길  32 , 태전2동 주민센터 (태전동)",
        "kma_nx": 88,
        "kma_ny": 92,
        "source_geo_idn": "435",
        "geocode_result": "SUCC"
      }
    },
    {
      "type": "Feature",
      "id": "DG-0436",
      "geometry": {
        "type": "Point",
        "coordinates": [128.54876513963427, 35.92149476772012]
      },
      "properties": {
        "id": "DG-0436",
        "name": "태전2동주민센터",
        "gu": "북구",
        "facility_type": "행정복지센터",
        "is_im_bank": false,
        "road_address": "대구광역시 북구  칠곡중앙대로52길  32 , 태전2동 주민센터 (태전동)",
        "kma_nx": 88,
        "kma_ny": 92,
        "source_geo_idn": "436",
        "geocode_result": "SUCC"
      }
    },
    {
      "type": "Feature",
      "id": "DG-0437",
      "geometry": {
        "type": "Point",
        "coordinates": [128.56939369344337, 35.94055444342473]
      },
      "properties": {
        "id": "DG-0437",
        "name": "구암동 주민자치센터",
        "gu": "북구",
        "facility_type": "기타",
        "is_im_bank": false,
        "road_address": "대구광역시 북구  구암로65길  2   (구암동)",
        "kma_nx": 88,
        "kma_ny": 92,
        "source_geo_idn": "437",
        "geocode_result": "SUCC"
      }
    },
    {
      "type": "Feature",
      "id": "DG-0438",
      "geometry": {
        "type": "Point",
        "coordinates": [128.56939369344337, 35.94055444342473]
      },
      "properties": {
        "id": "DG-0438",
        "name": "구암동 주민센터",
        "gu": "북구",
        "facility_type": "행정복지센터",
        "is_im_bank": false,
        "road_address": "대구광역시 북구  구암로65길  2   (구암동)",
        "kma_nx": 88,
        "kma_ny": 92,
        "source_geo_idn": "438",
        "geocode_result": "SUCC"
      }
    },
    {
      "type": "Feature",
      "id": "DG-0439",
      "geometry": {
        "type": "Point",
        "coordinates": [128.57032210119846, 35.94289606704061]
      },
      "properties": {
        "id": "DG-0439",
        "name": "함지노인복지관",
        "gu": "북구",
        "facility_type": "기타",
        "is_im_bank": false,
        "road_address": "대구광역시 북구  동암로  180   (구암동)",
        "kma_nx": 88,
        "kma_ny": 92,
        "source_geo_idn": "439",
        "geocode_result": "SUCC"
      }
    },
    {
      "type": "Feature",
      "id": "DG-0440",
      "geometry": {
        "type": "Point",
        "coordinates": [128.55596891662367, 35.92615241933061]
      },
      "properties": {
        "id": "DG-0440",
        "name": "신구암경로당",
        "gu": "북구",
        "facility_type": "경로당",
        "is_im_bank": false,
        "road_address": "대구광역시 북구  태암로18길  12   (구암동)",
        "kma_nx": 88,
        "kma_ny": 92,
        "source_geo_idn": "440",
        "geocode_result": "SUCC"
      }
    },
    {
      "type": "Feature",
      "id": "DG-0441",
      "geometry": {
        "type": "Point",
        "coordinates": [128.5559904351931, 35.93132108005766]
      },
      "properties": {
        "id": "DG-0441",
        "name": "대구은행 구암동지점",
        "gu": "북구",
        "facility_type": "금융기관",
        "is_im_bank": true,
        "road_address": "대구광역시 북구  구암로32길  6-20  (구암동)",
        "kma_nx": 88,
        "kma_ny": 92,
        "source_geo_idn": "441",
        "geocode_result": "SUCC"
      }
    },
    {
      "type": "Feature",
      "id": "DG-0442",
      "geometry": {
        "type": "Point",
        "coordinates": [128.56407440979885, 35.9432407893823]
      },
      "properties": {
        "id": "DG-0442",
        "name": "대구은행 학정로지점",
        "gu": "북구",
        "facility_type": "금융기관",
        "is_im_bank": true,
        "road_address": "대구광역시 북구  학정로  432   (구암동)",
        "kma_nx": 88,
        "kma_ny": 92,
        "source_geo_idn": "442",
        "geocode_result": "SUCC"
      }
    },
    {
      "type": "Feature",
      "id": "DG-0443",
      "geometry": {
        "type": "Point",
        "coordinates": [128.54855258390413, 35.93604553196994]
      },
      "properties": {
        "id": "DG-0443",
        "name": "대구은행 칠곡지점",
        "gu": "북구",
        "facility_type": "금융기관",
        "is_im_bank": true,
        "road_address": "대구광역시 북구  칠곡중앙대로  451   (관음동)",
        "kma_nx": 88,
        "kma_ny": 92,
        "source_geo_idn": "443",
        "geocode_result": "SUCC"
      }
    },
    {
      "type": "Feature",
      "id": "DG-0444",
      "geometry": {
        "type": "Point",
        "coordinates": [128.54838976787457, 35.93496986898593]
      },
      "properties": {
        "id": "DG-0444",
        "name": "KB국민은행 대구강북지점",
        "gu": "북구",
        "facility_type": "금융기관",
        "is_im_bank": false,
        "road_address": "대구광역시 북구  칠곡중앙대로  439   (관음동)",
        "kma_nx": 88,
        "kma_ny": 92,
        "source_geo_idn": "444",
        "geocode_result": "SUCC"
      }
    },
    {
      "type": "Feature",
      "id": "DG-0445",
      "geometry": {
        "type": "Point",
        "coordinates": [128.54732531535907, 35.944254522865506]
      },
      "properties": {
        "id": "DG-0445",
        "name": "관음동 주민센터",
        "gu": "북구",
        "facility_type": "행정복지센터",
        "is_im_bank": false,
        "road_address": "대구광역시 북구  관음동로  125 , 관음동 주민센터 (관음동)",
        "kma_nx": 88,
        "kma_ny": 92,
        "source_geo_idn": "445",
        "geocode_result": "SUCC"
      }
    },
    {
      "type": "Feature",
      "id": "DG-0446",
      "geometry": {
        "type": "Point",
        "coordinates": [128.54512736326677, 35.93586619523453]
      },
      "properties": {
        "id": "DG-0446",
        "name": "북구어울아트센터",
        "gu": "북구",
        "facility_type": "기타",
        "is_im_bank": false,
        "road_address": "대구광역시 북구  구암로  47 , 어울아트센터 (관음동)",
        "kma_nx": 88,
        "kma_ny": 92,
        "source_geo_idn": "446",
        "geocode_result": "SUCC"
      }
    },
    {
      "type": "Feature",
      "id": "DG-0447",
      "geometry": {
        "type": "Point",
        "coordinates": [128.54550722552136, 35.93784741759236]
      },
      "properties": {
        "id": "DG-0447",
        "name": "선린종합사회복지관",
        "gu": "북구",
        "facility_type": "기타",
        "is_im_bank": false,
        "road_address": "대구광역시 북구  관음동로9길  10-25  (관음동)",
        "kma_nx": 88,
        "kma_ny": 92,
        "source_geo_idn": "447",
        "geocode_result": "SUCC"
      }
    },
    {
      "type": "Feature",
      "id": "DG-0448",
      "geometry": {
        "type": "Point",
        "coordinates": [128.54669922048865, 35.93623884565384]
      },
      "properties": {
        "id": "DG-0448",
        "name": "강북노인복지관",
        "gu": "북구",
        "facility_type": "기타",
        "is_im_bank": false,
        "road_address": "대구광역시 북구  칠곡중앙대로91길  21 , 강북노인복지회관 (관음동)",
        "kma_nx": 88,
        "kma_ny": 92,
        "source_geo_idn": "448",
        "geocode_result": "SUCC"
      }
    },
    {
      "type": "Feature",
      "id": "DG-0449",
      "geometry": {
        "type": "Point",
        "coordinates": [128.5505739459097, 35.94581301382301]
      },
      "properties": {
        "id": "DG-0449",
        "name": "읍내동 주민센터",
        "gu": "북구",
        "facility_type": "행정복지센터",
        "is_im_bank": false,
        "road_address": "대구광역시 북구  칠곡중앙대로  561 , 읍내동 주민센터 (읍내동)",
        "kma_nx": 88,
        "kma_ny": 92,
        "source_geo_idn": "449",
        "geocode_result": "SUCC"
      }
    },
    {
      "type": "Feature",
      "id": "DG-0450",
      "geometry": {
        "type": "Point",
        "coordinates": [128.5524038034605, 35.93874245141813]
      },
      "properties": {
        "id": "DG-0450",
        "name": "구수산도서관",
        "gu": "북구",
        "facility_type": "기타",
        "is_im_bank": false,
        "road_address": "대구광역시 북구  대천로  21   (읍내동)",
        "kma_nx": 88,
        "kma_ny": 92,
        "source_geo_idn": "450",
        "geocode_result": "SUCC"
      }
    },
    {
      "type": "Feature",
      "id": "DG-0451",
      "geometry": {
        "type": "Point",
        "coordinates": [128.551651730118, 35.9467506848133]
      },
      "properties": {
        "id": "DG-0451",
        "name": "칠곡농협본점",
        "gu": "북구",
        "facility_type": "금융기관",
        "is_im_bank": false,
        "road_address": "대구광역시 북구  칠곡중앙대로  574   (읍내동)",
        "kma_nx": 88,
        "kma_ny": 92,
        "source_geo_idn": "451",
        "geocode_result": "SUCC"
      }
    },
    {
      "type": "Feature",
      "id": "DG-0452",
      "geometry": {
        "type": "Point",
        "coordinates": [128.55818250184313, 35.93732666880742]
      },
      "properties": {
        "id": "DG-0452",
        "name": "동천동 주민자치센터",
        "gu": "북구",
        "facility_type": "기타",
        "is_im_bank": false,
        "road_address": "대구광역시 북구 대천로 81",
        "kma_nx": 88,
        "kma_ny": 92,
        "source_geo_idn": "452",
        "geocode_result": "SUCC"
      }
    },
    {
      "type": "Feature",
      "id": "DG-0453",
      "geometry": {
        "type": "Point",
        "coordinates": [128.55818250184313, 35.93732666880742]
      },
      "properties": {
        "id": "DG-0453",
        "name": "동천동 주민센터",
        "gu": "북구",
        "facility_type": "행정복지센터",
        "is_im_bank": false,
        "road_address": "대구광역시 북구  대천로  81 , 동천동 주민센터 (동천동)",
        "kma_nx": 88,
        "kma_ny": 92,
        "source_geo_idn": "453",
        "geocode_result": "SUCC"
      }
    },
    {
      "type": "Feature",
      "id": "DG-0454",
      "geometry": {
        "type": "Point",
        "coordinates": [128.57770788375504, 35.88984827242789]
      },
      "properties": {
        "id": "DG-0454",
        "name": "노원새마을금고 본점",
        "gu": "북구",
        "facility_type": "금융기관",
        "is_im_bank": false,
        "road_address": "대구광역시 북구 오봉로6길 10",
        "kma_nx": 88,
        "kma_ny": 91,
        "source_geo_idn": "454",
        "geocode_result": "SUCC"
      }
    },
    {
      "type": "Feature",
      "id": "DG-0455",
      "geometry": {
        "type": "Point",
        "coordinates": [128.57540184914038, 35.9480272370617]
      },
      "properties": {
        "id": "DG-0455",
        "name": "국우동주민자치센터",
        "gu": "북구",
        "facility_type": "기타",
        "is_im_bank": false,
        "road_address": "대구광역시 북구  구리로  188 , 국우동 주민자치센터 (국우동)",
        "kma_nx": 88,
        "kma_ny": 92,
        "source_geo_idn": "455",
        "geocode_result": "SUCC"
      }
    },
    {
      "type": "Feature",
      "id": "DG-0456",
      "geometry": {
        "type": "Point",
        "coordinates": [128.57540184914038, 35.9480272370617]
      },
      "properties": {
        "id": "DG-0456",
        "name": "국우동주민센터",
        "gu": "북구",
        "facility_type": "행정복지센터",
        "is_im_bank": false,
        "road_address": "대구광역시 북구  구리로  188 , 국우동 주민자치센터 (국우동)",
        "kma_nx": 88,
        "kma_ny": 92,
        "source_geo_idn": "456",
        "geocode_result": "SUCC"
      }
    },
    {
      "type": "Feature",
      "id": "DG-0457",
      "geometry": {
        "type": "Point",
        "coordinates": [128.56706891500812, 35.9440379785098]
      },
      "properties": {
        "id": "DG-0457",
        "name": "그린빌5단지경로당",
        "gu": "북구",
        "facility_type": "경로당",
        "is_im_bank": false,
        "road_address": "대구광역시 북구  학정동로  10   (국우동, 칠곡그린빌 5,6단지)",
        "kma_nx": 88,
        "kma_ny": 92,
        "source_geo_idn": "457",
        "geocode_result": "SUCC"
      }
    },
    {
      "type": "Feature",
      "id": "DG-0458",
      "geometry": {
        "type": "Point",
        "coordinates": [128.57786152405268, 35.94866536420318]
      },
      "properties": {
        "id": "DG-0458",
        "name": "그린빌1단지경로당",
        "gu": "북구",
        "facility_type": "경로당",
        "is_im_bank": false,
        "road_address": "대구광역시 북구  구리로  250   (국우동, 그린빌1)",
        "kma_nx": 88,
        "kma_ny": 92,
        "source_geo_idn": "458",
        "geocode_result": "SUCC"
      }
    },
    {
      "type": "Feature",
      "id": "DG-0459",
      "geometry": {
        "type": "Point",
        "coordinates": [128.62750933168326, 35.85384096118704]
      },
      "properties": {
        "id": "DG-0459",
        "name": "범어1동 제1경로당",
        "gu": "수성구",
        "facility_type": "경로당",
        "is_im_bank": false,
        "road_address": "대구광역시 수성구  동대구로54길  7 ,  경로당 (범어동)",
        "kma_nx": 89,
        "kma_ny": 90,
        "source_geo_idn": "459",
        "geocode_result": "SUCC"
      }
    },
    {
      "type": "Feature",
      "id": "DG-0460",
      "geometry": {
        "type": "Point",
        "coordinates": [128.62303634237065, 35.851399910983915]
      },
      "properties": {
        "id": "DG-0460",
        "name": "범어1동 제2경로당",
        "gu": "수성구",
        "facility_type": "경로당",
        "is_im_bank": false,
        "road_address": "대구광역시 수성구 청솔로14길 39-2",
        "kma_nx": 89,
        "kma_ny": 90,
        "source_geo_idn": "460",
        "geocode_result": "SUCC"
      }
    },
    {
      "type": "Feature",
      "id": "DG-0461",
      "geometry": {
        "type": "Point",
        "coordinates": [128.62966668911358, 35.85757126957444]
      },
      "properties": {
        "id": "DG-0461",
        "name": "홀트대구종합복지관",
        "gu": "수성구",
        "facility_type": "기타",
        "is_im_bank": false,
        "road_address": "대구광역시 수성구  달구벌대로488길  13 ,  홀트종합사회복지관 (범어동)",
        "kma_nx": 89,
        "kma_ny": 90,
        "source_geo_idn": "461",
        "geocode_result": "SUCC"
      }
    },
    {
      "type": "Feature",
      "id": "DG-0462",
      "geometry": {
        "type": "Point",
        "coordinates": [128.62204833508216, 35.85571350269591]
      },
      "properties": {
        "id": "DG-0462",
        "name": "범어1동주민센터",
        "gu": "수성구",
        "facility_type": "행정복지센터",
        "is_im_bank": false,
        "road_address": "대구광역시 수성구 범어천로 97",
        "kma_nx": 89,
        "kma_ny": 90,
        "source_geo_idn": "462",
        "geocode_result": "SUCC"
      }
    },
    {
      "type": "Feature",
      "id": "DG-0463",
      "geometry": {
        "type": "Point",
        "coordinates": [128.63087516474457, 35.857987415216236]
      },
      "properties": {
        "id": "DG-0463",
        "name": "대구은행수성구청지점",
        "gu": "수성구",
        "facility_type": "금융기관",
        "is_im_bank": true,
        "road_address": "대구광역시 수성구  달구벌대로  2450 ,  수성구청 (범어동)",
        "kma_nx": 89,
        "kma_ny": 90,
        "source_geo_idn": "463",
        "geocode_result": "SUCC"
      }
    },
    {
      "type": "Feature",
      "id": "DG-0464",
      "geometry": {
        "type": "Point",
        "coordinates": [128.62938179533555, 35.85208899251948]
      },
      "properties": {
        "id": "DG-0464",
        "name": "대구은행범어푸른숲지점",
        "gu": "수성구",
        "facility_type": "금융기관",
        "is_im_bank": true,
        "road_address": "대구광역시 수성구 동대구로50길 37",
        "kma_nx": 89,
        "kma_ny": 90,
        "source_geo_idn": "464",
        "geocode_result": "SUCC"
      }
    },
    {
      "type": "Feature",
      "id": "DG-0465",
      "geometry": {
        "type": "Point",
        "coordinates": [128.6346425418946, 35.859244660028736]
      },
      "properties": {
        "id": "DG-0465",
        "name": "동대구농협본점",
        "gu": "수성구",
        "facility_type": "금융기관",
        "is_im_bank": false,
        "road_address": "대구광역시 수성구  달구벌대로  2487   (범어동)",
        "kma_nx": 89,
        "kma_ny": 90,
        "source_geo_idn": "465",
        "geocode_result": "SUCC"
      }
    },
    {
      "type": "Feature",
      "id": "DG-0466",
      "geometry": {
        "type": "Point",
        "coordinates": [128.62741356136974, 35.86453338278529]
      },
      "properties": {
        "id": "DG-0466",
        "name": "대구은행동대구로지점",
        "gu": "수성구",
        "facility_type": "금융기관",
        "is_im_bank": true,
        "road_address": "대구광역시 수성구  동대구로  382   (범어동)",
        "kma_nx": 89,
        "kma_ny": 90,
        "source_geo_idn": "466",
        "geocode_result": "SUCC"
      }
    },
    {
      "type": "Feature",
      "id": "DG-0467",
      "geometry": {
        "type": "Point",
        "coordinates": [128.63127692488726, 35.8600906260244]
      },
      "properties": {
        "id": "DG-0467",
        "name": "범어2동주민센터",
        "gu": "수성구",
        "facility_type": "행정복지센터",
        "is_im_bank": false,
        "road_address": "대구광역시 수성구  달구벌대로489안길  7 ,  범어2동주민센터 (범어동)",
        "kma_nx": 89,
        "kma_ny": 90,
        "source_geo_idn": "467",
        "geocode_result": "SUCC"
      }
    },
    {
      "type": "Feature",
      "id": "DG-0468",
      "geometry": {
        "type": "Point",
        "coordinates": [128.63067775279188, 35.85937424565486]
      },
      "properties": {
        "id": "DG-0468",
        "name": "범어도서관",
        "gu": "수성구",
        "facility_type": "기타",
        "is_im_bank": false,
        "road_address": "대구광역시 수성구 달구벌대로 2451",
        "kma_nx": 89,
        "kma_ny": 90,
        "source_geo_idn": "468",
        "geocode_result": "SUCC"
      }
    },
    {
      "type": "Feature",
      "id": "DG-0469",
      "geometry": {
        "type": "Point",
        "coordinates": [128.63887957693152, 35.86373586958122]
      },
      "properties": {
        "id": "DG-0469",
        "name": "범어2동 제1경로당",
        "gu": "수성구",
        "facility_type": "경로당",
        "is_im_bank": false,
        "road_address": "대구광역시 수성구  동원로11길  14   (범어동)",
        "kma_nx": 90,
        "kma_ny": 90,
        "source_geo_idn": "469",
        "geocode_result": "SUCC"
      }
    },
    {
      "type": "Feature",
      "id": "DG-0470",
      "geometry": {
        "type": "Point",
        "coordinates": [128.6203945616174, 35.865392446549095]
      },
      "properties": {
        "id": "DG-0470",
        "name": "범어3동 제1경로당",
        "gu": "수성구",
        "facility_type": "경로당",
        "is_im_bank": false,
        "road_address": "대구광역시 수성구 들안로78길 46",
        "kma_nx": 89,
        "kma_ny": 90,
        "source_geo_idn": "470",
        "geocode_result": "SUCC"
      }
    },
    {
      "type": "Feature",
      "id": "DG-0471",
      "geometry": {
        "type": "Point",
        "coordinates": [128.61780070520575, 35.866101464990805]
      },
      "properties": {
        "id": "DG-0471",
        "name": "범어3동주민센터",
        "gu": "수성구",
        "facility_type": "행정복지센터",
        "is_im_bank": false,
        "road_address": "대구광역시 수성구  들안로  403-1,  범어3동주민센터 (범어동)",
        "kma_nx": 89,
        "kma_ny": 90,
        "source_geo_idn": "471",
        "geocode_result": "SUCC"
      }
    },
    {
      "type": "Feature",
      "id": "DG-0472",
      "geometry": {
        "type": "Point",
        "coordinates": [128.6242332195739, 35.86405737542575]
      },
      "properties": {
        "id": "DG-0472",
        "name": "동대구농협범어3동지점",
        "gu": "수성구",
        "facility_type": "금융기관",
        "is_im_bank": false,
        "road_address": "대구광역시 수성구  상록로  52   (범어동)",
        "kma_nx": 89,
        "kma_ny": 90,
        "source_geo_idn": "472",
        "geocode_result": "SUCC"
      }
    },
    {
      "type": "Feature",
      "id": "DG-0473",
      "geometry": {
        "type": "Point",
        "coordinates": [128.62366091482352, 35.85966394496403]
      },
      "properties": {
        "id": "DG-0473",
        "name": "대구은행범어동지점",
        "gu": "수성구",
        "facility_type": "금융기관",
        "is_im_bank": true,
        "road_address": "대구광역시 수성구  달구벌대로  2387   (범어동)",
        "kma_nx": 89,
        "kma_ny": 90,
        "source_geo_idn": "473",
        "geocode_result": "SUCC"
      }
    },
    {
      "type": "Feature",
      "id": "DG-0474",
      "geometry": {
        "type": "Point",
        "coordinates": [128.62062975669684, 35.86367710704954]
      },
      "properties": {
        "id": "DG-0474",
        "name": "대구은행범어3동지점",
        "gu": "수성구",
        "facility_type": "금융기관",
        "is_im_bank": true,
        "road_address": "대구광역시 수성구 범어천로 200",
        "kma_nx": 89,
        "kma_ny": 90,
        "source_geo_idn": "474",
        "geocode_result": "SUCC"
      }
    },
    {
      "type": "Feature",
      "id": "DG-0475",
      "geometry": {
        "type": "Point",
        "coordinates": [128.63275576732573, 35.85835836873742]
      },
      "properties": {
        "id": "DG-0475",
        "name": "국민은행범어4동지점",
        "gu": "수성구",
        "facility_type": "금융기관",
        "is_im_bank": false,
        "road_address": "대구광역시 수성구  달구벌대로  2470 ,  동신건물사옥 (범어동)",
        "kma_nx": 89,
        "kma_ny": 90,
        "source_geo_idn": "475",
        "geocode_result": "SUCC"
      }
    },
    {
      "type": "Feature",
      "id": "DG-0476",
      "geometry": {
        "type": "Point",
        "coordinates": [128.63387762128053, 35.856710250075864]
      },
      "properties": {
        "id": "DG-0476",
        "name": "대구은행범어4동지점",
        "gu": "수성구",
        "facility_type": "금융기관",
        "is_im_bank": true,
        "road_address": "대구광역시 수성구 달구벌대로496길 26",
        "kma_nx": 89,
        "kma_ny": 90,
        "source_geo_idn": "476",
        "geocode_result": "SUCC"
      }
    },
    {
      "type": "Feature",
      "id": "DG-0477",
      "geometry": {
        "type": "Point",
        "coordinates": [128.64124784250833, 35.858112873665064]
      },
      "properties": {
        "id": "DG-0477",
        "name": "범어4동주민센터",
        "gu": "수성구",
        "facility_type": "행정복지센터",
        "is_im_bank": false,
        "road_address": "대구광역시 수성구  범어로20길  97 ,  범어4동주민센터 (범어동)",
        "kma_nx": 90,
        "kma_ny": 90,
        "source_geo_idn": "477",
        "geocode_result": "SUCC"
      }
    },
    {
      "type": "Feature",
      "id": "DG-0478",
      "geometry": {
        "type": "Point",
        "coordinates": [128.63923371641357, 35.85684994643121]
      },
      "properties": {
        "id": "DG-0478",
        "name": "범어4동제1경로당",
        "gu": "수성구",
        "facility_type": "경로당",
        "is_im_bank": false,
        "road_address": "대구광역시 수성구 청호로85길 46",
        "kma_nx": 90,
        "kma_ny": 90,
        "source_geo_idn": "478",
        "geocode_result": "SUCC"
      }
    },
    {
      "type": "Feature",
      "id": "DG-0479",
      "geometry": {
        "type": "Point",
        "coordinates": [128.63713876804417, 35.85768233270076]
      },
      "properties": {
        "id": "DG-0479",
        "name": "범어4동제2경로당",
        "gu": "수성구",
        "facility_type": "경로당",
        "is_im_bank": false,
        "road_address": "대구광역시 수성구 범어로20길 24-1",
        "kma_nx": 90,
        "kma_ny": 90,
        "source_geo_idn": "479",
        "geocode_result": "SUCC"
      }
    },
    {
      "type": "Feature",
      "id": "DG-0480",
      "geometry": {
        "type": "Point",
        "coordinates": [128.6421825251633, 35.85620049987005]
      },
      "properties": {
        "id": "DG-0480",
        "name": "유신경로당",
        "gu": "수성구",
        "facility_type": "경로당",
        "is_im_bank": false,
        "road_address": "대구광역시 수성구 청호로88안길 29-3",
        "kma_nx": 90,
        "kma_ny": 90,
        "source_geo_idn": "480",
        "geocode_result": "SUCC"
      }
    },
    {
      "type": "Feature",
      "id": "DG-0481",
      "geometry": {
        "type": "Point",
        "coordinates": [128.64005224718144, 35.866275488683165]
      },
      "properties": {
        "id": "DG-0481",
        "name": "만촌1동주민센터",
        "gu": "수성구",
        "facility_type": "행정복지센터",
        "is_im_bank": false,
        "road_address": "대구광역시 수성구 국채보상로 1001",
        "kma_nx": 90,
        "kma_ny": 90,
        "source_geo_idn": "481",
        "geocode_result": "SUCC"
      }
    },
    {
      "type": "Feature",
      "id": "DG-0482",
      "geometry": {
        "type": "Point",
        "coordinates": [128.63346936719805, 35.86918035084035]
      },
      "properties": {
        "id": "DG-0482",
        "name": "대구은행메트로팔레스지점",
        "gu": "수성구",
        "facility_type": "금융기관",
        "is_im_bank": true,
        "road_address": "대구광역시 수성구  동원로  135   (만촌동, 메트로팔레스)",
        "kma_nx": 89,
        "kma_ny": 90,
        "source_geo_idn": "482",
        "geocode_result": "SUCC"
      }
    },
    {
      "type": "Feature",
      "id": "DG-0483",
      "geometry": {
        "type": "Point",
        "coordinates": [128.64601324589472, 35.859446232284604]
      },
      "properties": {
        "id": "DG-0483",
        "name": "KEB하나은행만촌동지점",
        "gu": "수성구",
        "facility_type": "금융기관",
        "is_im_bank": false,
        "road_address": "대구광역시 수성구 무열로 5",
        "kma_nx": 90,
        "kma_ny": 90,
        "source_geo_idn": "483",
        "geocode_result": "SUCC"
      }
    },
    {
      "type": "Feature",
      "id": "DG-0484",
      "geometry": {
        "type": "Point",
        "coordinates": [128.64722618149102, 35.859858546074925]
      },
      "properties": {
        "id": "DG-0484",
        "name": "만촌2동주민센터",
        "gu": "수성구",
        "facility_type": "행정복지센터",
        "is_im_bank": false,
        "road_address": "대구광역시 수성구  무열로  12   (만촌동)",
        "kma_nx": 90,
        "kma_ny": 90,
        "source_geo_idn": "484",
        "geocode_result": "SUCC"
      }
    },
    {
      "type": "Feature",
      "id": "DG-0485",
      "geometry": {
        "type": "Point",
        "coordinates": [128.64302361193052, 35.86219778471176]
      },
      "properties": {
        "id": "DG-0485",
        "name": "만촌경로당",
        "gu": "수성구",
        "facility_type": "경로당",
        "is_im_bank": false,
        "road_address": "대구광역시 수성구 동원로6길 50-13",
        "kma_nx": 90,
        "kma_ny": 90,
        "source_geo_idn": "485",
        "geocode_result": "SUCC"
      }
    },
    {
      "type": "Feature",
      "id": "DG-0486",
      "geometry": {
        "type": "Point",
        "coordinates": [128.64901455772088, 35.856413291712585]
      },
      "properties": {
        "id": "DG-0486",
        "name": "만촌3동 제1경로당",
        "gu": "수성구",
        "facility_type": "경로당",
        "is_im_bank": false,
        "road_address": "대구광역시 수성구  달구벌대로526안길  6   (만촌동)",
        "kma_nx": 90,
        "kma_ny": 90,
        "source_geo_idn": "486",
        "geocode_result": "SUCC"
      }
    },
    {
      "type": "Feature",
      "id": "DG-0487",
      "geometry": {
        "type": "Point",
        "coordinates": [128.65056766740238, 35.855508846387934]
      },
      "properties": {
        "id": "DG-0487",
        "name": "만촌3동 행복복지센터",
        "gu": "수성구",
        "facility_type": "기타",
        "is_im_bank": false,
        "road_address": "대구광역시 수성구  교학로2길  45 ,  만촌3동주민센터 (만촌동)",
        "kma_nx": 90,
        "kma_ny": 90,
        "source_geo_idn": "487",
        "geocode_result": "SUCC"
      }
    },
    {
      "type": "Feature",
      "id": "DG-0488",
      "geometry": {
        "type": "Point",
        "coordinates": [128.65371208257136, 35.848296151279754]
      },
      "properties": {
        "id": "DG-0488",
        "name": "대구은행만촌우방타운지점",
        "gu": "수성구",
        "facility_type": "금융기관",
        "is_im_bank": true,
        "road_address": "대구광역시 수성구  교학로11길  46   (만촌동, 만촌우방타운)",
        "kma_nx": 90,
        "kma_ny": 90,
        "source_geo_idn": "488",
        "geocode_result": "SUCC"
      }
    },
    {
      "type": "Feature",
      "id": "DG-0489",
      "geometry": {
        "type": "Point",
        "coordinates": [128.64849904563587, 35.857177322804624]
      },
      "properties": {
        "id": "DG-0489",
        "name": "대구은행만촌역지점",
        "gu": "수성구",
        "facility_type": "금융기관",
        "is_im_bank": true,
        "road_address": "대구광역시 수성구  달구벌대로  2620   (만촌동)",
        "kma_nx": 90,
        "kma_ny": 90,
        "source_geo_idn": "489",
        "geocode_result": "SUCC"
      }
    },
    {
      "type": "Feature",
      "id": "DG-0490",
      "geometry": {
        "type": "Point",
        "coordinates": [128.65371208257136, 35.848296151279754]
      },
      "properties": {
        "id": "DG-0490",
        "name": "동대구농협만촌우방지점",
        "gu": "수성구",
        "facility_type": "금융기관",
        "is_im_bank": false,
        "road_address": "대구광역시 수성구  교학로11길  46   (만촌동, 만촌우방타운)",
        "kma_nx": 90,
        "kma_ny": 90,
        "source_geo_idn": "490",
        "geocode_result": "SUCC"
      }
    },
    {
      "type": "Feature",
      "id": "DG-0491",
      "geometry": {
        "type": "Point",
        "coordinates": [128.6529846283177, 35.85484121099209]
      },
      "properties": {
        "id": "DG-0491",
        "name": "동대구농협만촌지점",
        "gu": "수성구",
        "facility_type": "금융기관",
        "is_im_bank": false,
        "road_address": "대구광역시 수성구  달구벌대로  2668   (만촌동)",
        "kma_nx": 90,
        "kma_ny": 90,
        "source_geo_idn": "491",
        "geocode_result": "SUCC"
      }
    },
    {
      "type": "Feature",
      "id": "DG-0492",
      "geometry": {
        "type": "Point",
        "coordinates": [128.6104084628834, 35.85049569618356]
      },
      "properties": {
        "id": "DG-0492",
        "name": "수성1가동 제1경로당",
        "gu": "수성구",
        "facility_type": "경로당",
        "is_im_bank": false,
        "road_address": "대구광역시 수성구 수성로53길 50-4",
        "kma_nx": 89,
        "kma_ny": 90,
        "source_geo_idn": "492",
        "geocode_result": "SUCC"
      }
    },
    {
      "type": "Feature",
      "id": "DG-0493",
      "geometry": {
        "type": "Point",
        "coordinates": [128.61034269915422, 35.855124849285126]
      },
      "properties": {
        "id": "DG-0493",
        "name": "수성1가동주민센터",
        "gu": "수성구",
        "facility_type": "행정복지센터",
        "is_im_bank": false,
        "road_address": "대구광역시 수성구  명덕로73길  7 ,  수성1가주민센터 (수성동1가)",
        "kma_nx": 89,
        "kma_ny": 90,
        "source_geo_idn": "493",
        "geocode_result": "SUCC"
      }
    },
    {
      "type": "Feature",
      "id": "DG-0494",
      "geometry": {
        "type": "Point",
        "coordinates": [128.61900934928005, 35.85476684897473]
      },
      "properties": {
        "id": "DG-0494",
        "name": "수성2.3가동주민센터",
        "gu": "수성구",
        "facility_type": "행정복지센터",
        "is_im_bank": false,
        "road_address": "대구광역시 수성구  명덕로  443-2,  수성2,3가 주민센터 (수성동3가)",
        "kma_nx": 89,
        "kma_ny": 90,
        "source_geo_idn": "494",
        "geocode_result": "SUCC"
      }
    },
    {
      "type": "Feature",
      "id": "DG-0495",
      "geometry": {
        "type": "Point",
        "coordinates": [128.61936835554476, 35.859137952349485]
      },
      "properties": {
        "id": "DG-0495",
        "name": "수협은행경북지역본부",
        "gu": "수성구",
        "facility_type": "금융기관",
        "is_im_bank": false,
        "road_address": "대구광역시 수성구  달구벌대로  2348 ,  수협G타워 (수성동3가)",
        "kma_nx": 89,
        "kma_ny": 90,
        "source_geo_idn": "495",
        "geocode_result": "SUCC"
      }
    },
    {
      "type": "Feature",
      "id": "DG-0496",
      "geometry": {
        "type": "Point",
        "coordinates": [128.6204248673863, 35.856005756117526]
      },
      "properties": {
        "id": "DG-0496",
        "name": "동대구농협수성지점",
        "gu": "수성구",
        "facility_type": "금융기관",
        "is_im_bank": false,
        "road_address": "대구광역시 수성구 명덕로 455",
        "kma_nx": 89,
        "kma_ny": 90,
        "source_geo_idn": "496",
        "geocode_result": "SUCC"
      }
    },
    {
      "type": "Feature",
      "id": "DG-0497",
      "geometry": {
        "type": "Point",
        "coordinates": [128.61469027532067, 35.85903151360538]
      },
      "properties": {
        "id": "DG-0497",
        "name": "대구은행본점영업부",
        "gu": "수성구",
        "facility_type": "금융기관",
        "is_im_bank": true,
        "road_address": "대구광역시 수성구  달구벌대로  2310 ,  대구은행본점 (수성동2가)",
        "kma_nx": 89,
        "kma_ny": 90,
        "source_geo_idn": "497",
        "geocode_result": "SUCC"
      }
    },
    {
      "type": "Feature",
      "id": "DG-0498",
      "geometry": {
        "type": "Point",
        "coordinates": [128.61664563613593, 35.86264942801351]
      },
      "properties": {
        "id": "DG-0498",
        "name": "수성4가동주민센터",
        "gu": "수성구",
        "facility_type": "행정복지센터",
        "is_im_bank": false,
        "road_address": "대구광역시 수성구  들안로67길  64 ,  수성4가동주민센터 (수성동4가)",
        "kma_nx": 89,
        "kma_ny": 90,
        "source_geo_idn": "498",
        "geocode_result": "SUCC"
      }
    },
    {
      "type": "Feature",
      "id": "DG-0499",
      "geometry": {
        "type": "Point",
        "coordinates": [128.62214949172952, 35.86024307284903]
      },
      "properties": {
        "id": "DG-0499",
        "name": "수성4가 경로당",
        "gu": "수성구",
        "facility_type": "경로당",
        "is_im_bank": false,
        "road_address": "대구광역시 수성구  범어천로  151   (수성동4가)",
        "kma_nx": 89,
        "kma_ny": 90,
        "source_geo_idn": "499",
        "geocode_result": "SUCC"
      }
    },
    {
      "type": "Feature",
      "id": "DG-0500",
      "geometry": {
        "type": "Point",
        "coordinates": [128.63116386507855, 35.842902005997516]
      },
      "properties": {
        "id": "DG-0500",
        "name": "황금복지관",
        "gu": "수성구",
        "facility_type": "기타",
        "is_im_bank": false,
        "road_address": "대구광역시 수성구  청수로45길  41   (황금동, 황금주공3단지임대아파트)",
        "kma_nx": 89,
        "kma_ny": 90,
        "source_geo_idn": "500",
        "geocode_result": "SUCC"
      }
    },
    {
      "type": "Feature",
      "id": "DG-0501",
      "geometry": {
        "type": "Point",
        "coordinates": [128.63814538701632, 35.843982101438904]
      },
      "properties": {
        "id": "DG-0501",
        "name": "황금1동주민센터",
        "gu": "수성구",
        "facility_type": "행정복지센터",
        "is_im_bank": false,
        "road_address": "대구광역시 수성구  청호로57길  10 ,  황금1동주민센터 (황금동)",
        "kma_nx": 90,
        "kma_ny": 90,
        "source_geo_idn": "501",
        "geocode_result": "SUCC"
      }
    },
    {
      "type": "Feature",
      "id": "DG-0502",
      "geometry": {
        "type": "Point",
        "coordinates": [128.63649925227875, 35.84100193429347]
      },
      "properties": {
        "id": "DG-0502",
        "name": "대구은행황금동지점",
        "gu": "수성구",
        "facility_type": "금융기관",
        "is_im_bank": true,
        "road_address": "대구광역시 수성구  청수로  261   (황금동, 캐슬골드파크 4단지)",
        "kma_nx": 90,
        "kma_ny": 90,
        "source_geo_idn": "502",
        "geocode_result": "SUCC"
      }
    },
    {
      "type": "Feature",
      "id": "DG-0503",
      "geometry": {
        "type": "Point",
        "coordinates": [128.62353670611506, 35.8403271219939]
      },
      "properties": {
        "id": "DG-0503",
        "name": "대구은행황금네거리지점",
        "gu": "수성구",
        "facility_type": "금융기관",
        "is_im_bank": true,
        "road_address": "대구광역시 수성구  동대구로  111 ,  황금빌딩 (황금동)",
        "kma_nx": 89,
        "kma_ny": 90,
        "source_geo_idn": "503",
        "geocode_result": "SUCC"
      }
    },
    {
      "type": "Feature",
      "id": "DG-0504",
      "geometry": {
        "type": "Point",
        "coordinates": [128.62520407426385, 35.841551760520346]
      },
      "properties": {
        "id": "DG-0504",
        "name": "황금2동주민센터",
        "gu": "수성구",
        "facility_type": "행정복지센터",
        "is_im_bank": false,
        "road_address": "대구광역시 수성구  청수로31길  45 ,  황금2동주민센터 (황금동)",
        "kma_nx": 89,
        "kma_ny": 90,
        "source_geo_idn": "504",
        "geocode_result": "SUCC"
      }
    },
    {
      "type": "Feature",
      "id": "DG-0505",
      "geometry": {
        "type": "Point",
        "coordinates": [128.61888044049803, 35.84755584380926]
      },
      "properties": {
        "id": "DG-0505",
        "name": "황금2동 제2경로당",
        "gu": "수성구",
        "facility_type": "경로당",
        "is_im_bank": false,
        "road_address": "대구광역시 수성구  들안로40안길  7-20  (황금동)",
        "kma_nx": 89,
        "kma_ny": 90,
        "source_geo_idn": "505",
        "geocode_result": "SUCC"
      }
    },
    {
      "type": "Feature",
      "id": "DG-0506",
      "geometry": {
        "type": "Point",
        "coordinates": [128.61517344585613, 35.84989103925038]
      },
      "properties": {
        "id": "DG-0506",
        "name": "중부리경로당",
        "gu": "수성구",
        "facility_type": "경로당",
        "is_im_bank": false,
        "road_address": "대구광역시 수성구 수성로52안길 7-10",
        "kma_nx": 89,
        "kma_ny": 90,
        "source_geo_idn": "506",
        "geocode_result": "SUCC"
      }
    },
    {
      "type": "Feature",
      "id": "DG-0507",
      "geometry": {
        "type": "Point",
        "coordinates": [128.61213228680836, 35.84488548444956]
      },
      "properties": {
        "id": "DG-0507",
        "name": "수성구보건소",
        "gu": "수성구",
        "facility_type": "기타",
        "is_im_bank": false,
        "road_address": "대구광역시 수성구  수성로  213 ,  수성구보건소 (중동)",
        "kma_nx": 89,
        "kma_ny": 90,
        "source_geo_idn": "507",
        "geocode_result": "SUCC"
      }
    },
    {
      "type": "Feature",
      "id": "DG-0508",
      "geometry": {
        "type": "Point",
        "coordinates": [128.61509086044677, 35.84734732140036]
      },
      "properties": {
        "id": "DG-0508",
        "name": "중동행정복지센터",
        "gu": "수성구",
        "facility_type": "행정복지센터",
        "is_im_bank": false,
        "road_address": "대구광역시 수성구  수성로50길  38 ,  중동주민센터 (중동)",
        "kma_nx": 89,
        "kma_ny": 90,
        "source_geo_idn": "508",
        "geocode_result": "SUCC"
      }
    },
    {
      "type": "Feature",
      "id": "DG-0509",
      "geometry": {
        "type": "Point",
        "coordinates": [128.6123749136296, 35.8468106763361]
      },
      "properties": {
        "id": "DG-0509",
        "name": "NH농협대구영업부",
        "gu": "수성구",
        "facility_type": "금융기관",
        "is_im_bank": false,
        "road_address": "대구광역시 수성구  희망로  124   (중동)",
        "kma_nx": 89,
        "kma_ny": 90,
        "source_geo_idn": "509",
        "geocode_result": "SUCC"
      }
    },
    {
      "type": "Feature",
      "id": "DG-0510",
      "geometry": {
        "type": "Point",
        "coordinates": [128.61231584323178, 35.84411164184194]
      },
      "properties": {
        "id": "DG-0510",
        "name": "중동새마을금고본점",
        "gu": "수성구",
        "facility_type": "금융기관",
        "is_im_bank": false,
        "road_address": "대구광역시 수성구 수성로 207",
        "kma_nx": 89,
        "kma_ny": 90,
        "source_geo_idn": "510",
        "geocode_result": "SUCC"
      }
    },
    {
      "type": "Feature",
      "id": "DG-0511",
      "geometry": {
        "type": "Point",
        "coordinates": [128.61319919208745, 35.84750610724038]
      },
      "properties": {
        "id": "DG-0511",
        "name": "대구은행중동지점",
        "gu": "수성구",
        "facility_type": "금융기관",
        "is_im_bank": true,
        "road_address": "대구광역시 수성구  수성로  248   (중동)",
        "kma_nx": 89,
        "kma_ny": 90,
        "source_geo_idn": "511",
        "geocode_result": "SUCC"
      }
    },
    {
      "type": "Feature",
      "id": "DG-0512",
      "geometry": {
        "type": "Point",
        "coordinates": [128.61199650726186, 35.835551447073655]
      },
      "properties": {
        "id": "DG-0512",
        "name": "동대구농협상동지점",
        "gu": "수성구",
        "facility_type": "금융기관",
        "is_im_bank": false,
        "road_address": "대구광역시 수성구  수성로  114   (상동)",
        "kma_nx": 89,
        "kma_ny": 90,
        "source_geo_idn": "512",
        "geocode_result": "SUCC"
      }
    },
    {
      "type": "Feature",
      "id": "DG-0513",
      "geometry": {
        "type": "Point",
        "coordinates": [128.60987326501657, 35.8259881130173]
      },
      "properties": {
        "id": "DG-0513",
        "name": "대구은행파동지점",
        "gu": "수성구",
        "facility_type": "금융기관",
        "is_im_bank": true,
        "road_address": "대구광역시 수성구  수성로  5   (상동)",
        "kma_nx": 89,
        "kma_ny": 90,
        "source_geo_idn": "513",
        "geocode_result": "SUCC"
      }
    },
    {
      "type": "Feature",
      "id": "DG-0514",
      "geometry": {
        "type": "Point",
        "coordinates": [128.61545954416192, 35.83212744386843]
      },
      "properties": {
        "id": "DG-0514",
        "name": "상동주민센터",
        "gu": "수성구",
        "facility_type": "행정복지센터",
        "is_im_bank": false,
        "road_address": "대구광역시 수성구  들안로9길  56 ,  상동주민센터 (상동)",
        "kma_nx": 89,
        "kma_ny": 90,
        "source_geo_idn": "514",
        "geocode_result": "SUCC"
      }
    },
    {
      "type": "Feature",
      "id": "DG-0515",
      "geometry": {
        "type": "Point",
        "coordinates": [128.61521120859192, 35.81550643104952]
      },
      "properties": {
        "id": "DG-0515",
        "name": "파동행정복지센터",
        "gu": "수성구",
        "facility_type": "행정복지센터",
        "is_im_bank": false,
        "road_address": "대구광역시 수성구  파동로  136 ,  파동주민센터 (파동)",
        "kma_nx": 89,
        "kma_ny": 89,
        "source_geo_idn": "515",
        "geocode_result": "SUCC"
      }
    },
    {
      "type": "Feature",
      "id": "DG-0516",
      "geometry": {
        "type": "Point",
        "coordinates": [128.61814906108012, 35.810456529454115]
      },
      "properties": {
        "id": "DG-0516",
        "name": "파동평생학습센터",
        "gu": "수성구",
        "facility_type": "기타",
        "is_im_bank": false,
        "road_address": "대구광역시 수성구 파동로3길 62",
        "kma_nx": 89,
        "kma_ny": 89,
        "source_geo_idn": "516",
        "geocode_result": "SUCC"
      }
    },
    {
      "type": "Feature",
      "id": "DG-0517",
      "geometry": {
        "type": "Point",
        "coordinates": [128.61307587056098, 35.81911446993095]
      },
      "properties": {
        "id": "DG-0517",
        "name": "두레새마을금고",
        "gu": "수성구",
        "facility_type": "금융기관",
        "is_im_bank": false,
        "road_address": "대구광역시 수성구  파동로  180-1  (파동)",
        "kma_nx": 89,
        "kma_ny": 89,
        "source_geo_idn": "517",
        "geocode_result": "SUCC"
      }
    },
    {
      "type": "Feature",
      "id": "DG-0518",
      "geometry": {
        "type": "Point",
        "coordinates": [128.61996795972843, 35.80871984564538]
      },
      "properties": {
        "id": "DG-0518",
        "name": "파동우체국",
        "gu": "수성구",
        "facility_type": "기타",
        "is_im_bank": false,
        "road_address": "대구광역시 수성구  파동로  49 ,  파동우체국 (파동)",
        "kma_nx": 89,
        "kma_ny": 89,
        "source_geo_idn": "518",
        "geocode_result": "SUCC"
      }
    },
    {
      "type": "Feature",
      "id": "DG-0519",
      "geometry": {
        "type": "Point",
        "coordinates": [128.62254676170758, 35.83584559130196]
      },
      "properties": {
        "id": "DG-0519",
        "name": "대구은행두산동지점",
        "gu": "수성구",
        "facility_type": "금융기관",
        "is_im_bank": true,
        "road_address": "대구광역시 수성구  동대구로  59   (두산동, 대우트럼프월드 수성)",
        "kma_nx": 89,
        "kma_ny": 90,
        "source_geo_idn": "519",
        "geocode_result": "SUCC"
      }
    },
    {
      "type": "Feature",
      "id": "DG-0520",
      "geometry": {
        "type": "Point",
        "coordinates": [128.62057812175362, 35.82937671018427]
      },
      "properties": {
        "id": "DG-0520",
        "name": "두산동주민센터",
        "gu": "수성구",
        "facility_type": "행정복지센터",
        "is_im_bank": false,
        "road_address": "대구광역시 수성구  무학로  112 ,  두산동주민센터 (두산동)",
        "kma_nx": 89,
        "kma_ny": 90,
        "source_geo_idn": "520",
        "geocode_result": "SUCC"
      }
    },
    {
      "type": "Feature",
      "id": "DG-0521",
      "geometry": {
        "type": "Point",
        "coordinates": [128.61966654980174, 35.83417948678949]
      },
      "properties": {
        "id": "DG-0521",
        "name": "두산경로당",
        "gu": "수성구",
        "facility_type": "경로당",
        "is_im_bank": false,
        "road_address": "대구광역시 수성구  들안로8길  68-5  (두산동)",
        "kma_nx": 89,
        "kma_ny": 90,
        "source_geo_idn": "521",
        "geocode_result": "SUCC"
      }
    },
    {
      "type": "Feature",
      "id": "DG-0522",
      "geometry": {
        "type": "Point",
        "coordinates": [128.64252048843662, 35.82406842113787]
      },
      "properties": {
        "id": "DG-0522",
        "name": "지산복지관",
        "gu": "수성구",
        "facility_type": "기타",
        "is_im_bank": false,
        "road_address": "대구광역시 수성구  용학로  325   (지산동, 지산5단지아파트)",
        "kma_nx": 90,
        "kma_ny": 90,
        "source_geo_idn": "522",
        "geocode_result": "SUCC"
      }
    },
    {
      "type": "Feature",
      "id": "DG-0523",
      "geometry": {
        "type": "Point",
        "coordinates": [128.63700539141394, 35.824915057744356]
      },
      "properties": {
        "id": "DG-0523",
        "name": "지산1동주민센터",
        "gu": "수성구",
        "facility_type": "행정복지센터",
        "is_im_bank": false,
        "road_address": "대구광역시 수성구  지범로21길  16 ,  지산1동주민센터 (지산동)",
        "kma_nx": 90,
        "kma_ny": 90,
        "source_geo_idn": "523",
        "geocode_result": "SUCC"
      }
    },
    {
      "type": "Feature",
      "id": "DG-0524",
      "geometry": {
        "type": "Point",
        "coordinates": [128.63643354297966, 35.82357834059271]
      },
      "properties": {
        "id": "DG-0524",
        "name": "대구은행지산1동지점",
        "gu": "수성구",
        "facility_type": "금융기관",
        "is_im_bank": true,
        "road_address": "대구광역시 수성구  지범로  145   (지산동)",
        "kma_nx": 90,
        "kma_ny": 89,
        "source_geo_idn": "524",
        "geocode_result": "SUCC"
      }
    },
    {
      "type": "Feature",
      "id": "DG-0525",
      "geometry": {
        "type": "Point",
        "coordinates": [128.63234836837032, 35.8209845387053]
      },
      "properties": {
        "id": "DG-0525",
        "name": "동대구농협수동지점",
        "gu": "수성구",
        "facility_type": "금융기관",
        "is_im_bank": false,
        "road_address": "대구광역시 수성구  용학로  220   (지산동)",
        "kma_nx": 89,
        "kma_ny": 89,
        "source_geo_idn": "525",
        "geocode_result": "SUCC"
      }
    },
    {
      "type": "Feature",
      "id": "DG-0526",
      "geometry": {
        "type": "Point",
        "coordinates": [128.6280194065843, 35.823126710653185]
      },
      "properties": {
        "id": "DG-0526",
        "name": "지산2동주민센터",
        "gu": "수성구",
        "facility_type": "행정복지센터",
        "is_im_bank": false,
        "road_address": "대구광역시 수성구  용학로33길  9 ,  지산2동주민센터 (지산동)",
        "kma_nx": 89,
        "kma_ny": 89,
        "source_geo_idn": "526",
        "geocode_result": "SUCC"
      }
    },
    {
      "type": "Feature",
      "id": "DG-0527",
      "geometry": {
        "type": "Point",
        "coordinates": [128.62758885543377, 35.82371648478953]
      },
      "properties": {
        "id": "DG-0527",
        "name": "지산2동 경로당",
        "gu": "수성구",
        "facility_type": "경로당",
        "is_im_bank": false,
        "road_address": "대구광역시 수성구  용학로33길  17-16  (지산동)",
        "kma_nx": 89,
        "kma_ny": 89,
        "source_geo_idn": "527",
        "geocode_result": "SUCC"
      }
    },
    {
      "type": "Feature",
      "id": "DG-0528",
      "geometry": {
        "type": "Point",
        "coordinates": [128.64846179681336, 35.819225429010075]
      },
      "properties": {
        "id": "DG-0528",
        "name": "범물노인복지관",
        "gu": "수성구",
        "facility_type": "기타",
        "is_im_bank": false,
        "road_address": "대구광역시 수성구 범안로 99",
        "kma_nx": 90,
        "kma_ny": 89,
        "source_geo_idn": "528",
        "geocode_result": "SUCC"
      }
    },
    {
      "type": "Feature",
      "id": "DG-0529",
      "geometry": {
        "type": "Point",
        "coordinates": [128.64597506561088, 35.81946497546313]
      },
      "properties": {
        "id": "DG-0529",
        "name": "범물복지관",
        "gu": "수성구",
        "facility_type": "기타",
        "is_im_bank": false,
        "road_address": "대구광역시 수성구  범안로  79   (범물동, 범물용지아파트)",
        "kma_nx": 90,
        "kma_ny": 89,
        "source_geo_idn": "529",
        "geocode_result": "SUCC"
      }
    },
    {
      "type": "Feature",
      "id": "DG-0530",
      "geometry": {
        "type": "Point",
        "coordinates": [128.64597504457274, 35.81774919969675]
      },
      "properties": {
        "id": "DG-0530",
        "name": "범물1동주민센터",
        "gu": "수성구",
        "facility_type": "행정복지센터",
        "is_im_bank": false,
        "road_address": "대구광역시 수성구  범안로  76 ,  범물1동주민센터 (범물동)",
        "kma_nx": 90,
        "kma_ny": 89,
        "source_geo_idn": "530",
        "geocode_result": "SUCC"
      }
    },
    {
      "type": "Feature",
      "id": "DG-0531",
      "geometry": {
        "type": "Point",
        "coordinates": [128.64613054350608, 35.821207457936445]
      },
      "properties": {
        "id": "DG-0531",
        "name": "용학도서관",
        "gu": "수성구",
        "facility_type": "기타",
        "is_im_bank": false,
        "road_address": "대구광역시 수성구 지범로41길 36",
        "kma_nx": 90,
        "kma_ny": 89,
        "source_geo_idn": "531",
        "geocode_result": "SUCC"
      }
    },
    {
      "type": "Feature",
      "id": "DG-0532",
      "geometry": {
        "type": "Point",
        "coordinates": [128.64344292567066, 35.8175026975026]
      },
      "properties": {
        "id": "DG-0532",
        "name": "범물2동주민센터",
        "gu": "수성구",
        "facility_type": "행정복지센터",
        "is_im_bank": false,
        "road_address": "대구광역시 수성구  범안로  52 ,  범물2동주민센터 (범물동)",
        "kma_nx": 90,
        "kma_ny": 89,
        "source_geo_idn": "532",
        "geocode_result": "SUCC"
      }
    },
    {
      "type": "Feature",
      "id": "DG-0533",
      "geometry": {
        "type": "Point",
        "coordinates": [128.6436103736402, 35.8159648589718]
      },
      "properties": {
        "id": "DG-0533",
        "name": "범물2동경로당",
        "gu": "수성구",
        "facility_type": "경로당",
        "is_im_bank": false,
        "road_address": "대구광역시 수성구 지범로48길 14-1",
        "kma_nx": 90,
        "kma_ny": 89,
        "source_geo_idn": "533",
        "geocode_result": "SUCC"
      }
    },
    {
      "type": "Feature",
      "id": "DG-0534",
      "geometry": {
        "type": "Point",
        "coordinates": [128.64335973605165, 35.81840497847617]
      },
      "properties": {
        "id": "DG-0534",
        "name": "범물공원경로당",
        "gu": "수성구",
        "facility_type": "경로당",
        "is_im_bank": false,
        "road_address": "대구광역시 수성구  지범로  232   (범물동)",
        "kma_nx": 90,
        "kma_ny": 89,
        "source_geo_idn": "534",
        "geocode_result": "SUCC"
      }
    },
    {
      "type": "Feature",
      "id": "DG-0535",
      "geometry": {
        "type": "Point",
        "coordinates": [128.63951883605793, 35.82080041435608]
      },
      "properties": {
        "id": "DG-0535",
        "name": "대구은행지산지점",
        "gu": "수성구",
        "facility_type": "금융기관",
        "is_im_bank": true,
        "road_address": "대구광역시 수성구  지범로  188 ,  청구리빙월드 (범물동)",
        "kma_nx": 90,
        "kma_ny": 89,
        "source_geo_idn": "535",
        "geocode_result": "SUCC"
      }
    },
    {
      "type": "Feature",
      "id": "DG-0536",
      "geometry": {
        "type": "Point",
        "coordinates": [128.64106238273342, 35.81988901581916]
      },
      "properties": {
        "id": "DG-0536",
        "name": "국민은행범물동지점",
        "gu": "수성구",
        "facility_type": "금융기관",
        "is_im_bank": false,
        "road_address": "대구광역시 수성구  지범로  206   (범물동)",
        "kma_nx": 90,
        "kma_ny": 89,
        "source_geo_idn": "536",
        "geocode_result": "SUCC"
      }
    },
    {
      "type": "Feature",
      "id": "DG-0537",
      "geometry": {
        "type": "Point",
        "coordinates": [128.70545896324816, 35.834881137515524]
      },
      "properties": {
        "id": "DG-0537",
        "name": "대구은행신매동지점",
        "gu": "수성구",
        "facility_type": "금융기관",
        "is_im_bank": true,
        "road_address": "대구광역시 수성구 고산로 50",
        "kma_nx": 91,
        "kma_ny": 90,
        "source_geo_idn": "537",
        "geocode_result": "SUCC"
      }
    },
    {
      "type": "Feature",
      "id": "DG-0538",
      "geometry": {
        "type": "Point",
        "coordinates": [128.70616461575847, 35.8401337269719]
      },
      "properties": {
        "id": "DG-0538",
        "name": "대구은행시지지점",
        "gu": "수성구",
        "facility_type": "금융기관",
        "is_im_bank": true,
        "road_address": "대구광역시 수성구  달구벌대로  3196   (신매동)",
        "kma_nx": 91,
        "kma_ny": 90,
        "source_geo_idn": "538",
        "geocode_result": "SUCC"
      }
    },
    {
      "type": "Feature",
      "id": "DG-0539",
      "geometry": {
        "type": "Point",
        "coordinates": [128.71282136623168, 35.83698958273304]
      },
      "properties": {
        "id": "DG-0539",
        "name": "고산노인복지관",
        "gu": "수성구",
        "facility_type": "기타",
        "is_im_bank": false,
        "road_address": "대구광역시 수성구 욱수천로 99",
        "kma_nx": 91,
        "kma_ny": 90,
        "source_geo_idn": "539",
        "geocode_result": "SUCC"
      }
    },
    {
      "type": "Feature",
      "id": "DG-0540",
      "geometry": {
        "type": "Point",
        "coordinates": [128.71282136623168, 35.83698958273304]
      },
      "properties": {
        "id": "DG-0540",
        "name": "고산건강생활지원센터",
        "gu": "수성구",
        "facility_type": "기타",
        "is_im_bank": false,
        "road_address": "대구광역시 수성구 욱수천로 99",
        "kma_nx": 91,
        "kma_ny": 90,
        "source_geo_idn": "540",
        "geocode_result": "SUCC"
      }
    },
    {
      "type": "Feature",
      "id": "DG-0541",
      "geometry": {
        "type": "Point",
        "coordinates": [128.712398706342, 35.83709653416076]
      },
      "properties": {
        "id": "DG-0541",
        "name": "고산1동주민센터",
        "gu": "수성구",
        "facility_type": "행정복지센터",
        "is_im_bank": false,
        "road_address": "대구광역시 수성구  달구벌대로  3260-2,  고산1동주민센터 (신매동)",
        "kma_nx": 91,
        "kma_ny": 90,
        "source_geo_idn": "541",
        "geocode_result": "SUCC"
      }
    },
    {
      "type": "Feature",
      "id": "DG-0542",
      "geometry": {
        "type": "Point",
        "coordinates": [128.71063209848012, 35.83790388172913]
      },
      "properties": {
        "id": "DG-0542",
        "name": "고산도서관",
        "gu": "수성구",
        "facility_type": "기타",
        "is_im_bank": false,
        "road_address": "대구광역시 수성구 달구벌대로650길 6",
        "kma_nx": 91,
        "kma_ny": 90,
        "source_geo_idn": "542",
        "geocode_result": "SUCC"
      }
    },
    {
      "type": "Feature",
      "id": "DG-0543",
      "geometry": {
        "type": "Point",
        "coordinates": [128.69846530282814, 35.83759349112205]
      },
      "properties": {
        "id": "DG-0543",
        "name": "청곡복지관",
        "gu": "수성구",
        "facility_type": "기타",
        "is_im_bank": false,
        "road_address": "대구광역시 수성구  노변공원로  49-1,  청곡사회복지관 (노변동)",
        "kma_nx": 91,
        "kma_ny": 90,
        "source_geo_idn": "543",
        "geocode_result": "SUCC"
      }
    },
    {
      "type": "Feature",
      "id": "DG-0544",
      "geometry": {
        "type": "Point",
        "coordinates": [128.69518192389614, 35.84347559805262]
      },
      "properties": {
        "id": "DG-0544",
        "name": "고산2동주민센터",
        "gu": "수성구",
        "facility_type": "행정복지센터",
        "is_im_bank": false,
        "road_address": "대구광역시 수성구  달구벌대로  3091 ,  고산2동주민센터 (시지동)",
        "kma_nx": 91,
        "kma_ny": 90,
        "source_geo_idn": "544",
        "geocode_result": "SUCC"
      }
    },
    {
      "type": "Feature",
      "id": "DG-0545",
      "geometry": {
        "type": "Point",
        "coordinates": [128.69656371295198, 35.843293888751916]
      },
      "properties": {
        "id": "DG-0545",
        "name": "시지경로당",
        "gu": "수성구",
        "facility_type": "경로당",
        "is_im_bank": false,
        "road_address": "대구광역시 수성구  달구벌대로619길  2   (시지동)",
        "kma_nx": 91,
        "kma_ny": 90,
        "source_geo_idn": "545",
        "geocode_result": "SUCC"
      }
    },
    {
      "type": "Feature",
      "id": "DG-0546",
      "geometry": {
        "type": "Point",
        "coordinates": [128.69609138402518, 35.838160497919944]
      },
      "properties": {
        "id": "DG-0546",
        "name": "대구은행노변지점",
        "gu": "수성구",
        "facility_type": "금융기관",
        "is_im_bank": true,
        "road_address": "대구광역시 수성구  시지로  55   (시지동, 고산노변타운)",
        "kma_nx": 91,
        "kma_ny": 90,
        "source_geo_idn": "546",
        "geocode_result": "SUCC"
      }
    },
    {
      "type": "Feature",
      "id": "DG-0547",
      "geometry": {
        "type": "Point",
        "coordinates": [128.70396345411666, 35.84463818124497]
      },
      "properties": {
        "id": "DG-0547",
        "name": "매호공원경로당",
        "gu": "수성구",
        "facility_type": "경로당",
        "is_im_bank": false,
        "road_address": "대구광역시 수성구 천을로23길 5",
        "kma_nx": 91,
        "kma_ny": 90,
        "source_geo_idn": "547",
        "geocode_result": "SUCC"
      }
    },
    {
      "type": "Feature",
      "id": "DG-0548",
      "geometry": {
        "type": "Point",
        "coordinates": [128.70657795693342, 35.8441360861006]
      },
      "properties": {
        "id": "DG-0548",
        "name": "고산3동주민센터",
        "gu": "수성구",
        "facility_type": "행정복지센터",
        "is_im_bank": false,
        "road_address": "대구광역시 수성구  고산로  152 ,  고산3동주민센터 (매호동)",
        "kma_nx": 91,
        "kma_ny": 90,
        "source_geo_idn": "548",
        "geocode_result": "SUCC"
      }
    },
    {
      "type": "Feature",
      "id": "DG-0549",
      "geometry": {
        "type": "Point",
        "coordinates": [128.5531496804143, 35.84061242691478]
      },
      "properties": {
        "id": "DG-0549",
        "name": "성당동행정복지센터",
        "gu": "달서구",
        "facility_type": "행정복지센터",
        "is_im_bank": false,
        "road_address": "대구광역시 달서구 야외음악당로 38",
        "kma_nx": 88,
        "kma_ny": 90,
        "source_geo_idn": "549",
        "geocode_result": "SUCC"
      }
    },
    {
      "type": "Feature",
      "id": "DG-0550",
      "geometry": {
        "type": "Point",
        "coordinates": [128.5524733126372, 35.83770864178331]
      },
      "properties": {
        "id": "DG-0550",
        "name": "성당동제3경로당",
        "gu": "달서구",
        "facility_type": "경로당",
        "is_im_bank": false,
        "road_address": "대구광역시 달서구  야외음악당로2길  3   (성당동)",
        "kma_nx": 88,
        "kma_ny": 90,
        "source_geo_idn": "550",
        "geocode_result": "SUCC"
      }
    },
    {
      "type": "Feature",
      "id": "DG-0551",
      "geometry": {
        "type": "Point",
        "coordinates": [128.5479670403623, 35.847059474941155]
      },
      "properties": {
        "id": "DG-0551",
        "name": "원화경로당",
        "gu": "달서구",
        "facility_type": "경로당",
        "is_im_bank": false,
        "road_address": "대구광역시 달서구  장기로26길  81   (성당동)",
        "kma_nx": 88,
        "kma_ny": 90,
        "source_geo_idn": "551",
        "geocode_result": "SUCC"
      }
    },
    {
      "type": "Feature",
      "id": "DG-0552",
      "geometry": {
        "type": "Point",
        "coordinates": [128.550297170068, 35.84098810129557]
      },
      "properties": {
        "id": "DG-0552",
        "name": "성당동제2경로당",
        "gu": "달서구",
        "facility_type": "경로당",
        "is_im_bank": false,
        "road_address": "대구광역시 달서구  야외음악당로9길  45   (성당동)",
        "kma_nx": 88,
        "kma_ny": 90,
        "source_geo_idn": "552",
        "geocode_result": "SUCC"
      }
    },
    {
      "type": "Feature",
      "id": "DG-0553",
      "geometry": {
        "type": "Point",
        "coordinates": [128.55626811383516, 35.83980068768421]
      },
      "properties": {
        "id": "DG-0553",
        "name": "성당동제1경로당",
        "gu": "달서구",
        "facility_type": "경로당",
        "is_im_bank": false,
        "road_address": "대구광역시 달서구  대명천로12안길  47   (성당동)",
        "kma_nx": 88,
        "kma_ny": 90,
        "source_geo_idn": "553",
        "geocode_result": "SUCC"
      }
    },
    {
      "type": "Feature",
      "id": "DG-0554",
      "geometry": {
        "type": "Point",
        "coordinates": [128.55451924220455, 35.844098394959616]
      },
      "properties": {
        "id": "DG-0554",
        "name": "성당경로당",
        "gu": "달서구",
        "facility_type": "경로당",
        "is_im_bank": false,
        "road_address": "대구광역시 달서구  장기로10안길  15   (성당동)",
        "kma_nx": 88,
        "kma_ny": 90,
        "source_geo_idn": "554",
        "geocode_result": "SUCC"
      }
    },
    {
      "type": "Feature",
      "id": "DG-0555",
      "geometry": {
        "type": "Point",
        "coordinates": [128.56943661812664, 35.851178531945024]
      },
      "properties": {
        "id": "DG-0555",
        "name": "삼성경로당",
        "gu": "달서구",
        "facility_type": "경로당",
        "is_im_bank": false,
        "road_address": "대구광역시 달서구  성당로33안길  23   (성당동)",
        "kma_nx": 88,
        "kma_ny": 90,
        "source_geo_idn": "555",
        "geocode_result": "SUCC"
      }
    },
    {
      "type": "Feature",
      "id": "DG-0556",
      "geometry": {
        "type": "Point",
        "coordinates": [128.55574312189557, 35.8376266972357]
      },
      "properties": {
        "id": "DG-0556",
        "name": "서대구농협 성당지점",
        "gu": "달서구",
        "facility_type": "금융기관",
        "is_im_bank": false,
        "road_address": "대구광역시 달서구  구마로  255   (성당동)",
        "kma_nx": 88,
        "kma_ny": 90,
        "source_geo_idn": "556",
        "geocode_result": "SUCC"
      }
    },
    {
      "type": "Feature",
      "id": "DG-0557",
      "geometry": {
        "type": "Point",
        "coordinates": [128.54481229809298, 35.845333821915844]
      },
      "properties": {
        "id": "DG-0557",
        "name": "대구은행 성당동지점",
        "gu": "달서구",
        "facility_type": "금융기관",
        "is_im_bank": true,
        "road_address": "대구광역시 달서구  당산로  88   (성당동)",
        "kma_nx": 88,
        "kma_ny": 90,
        "source_geo_idn": "557",
        "geocode_result": "SUCC"
      }
    },
    {
      "type": "Feature",
      "id": "DG-0558",
      "geometry": {
        "type": "Point",
        "coordinates": [128.5495648543429, 35.84294043443204]
      },
      "properties": {
        "id": "DG-0558",
        "name": "달서구건강가정다문화가족지원센터",
        "gu": "달서구",
        "facility_type": "기타",
        "is_im_bank": false,
        "road_address": "대구광역시 달서구 야외음악당로13길 60",
        "kma_nx": 88,
        "kma_ny": 90,
        "source_geo_idn": "558",
        "geocode_result": "SUCC"
      }
    },
    {
      "type": "Feature",
      "id": "DG-0559",
      "geometry": {
        "type": "Point",
        "coordinates": [128.57219996737703, 35.85569139604804]
      },
      "properties": {
        "id": "DG-0559",
        "name": "두류1.2동행정복지센터",
        "gu": "달서구",
        "facility_type": "행정복지센터",
        "is_im_bank": false,
        "road_address": "대구광역시 달서구  성당로51길  32   (두류동)",
        "kma_nx": 88,
        "kma_ny": 90,
        "source_geo_idn": "559",
        "geocode_result": "SUCC"
      }
    },
    {
      "type": "Feature",
      "id": "DG-0560",
      "geometry": {
        "type": "Point",
        "coordinates": [128.57127695163058, 35.85648566952042]
      },
      "properties": {
        "id": "DG-0560",
        "name": "두류1동경로당",
        "gu": "달서구",
        "facility_type": "경로당",
        "is_im_bank": false,
        "road_address": "대구광역시 달서구  두류남6길  16   (두류동)",
        "kma_nx": 88,
        "kma_ny": 90,
        "source_geo_idn": "560",
        "geocode_result": "SUCC"
      }
    },
    {
      "type": "Feature",
      "id": "DG-0561",
      "geometry": {
        "type": "Point",
        "coordinates": [128.56965226981023, 35.859646510034445]
      },
      "properties": {
        "id": "DG-0561",
        "name": "신촌경로당",
        "gu": "달서구",
        "facility_type": "경로당",
        "is_im_bank": false,
        "road_address": "대구광역시 달서구  밤골4길  17   (두류동)",
        "kma_nx": 88,
        "kma_ny": 90,
        "source_geo_idn": "561",
        "geocode_result": "SUCC"
      }
    },
    {
      "type": "Feature",
      "id": "DG-0562",
      "geometry": {
        "type": "Point",
        "coordinates": [128.5740323755824, 35.85767155200487]
      },
      "properties": {
        "id": "DG-0562",
        "name": "대구은행 성당로지점",
        "gu": "달서구",
        "facility_type": "금융기관",
        "is_im_bank": true,
        "road_address": "대구광역시 달서구 성당로 285",
        "kma_nx": 88,
        "kma_ny": 90,
        "source_geo_idn": "562",
        "geocode_result": "SUCC"
      }
    },
    {
      "type": "Feature",
      "id": "DG-0563",
      "geometry": {
        "type": "Point",
        "coordinates": [128.56861384905994, 35.85863276613935]
      },
      "properties": {
        "id": "DG-0563",
        "name": "두류1.2동 새마을금고",
        "gu": "달서구",
        "facility_type": "금융기관",
        "is_im_bank": false,
        "road_address": "대구광역시 달서구 두류길 113",
        "kma_nx": 88,
        "kma_ny": 90,
        "source_geo_idn": "563",
        "geocode_result": "SUCC"
      }
    },
    {
      "type": "Feature",
      "id": "DG-0564",
      "geometry": {
        "type": "Point",
        "coordinates": [128.56856777797375, 35.86078891381712]
      },
      "properties": {
        "id": "DG-0564",
        "name": "삼익신협 본점",
        "gu": "달서구",
        "facility_type": "금융기관",
        "is_im_bank": false,
        "road_address": "대구광역시 달서구 달구벌대로 1862",
        "kma_nx": 88,
        "kma_ny": 90,
        "source_geo_idn": "564",
        "geocode_result": "SUCC"
      }
    },
    {
      "type": "Feature",
      "id": "DG-0565",
      "geometry": {
        "type": "Point",
        "coordinates": [128.55452468843282, 35.85639723664409]
      },
      "properties": {
        "id": "DG-0565",
        "name": "대구은행 두류동지점",
        "gu": "달서구",
        "facility_type": "금융기관",
        "is_im_bank": true,
        "road_address": "대구광역시 달서구  달구벌대로  1728   (두류동)",
        "kma_nx": 88,
        "kma_ny": 90,
        "source_geo_idn": "565",
        "geocode_result": "SUCC"
      }
    },
    {
      "type": "Feature",
      "id": "DG-0566",
      "geometry": {
        "type": "Point",
        "coordinates": [128.55345025235857, 35.856021838948095]
      },
      "properties": {
        "id": "DG-0566",
        "name": "서대구농협 광장지점",
        "gu": "달서구",
        "facility_type": "금융기관",
        "is_im_bank": false,
        "road_address": "대구광역시 달서구  달구벌대로  1718   (두류동)",
        "kma_nx": 88,
        "kma_ny": 90,
        "source_geo_idn": "566",
        "geocode_result": "SUCC"
      }
    },
    {
      "type": "Feature",
      "id": "DG-0567",
      "geometry": {
        "type": "Point",
        "coordinates": [128.55328153088993, 35.854863338630835]
      },
      "properties": {
        "id": "DG-0567",
        "name": "삼익신협 두류지점",
        "gu": "달서구",
        "facility_type": "금융기관",
        "is_im_bank": false,
        "road_address": "대구광역시 달서구  야외음악당로39길  72   (두류동)",
        "kma_nx": 88,
        "kma_ny": 90,
        "source_geo_idn": "567",
        "geocode_result": "SUCC"
      }
    },
    {
      "type": "Feature",
      "id": "DG-0568",
      "geometry": {
        "type": "Point",
        "coordinates": [128.55274863204005, 35.851831546651226]
      },
      "properties": {
        "id": "DG-0568",
        "name": "금봉경로당",
        "gu": "달서구",
        "facility_type": "경로당",
        "is_im_bank": false,
        "road_address": "대구광역시 달서구 야외음악당로39서길 91-10",
        "kma_nx": 88,
        "kma_ny": 90,
        "source_geo_idn": "568",
        "geocode_result": "SUCC"
      }
    },
    {
      "type": "Feature",
      "id": "DG-0569",
      "geometry": {
        "type": "Point",
        "coordinates": [128.55435683571463, 35.85415013687916]
      },
      "properties": {
        "id": "DG-0569",
        "name": "두류3동경로당",
        "gu": "달서구",
        "facility_type": "경로당",
        "is_im_bank": false,
        "road_address": "대구광역시 달서구  야외음악당로39길  54   (두류동)",
        "kma_nx": 88,
        "kma_ny": 90,
        "source_geo_idn": "569",
        "geocode_result": "SUCC"
      }
    },
    {
      "type": "Feature",
      "id": "DG-0570",
      "geometry": {
        "type": "Point",
        "coordinates": [128.55547724054586, 35.85370668687812]
      },
      "properties": {
        "id": "DG-0570",
        "name": "두류3동행정복지센터",
        "gu": "달서구",
        "facility_type": "행정복지센터",
        "is_im_bank": false,
        "road_address": "대구광역시 달서구  야외음악당로39길  24   (두류동)",
        "kma_nx": 88,
        "kma_ny": 90,
        "source_geo_idn": "570",
        "geocode_result": "SUCC"
      }
    },
    {
      "type": "Feature",
      "id": "DG-0571",
      "geometry": {
        "type": "Point",
        "coordinates": [128.54217758921993, 35.85102330848408]
      },
      "properties": {
        "id": "DG-0571",
        "name": "감삼동행정복지센터",
        "gu": "달서구",
        "facility_type": "행정복지센터",
        "is_im_bank": false,
        "road_address": "대구광역시 달서구  감삼북길  119-10  (감삼동)",
        "kma_nx": 88,
        "kma_ny": 90,
        "source_geo_idn": "571",
        "geocode_result": "SUCC"
      }
    },
    {
      "type": "Feature",
      "id": "DG-0572",
      "geometry": {
        "type": "Point",
        "coordinates": [128.54414515393373, 35.847916091825624]
      },
      "properties": {
        "id": "DG-0572",
        "name": "감삼제1경로당",
        "gu": "달서구",
        "facility_type": "경로당",
        "is_im_bank": false,
        "road_address": "대구광역시 달서구  감삼남6길  41-1  (감삼동)",
        "kma_nx": 88,
        "kma_ny": 90,
        "source_geo_idn": "572",
        "geocode_result": "SUCC"
      }
    },
    {
      "type": "Feature",
      "id": "DG-0573",
      "geometry": {
        "type": "Point",
        "coordinates": [128.53812373039608, 35.845614289005105]
      },
      "properties": {
        "id": "DG-0573",
        "name": "감삼제2경로당",
        "gu": "달서구",
        "facility_type": "경로당",
        "is_im_bank": false,
        "road_address": "대구광역시 달서구  감삼1길  96   (감삼동)",
        "kma_nx": 88,
        "kma_ny": 90,
        "source_geo_idn": "573",
        "geocode_result": "SUCC"
      }
    },
    {
      "type": "Feature",
      "id": "DG-0574",
      "geometry": {
        "type": "Point",
        "coordinates": [128.54684419117078, 35.85193295111958]
      },
      "properties": {
        "id": "DG-0574",
        "name": "감삼제3경로당",
        "gu": "달서구",
        "facility_type": "경로당",
        "is_im_bank": false,
        "road_address": "대구광역시 달서구 달구벌대로330길 31",
        "kma_nx": 88,
        "kma_ny": 90,
        "source_geo_idn": "574",
        "geocode_result": "SUCC"
      }
    },
    {
      "type": "Feature",
      "id": "DG-0575",
      "geometry": {
        "type": "Point",
        "coordinates": [128.5425072958838, 35.85181569448581]
      },
      "properties": {
        "id": "DG-0575",
        "name": "서부새마을금고 본점",
        "gu": "달서구",
        "facility_type": "금융기관",
        "is_im_bank": false,
        "road_address": "대구광역시 달서구  달구벌대로  1608   (감삼동)",
        "kma_nx": 88,
        "kma_ny": 90,
        "source_geo_idn": "575",
        "geocode_result": "SUCC"
      }
    },
    {
      "type": "Feature",
      "id": "DG-0576",
      "geometry": {
        "type": "Point",
        "coordinates": [128.5464556176268, 35.84947961048351]
      },
      "properties": {
        "id": "DG-0576",
        "name": "서부새마을금고 감삼지점",
        "gu": "달서구",
        "facility_type": "금융기관",
        "is_im_bank": false,
        "road_address": "대구광역시 달서구  당산로  137   (감삼동)",
        "kma_nx": 88,
        "kma_ny": 90,
        "source_geo_idn": "576",
        "geocode_result": "SUCC"
      }
    },
    {
      "type": "Feature",
      "id": "DG-0577",
      "geometry": {
        "type": "Point",
        "coordinates": [128.53965415510498, 35.843709471464315]
      },
      "properties": {
        "id": "DG-0577",
        "name": "서부새마을금고 본리지점",
        "gu": "달서구",
        "facility_type": "금융기관",
        "is_im_bank": false,
        "road_address": "대구광역시 달서구  장기로  190   (감삼동)",
        "kma_nx": 88,
        "kma_ny": 90,
        "source_geo_idn": "577",
        "geocode_result": "SUCC"
      }
    },
    {
      "type": "Feature",
      "id": "DG-0578",
      "geometry": {
        "type": "Point",
        "coordinates": [128.53866592374763, 35.85030415929159]
      },
      "properties": {
        "id": "DG-0578",
        "name": "대구은행 죽전지점",
        "gu": "달서구",
        "facility_type": "금융기관",
        "is_im_bank": true,
        "road_address": "대구광역시 달서구  달구벌대로  1568   (감삼동)",
        "kma_nx": 88,
        "kma_ny": 90,
        "source_geo_idn": "578",
        "geocode_result": "SUCC"
      }
    },
    {
      "type": "Feature",
      "id": "DG-0579",
      "geometry": {
        "type": "Point",
        "coordinates": [128.54592908895296, 35.85382994077596]
      },
      "properties": {
        "id": "DG-0579",
        "name": "수협은행 서대구지점",
        "gu": "달서구",
        "facility_type": "금융기관",
        "is_im_bank": false,
        "road_address": "대구광역시 달서구  달구벌대로  1643   (감삼동)",
        "kma_nx": 88,
        "kma_ny": 90,
        "source_geo_idn": "579",
        "geocode_result": "SUCC"
      }
    },
    {
      "type": "Feature",
      "id": "DG-0580",
      "geometry": {
        "type": "Point",
        "coordinates": [128.53887705308662, 35.85114853906358]
      },
      "properties": {
        "id": "DG-0580",
        "name": "성서농협(죽전동지점)",
        "gu": "달서구",
        "facility_type": "금융기관",
        "is_im_bank": false,
        "road_address": "대구광역시 달서구  달구벌대로  1573   (죽전동)",
        "kma_nx": 88,
        "kma_ny": 90,
        "source_geo_idn": "580",
        "geocode_result": "SUCC"
      }
    },
    {
      "type": "Feature",
      "id": "DG-0581",
      "geometry": {
        "type": "Point",
        "coordinates": [128.53789071862158, 35.8573899387045]
      },
      "properties": {
        "id": "DG-0581",
        "name": "죽전경로당",
        "gu": "달서구",
        "facility_type": "경로당",
        "is_im_bank": false,
        "road_address": "대구광역시 달서구  와룡로52안길  45   (죽전동)",
        "kma_nx": 88,
        "kma_ny": 90,
        "source_geo_idn": "581",
        "geocode_result": "SUCC"
      }
    },
    {
      "type": "Feature",
      "id": "DG-0582",
      "geometry": {
        "type": "Point",
        "coordinates": [128.54419952202434, 35.8548290348054]
      },
      "properties": {
        "id": "DG-0582",
        "name": "감삼농림경로당",
        "gu": "달서구",
        "facility_type": "경로당",
        "is_im_bank": false,
        "road_address": "대구광역시 달서구  당산로41서길  22-5  (감삼동)",
        "kma_nx": 88,
        "kma_ny": 90,
        "source_geo_idn": "582",
        "geocode_result": "SUCC"
      }
    },
    {
      "type": "Feature",
      "id": "DG-0583",
      "geometry": {
        "type": "Point",
        "coordinates": [128.5360901594157, 35.855178117714935]
      },
      "properties": {
        "id": "DG-0583",
        "name": "춘추경로당",
        "gu": "달서구",
        "facility_type": "경로당",
        "is_im_bank": false,
        "road_address": "대구광역시 달서구  와룡로49길  18-17  (죽전동)",
        "kma_nx": 88,
        "kma_ny": 90,
        "source_geo_idn": "583",
        "geocode_result": "SUCC"
      }
    },
    {
      "type": "Feature",
      "id": "DG-0584",
      "geometry": {
        "type": "Point",
        "coordinates": [128.53980362931057, 35.85579021916526]
      },
      "properties": {
        "id": "DG-0584",
        "name": "죽전동행정복지센터",
        "gu": "달서구",
        "facility_type": "행정복지센터",
        "is_im_bank": false,
        "road_address": "대구광역시 달서구  와룡로54길  28   (죽전동)",
        "kma_nx": 88,
        "kma_ny": 90,
        "source_geo_idn": "584",
        "geocode_result": "SUCC"
      }
    },
    {
      "type": "Feature",
      "id": "DG-0585",
      "geometry": {
        "type": "Point",
        "coordinates": [128.52997392425283, 35.84335011586448]
      },
      "properties": {
        "id": "DG-0585",
        "name": "장기동행정복지센터",
        "gu": "달서구",
        "facility_type": "행정복지센터",
        "is_im_bank": false,
        "road_address": "대구광역시 달서구  장기로  277   (장기동)",
        "kma_nx": 88,
        "kma_ny": 90,
        "source_geo_idn": "585",
        "geocode_result": "SUCC"
      }
    },
    {
      "type": "Feature",
      "id": "DG-0586",
      "geometry": {
        "type": "Point",
        "coordinates": [128.51673669175918, 35.848924897173355]
      },
      "properties": {
        "id": "DG-0586",
        "name": "장동경로당",
        "gu": "달서구",
        "facility_type": "경로당",
        "is_im_bank": false,
        "road_address": "대구광역시 달서구  성서동로60길  46   (장기동)",
        "kma_nx": 87,
        "kma_ny": 90,
        "source_geo_idn": "586",
        "geocode_result": "SUCC"
      }
    },
    {
      "type": "Feature",
      "id": "DG-0587",
      "geometry": {
        "type": "Point",
        "coordinates": [128.52081749171342, 35.84792889592154]
      },
      "properties": {
        "id": "DG-0587",
        "name": "장기경로당",
        "gu": "달서구",
        "facility_type": "경로당",
        "is_im_bank": false,
        "road_address": "대구광역시 달서구  문화회관2길  18   (장기동)",
        "kma_nx": 87,
        "kma_ny": 90,
        "source_geo_idn": "587",
        "geocode_result": "SUCC"
      }
    },
    {
      "type": "Feature",
      "id": "DG-0588",
      "geometry": {
        "type": "Point",
        "coordinates": [128.5166168332439, 35.847513396811365]
      },
      "properties": {
        "id": "DG-0588",
        "name": "능골경로당",
        "gu": "달서구",
        "facility_type": "경로당",
        "is_im_bank": false,
        "road_address": "대구광역시 달서구 성서동로60길 16",
        "kma_nx": 87,
        "kma_ny": 90,
        "source_geo_idn": "588",
        "geocode_result": "SUCC"
      }
    },
    {
      "type": "Feature",
      "id": "DG-0589",
      "geometry": {
        "type": "Point",
        "coordinates": [128.53125319157317, 35.84334102745618]
      },
      "properties": {
        "id": "DG-0589",
        "name": "대구은행 장기동지점",
        "gu": "달서구",
        "facility_type": "금융기관",
        "is_im_bank": true,
        "road_address": "대구광역시 달서구  장기로  265   (장기동)",
        "kma_nx": 88,
        "kma_ny": 90,
        "source_geo_idn": "589",
        "geocode_result": "SUCC"
      }
    },
    {
      "type": "Feature",
      "id": "DG-0590",
      "geometry": {
        "type": "Point",
        "coordinates": [128.5309379417986, 35.85849164661693]
      },
      "properties": {
        "id": "DG-0590",
        "name": "삼익신협 용산지점",
        "gu": "달서구",
        "facility_type": "금융기관",
        "is_im_bank": false,
        "road_address": "대구광역시 달서구  용산로  236   (용산동)",
        "kma_nx": 88,
        "kma_ny": 90,
        "source_geo_idn": "590",
        "geocode_result": "SUCC"
      }
    },
    {
      "type": "Feature",
      "id": "DG-0591",
      "geometry": {
        "type": "Point",
        "coordinates": [128.53086646227405, 35.857768030319015]
      },
      "properties": {
        "id": "DG-0591",
        "name": "지역농협 신용산지점",
        "gu": "달서구",
        "facility_type": "금융기관",
        "is_im_bank": false,
        "road_address": "대구광역시 달서구  용산로  226   (용산동)",
        "kma_nx": 88,
        "kma_ny": 90,
        "source_geo_idn": "591",
        "geocode_result": "SUCC"
      }
    },
    {
      "type": "Feature",
      "id": "DG-0592",
      "geometry": {
        "type": "Point",
        "coordinates": [128.53026927308065, 35.8584893529245]
      },
      "properties": {
        "id": "DG-0592",
        "name": "대구은행 용산동지점",
        "gu": "달서구",
        "facility_type": "금융기관",
        "is_im_bank": true,
        "road_address": "대구광역시 달서구  용산로  235   (용산동)",
        "kma_nx": 88,
        "kma_ny": 90,
        "source_geo_idn": "592",
        "geocode_result": "SUCC"
      }
    },
    {
      "type": "Feature",
      "id": "DG-0593",
      "geometry": {
        "type": "Point",
        "coordinates": [128.5262412677046, 35.85001928219183]
      },
      "properties": {
        "id": "DG-0593",
        "name": "대구은행 용산롯데캐슬지점",
        "gu": "달서구",
        "facility_type": "금융기관",
        "is_im_bank": true,
        "road_address": "대구광역시 달서구  장산남로  33   (용산동)",
        "kma_nx": 88,
        "kma_ny": 90,
        "source_geo_idn": "593",
        "geocode_result": "SUCC"
      }
    },
    {
      "type": "Feature",
      "id": "DG-0594",
      "geometry": {
        "type": "Point",
        "coordinates": [128.53174756640888, 35.858225397933204]
      },
      "properties": {
        "id": "DG-0594",
        "name": "용산경로당",
        "gu": "달서구",
        "facility_type": "경로당",
        "is_im_bank": false,
        "road_address": "대구광역시 달서구  와룡로57길  100   (용산동)",
        "kma_nx": 88,
        "kma_ny": 90,
        "source_geo_idn": "594",
        "geocode_result": "SUCC"
      }
    },
    {
      "type": "Feature",
      "id": "DG-0595",
      "geometry": {
        "type": "Point",
        "coordinates": [128.53122602977817, 35.85666404029706]
      },
      "properties": {
        "id": "DG-0595",
        "name": "용산1동행정복지센터",
        "gu": "달서구",
        "facility_type": "행정복지센터",
        "is_im_bank": false,
        "road_address": "대구광역시 달서구  용산로  212-7  (용산동)",
        "kma_nx": 88,
        "kma_ny": 90,
        "source_geo_idn": "595",
        "geocode_result": "SUCC"
      }
    },
    {
      "type": "Feature",
      "id": "DG-0596",
      "geometry": {
        "type": "Point",
        "coordinates": [128.5229929744865, 35.85843043257992]
      },
      "properties": {
        "id": "DG-0596",
        "name": "용산2동행정복지센터",
        "gu": "달서구",
        "facility_type": "행정복지센터",
        "is_im_bank": false,
        "road_address": "대구광역시 달서구  선원로  278   (용산동)",
        "kma_nx": 88,
        "kma_ny": 90,
        "source_geo_idn": "596",
        "geocode_result": "SUCC"
      }
    },
    {
      "type": "Feature",
      "id": "DG-0597",
      "geometry": {
        "type": "Point",
        "coordinates": [128.5209696176078, 35.86145511053194]
      },
      "properties": {
        "id": "DG-0597",
        "name": "서촌경로당",
        "gu": "달서구",
        "facility_type": "경로당",
        "is_im_bank": false,
        "road_address": "대구광역시 달서구  새방로  23-16  (용산동)",
        "kma_nx": 87,
        "kma_ny": 90,
        "source_geo_idn": "597",
        "geocode_result": "SUCC"
      }
    },
    {
      "type": "Feature",
      "id": "DG-0598",
      "geometry": {
        "type": "Point",
        "coordinates": [128.52255452886936, 35.85703739889909]
      },
      "properties": {
        "id": "DG-0598",
        "name": "새동네경로당",
        "gu": "달서구",
        "facility_type": "경로당",
        "is_im_bank": false,
        "road_address": "대구광역시 달서구  성지로16길  45   (용산동)",
        "kma_nx": 88,
        "kma_ny": 90,
        "source_geo_idn": "598",
        "geocode_result": "SUCC"
      }
    },
    {
      "type": "Feature",
      "id": "DG-0599",
      "geometry": {
        "type": "Point",
        "coordinates": [128.52132280669935, 35.856533939154446]
      },
      "properties": {
        "id": "DG-0599",
        "name": "성서농협용산지점",
        "gu": "달서구",
        "facility_type": "금융기관",
        "is_im_bank": false,
        "road_address": "대구광역시 달서구  성지로  82   (용산동)",
        "kma_nx": 87,
        "kma_ny": 90,
        "source_geo_idn": "599",
        "geocode_result": "SUCC"
      }
    },
    {
      "type": "Feature",
      "id": "DG-0600",
      "geometry": {
        "type": "Point",
        "coordinates": [128.51851472735873, 35.85393809526793]
      },
      "properties": {
        "id": "DG-0600",
        "name": "대구은행와룡지점",
        "gu": "달서구",
        "facility_type": "금융기관",
        "is_im_bank": true,
        "road_address": "대구광역시 달서구  성지로  27   (용산동)",
        "kma_nx": 87,
        "kma_ny": 90,
        "source_geo_idn": "600",
        "geocode_result": "SUCC"
      }
    },
    {
      "type": "Feature",
      "id": "DG-0601",
      "geometry": {
        "type": "Point",
        "coordinates": [128.50590857479548, 35.855088055978655]
      },
      "properties": {
        "id": "DG-0601",
        "name": "대구은행이곡동지점",
        "gu": "달서구",
        "facility_type": "금융기관",
        "is_im_bank": true,
        "road_address": "대구광역시 달서구  계대동문로  124   (이곡동)",
        "kma_nx": 87,
        "kma_ny": 90,
        "source_geo_idn": "601",
        "geocode_result": "SUCC"
      }
    },
    {
      "type": "Feature",
      "id": "DG-0602",
      "geometry": {
        "type": "Point",
        "coordinates": [128.51282713973907, 35.85008441725973]
      },
      "properties": {
        "id": "DG-0602",
        "name": "성서경로당",
        "gu": "달서구",
        "facility_type": "경로당",
        "is_im_bank": false,
        "road_address": "대구광역시 달서구 성서로72길 97-13",
        "kma_nx": 87,
        "kma_ny": 90,
        "source_geo_idn": "602",
        "geocode_result": "SUCC"
      }
    },
    {
      "type": "Feature",
      "id": "DG-0603",
      "geometry": {
        "type": "Point",
        "coordinates": [128.5083072928217, 35.85572842276173]
      },
      "properties": {
        "id": "DG-0603",
        "name": "이곡경로당",
        "gu": "달서구",
        "facility_type": "경로당",
        "is_im_bank": false,
        "road_address": "대구광역시 달서구 이곡공원로1길 7",
        "kma_nx": 87,
        "kma_ny": 90,
        "source_geo_idn": "603",
        "geocode_result": "SUCC"
      }
    },
    {
      "type": "Feature",
      "id": "DG-0604",
      "geometry": {
        "type": "Point",
        "coordinates": [128.5132313411547, 35.86156726287599]
      },
      "properties": {
        "id": "DG-0604",
        "name": "늘품경로당",
        "gu": "달서구",
        "facility_type": "경로당",
        "is_im_bank": false,
        "road_address": "대구광역시 달서구  선원로33길  79-8  (이곡동)",
        "kma_nx": 87,
        "kma_ny": 90,
        "source_geo_idn": "604",
        "geocode_result": "SUCC"
      }
    },
    {
      "type": "Feature",
      "id": "DG-0605",
      "geometry": {
        "type": "Point",
        "coordinates": [128.50235151842648, 35.85969965835627]
      },
      "properties": {
        "id": "DG-0605",
        "name": "배실경로당",
        "gu": "달서구",
        "facility_type": "경로당",
        "is_im_bank": false,
        "road_address": "대구광역시 달서구  선원로23남길  54   (이곡동)",
        "kma_nx": 87,
        "kma_ny": 90,
        "source_geo_idn": "605",
        "geocode_result": "SUCC"
      }
    },
    {
      "type": "Feature",
      "id": "DG-0606",
      "geometry": {
        "type": "Point",
        "coordinates": [128.51066073830668, 35.851647250067884]
      },
      "properties": {
        "id": "DG-0606",
        "name": "이곡1동행정복지센터",
        "gu": "달서구",
        "facility_type": "행정복지센터",
        "is_im_bank": false,
        "road_address": "대구광역시 달서구  달구벌대로  1309   (이곡동)",
        "kma_nx": 87,
        "kma_ny": 90,
        "source_geo_idn": "606",
        "geocode_result": "SUCC"
      }
    },
    {
      "type": "Feature",
      "id": "DG-0607",
      "geometry": {
        "type": "Point",
        "coordinates": [128.50077602280757, 35.85575426021608]
      },
      "properties": {
        "id": "DG-0607",
        "name": "이곡2동행정복지센터",
        "gu": "달서구",
        "facility_type": "행정복지센터",
        "is_im_bank": false,
        "road_address": "대구광역시 달서구  계대동문로  77   (이곡동)",
        "kma_nx": 87,
        "kma_ny": 90,
        "source_geo_idn": "607",
        "geocode_result": "SUCC"
      }
    },
    {
      "type": "Feature",
      "id": "DG-0608",
      "geometry": {
        "type": "Point",
        "coordinates": [128.5024991540635, 35.855087491811844]
      },
      "properties": {
        "id": "DG-0608",
        "name": "달서새마을금고",
        "gu": "달서구",
        "facility_type": "금융기관",
        "is_im_bank": false,
        "road_address": "대구광역시 달서구 계대동문로 92",
        "kma_nx": 87,
        "kma_ny": 90,
        "source_geo_idn": "608",
        "geocode_result": "SUCC"
      }
    },
    {
      "type": "Feature",
      "id": "DG-0609",
      "geometry": {
        "type": "Point",
        "coordinates": [128.50523134934124, 35.85510014825454]
      },
      "properties": {
        "id": "DG-0609",
        "name": "국민은행성서지점",
        "gu": "달서구",
        "facility_type": "금융기관",
        "is_im_bank": false,
        "road_address": "대구광역시 달서구  계대동문로  116   (이곡동)",
        "kma_nx": 87,
        "kma_ny": 90,
        "source_geo_idn": "609",
        "geocode_result": "SUCC"
      }
    },
    {
      "type": "Feature",
      "id": "DG-0610",
      "geometry": {
        "type": "Point",
        "coordinates": [128.50674663116177, 35.85140803531937]
      },
      "properties": {
        "id": "DG-0610",
        "name": "대구은행성서영업부",
        "gu": "달서구",
        "facility_type": "금융기관",
        "is_im_bank": true,
        "road_address": "대구광역시 달서구 달구벌대로 1276",
        "kma_nx": 87,
        "kma_ny": 90,
        "source_geo_idn": "610",
        "geocode_result": "SUCC"
      }
    },
    {
      "type": "Feature",
      "id": "DG-0611",
      "geometry": {
        "type": "Point",
        "coordinates": [128.49101124120816, 35.850951922142194]
      },
      "properties": {
        "id": "DG-0611",
        "name": "KEB하나은행 성서공단지점",
        "gu": "달서구",
        "facility_type": "금융기관",
        "is_im_bank": false,
        "road_address": "대구광역시 달서구  달구벌대로  1130   (신당동)",
        "kma_nx": 87,
        "kma_ny": 90,
        "source_geo_idn": "611",
        "geocode_result": "SUCC"
      }
    },
    {
      "type": "Feature",
      "id": "DG-0612",
      "geometry": {
        "type": "Point",
        "coordinates": [128.49770668679542, 35.85570966010557]
      },
      "properties": {
        "id": "DG-0612",
        "name": "삼익신협 신당지점",
        "gu": "달서구",
        "facility_type": "금융기관",
        "is_im_bank": false,
        "road_address": "대구광역시 달서구  계대동문로  49   (신당동)",
        "kma_nx": 87,
        "kma_ny": 90,
        "source_geo_idn": "612",
        "geocode_result": "SUCC"
      }
    },
    {
      "type": "Feature",
      "id": "DG-0613",
      "geometry": {
        "type": "Point",
        "coordinates": [128.477802889372, 35.85233710103116]
      },
      "properties": {
        "id": "DG-0613",
        "name": "성서농협 강창역지점",
        "gu": "달서구",
        "facility_type": "금융기관",
        "is_im_bank": false,
        "road_address": "대구광역시 달서구  호산로  139   (파호동)",
        "kma_nx": 87,
        "kma_ny": 90,
        "source_geo_idn": "613",
        "geocode_result": "SUCC"
      }
    },
    {
      "type": "Feature",
      "id": "DG-0614",
      "geometry": {
        "type": "Point",
        "coordinates": [128.49395450408002, 35.85537789552202]
      },
      "properties": {
        "id": "DG-0614",
        "name": "성서농협 신당지점",
        "gu": "달서구",
        "facility_type": "금융기관",
        "is_im_bank": false,
        "road_address": "대구광역시 달서구  계대동문로  16   (신당동)",
        "kma_nx": 87,
        "kma_ny": 90,
        "source_geo_idn": "614",
        "geocode_result": "SUCC"
      }
    },
    {
      "type": "Feature",
      "id": "DG-0615",
      "geometry": {
        "type": "Point",
        "coordinates": [128.47367699281153, 35.850221391393085]
      },
      "properties": {
        "id": "DG-0615",
        "name": "대구은행 명가타운지점",
        "gu": "달서구",
        "facility_type": "금융기관",
        "is_im_bank": true,
        "road_address": "대구광역시 달서구  호산로  125   (파호동)",
        "kma_nx": 87,
        "kma_ny": 90,
        "source_geo_idn": "615",
        "geocode_result": "SUCC"
      }
    },
    {
      "type": "Feature",
      "id": "DG-0616",
      "geometry": {
        "type": "Point",
        "coordinates": [128.48722226168394, 35.84413204479041]
      },
      "properties": {
        "id": "DG-0616",
        "name": "대구은행 성서3단지지점",
        "gu": "달서구",
        "facility_type": "금융기관",
        "is_im_bank": true,
        "road_address": "대구광역시 달서구  성서공단북로  132   (호산동)",
        "kma_nx": 87,
        "kma_ny": 90,
        "source_geo_idn": "616",
        "geocode_result": "SUCC"
      }
    },
    {
      "type": "Feature",
      "id": "DG-0617",
      "geometry": {
        "type": "Point",
        "coordinates": [128.48901491560946, 35.854530855509886]
      },
      "properties": {
        "id": "DG-0617",
        "name": "대구은행 계명대지점",
        "gu": "달서구",
        "facility_type": "금융기관",
        "is_im_bank": true,
        "road_address": "대구광역시 달서구  달구벌대로  1095   (신당동)",
        "kma_nx": 87,
        "kma_ny": 90,
        "source_geo_idn": "617",
        "geocode_result": "SUCC"
      }
    },
    {
      "type": "Feature",
      "id": "DG-0618",
      "geometry": {
        "type": "Point",
        "coordinates": [128.49360187384366, 35.85428286683328]
      },
      "properties": {
        "id": "DG-0618",
        "name": "삼우경로당",
        "gu": "달서구",
        "facility_type": "경로당",
        "is_im_bank": false,
        "road_address": "대구광역시 달서구  서당로7길  33-16  (신당동)",
        "kma_nx": 87,
        "kma_ny": 90,
        "source_geo_idn": "618",
        "geocode_result": "SUCC"
      }
    },
    {
      "type": "Feature",
      "id": "DG-0619",
      "geometry": {
        "type": "Point",
        "coordinates": [128.4967722906375, 35.85782280654802]
      },
      "properties": {
        "id": "DG-0619",
        "name": "오정경로당",
        "gu": "달서구",
        "facility_type": "경로당",
        "is_im_bank": false,
        "road_address": "대구광역시 달서구  성서서로73길  57   (신당동)",
        "kma_nx": 87,
        "kma_ny": 90,
        "source_geo_idn": "619",
        "geocode_result": "SUCC"
      }
    },
    {
      "type": "Feature",
      "id": "DG-0620",
      "geometry": {
        "type": "Point",
        "coordinates": [128.49883072715045, 35.85896864534224]
      },
      "properties": {
        "id": "DG-0620",
        "name": "신당동행정복지센터",
        "gu": "달서구",
        "facility_type": "행정복지센터",
        "is_im_bank": false,
        "road_address": "대구광역시 달서구 선원로 60",
        "kma_nx": 87,
        "kma_ny": 90,
        "source_geo_idn": "620",
        "geocode_result": "SUCC"
      }
    },
    {
      "type": "Feature",
      "id": "DG-0621",
      "geometry": {
        "type": "Point",
        "coordinates": [128.49891351509066, 35.858426917872336]
      },
      "properties": {
        "id": "DG-0621",
        "name": "와룡경로당",
        "gu": "달서구",
        "facility_type": "경로당",
        "is_im_bank": false,
        "road_address": "대구광역시 달서구  성서서로75길  17-7  (신당동)",
        "kma_nx": 87,
        "kma_ny": 90,
        "source_geo_idn": "621",
        "geocode_result": "SUCC"
      }
    },
    {
      "type": "Feature",
      "id": "DG-0622",
      "geometry": {
        "type": "Point",
        "coordinates": [128.49793445230787, 35.85957819374566]
      },
      "properties": {
        "id": "DG-0622",
        "name": "당산경로당",
        "gu": "달서구",
        "facility_type": "경로당",
        "is_im_bank": false,
        "road_address": "대구광역시 달서구  선원로15안길  41   (신당동)",
        "kma_nx": 87,
        "kma_ny": 90,
        "source_geo_idn": "622",
        "geocode_result": "SUCC"
      }
    },
    {
      "type": "Feature",
      "id": "DG-0623",
      "geometry": {
        "type": "Point",
        "coordinates": [128.49386595179044, 35.85702991901955]
      },
      "properties": {
        "id": "DG-0623",
        "name": "신서경로당",
        "gu": "달서구",
        "facility_type": "경로당",
        "is_im_bank": false,
        "road_address": "대구광역시 달서구  서당로9길  34-18  (신당동)",
        "kma_nx": 87,
        "kma_ny": 90,
        "source_geo_idn": "623",
        "geocode_result": "SUCC"
      }
    },
    {
      "type": "Feature",
      "id": "DG-0624",
      "geometry": {
        "type": "Point",
        "coordinates": [128.49430394494902, 35.85276379371473]
      },
      "properties": {
        "id": "DG-0624",
        "name": "성산경로당",
        "gu": "달서구",
        "facility_type": "경로당",
        "is_im_bank": false,
        "road_address": "대구광역시 달서구  서당로3길  19-10  (신당동)",
        "kma_nx": 87,
        "kma_ny": 90,
        "source_geo_idn": "624",
        "geocode_result": "SUCC"
      }
    },
    {
      "type": "Feature",
      "id": "DG-0625",
      "geometry": {
        "type": "Point",
        "coordinates": [128.47796265942355, 35.85354990050663]
      },
      "properties": {
        "id": "DG-0625",
        "name": "산호경로당",
        "gu": "달서구",
        "facility_type": "경로당",
        "is_im_bank": false,
        "road_address": "대구광역시 달서구  달구벌대로203길  3   (호산동)",
        "kma_nx": 87,
        "kma_ny": 90,
        "source_geo_idn": "625",
        "geocode_result": "SUCC"
      }
    },
    {
      "type": "Feature",
      "id": "DG-0626",
      "geometry": {
        "type": "Point",
        "coordinates": [128.49653136543353, 35.85678406967349]
      },
      "properties": {
        "id": "DG-0626",
        "name": "신당경로당",
        "gu": "달서구",
        "facility_type": "경로당",
        "is_im_bank": false,
        "road_address": "대구광역시 달서구  서당로12길  15   (신당동)",
        "kma_nx": 87,
        "kma_ny": 90,
        "source_geo_idn": "626",
        "geocode_result": "SUCC"
      }
    },
    {
      "type": "Feature",
      "id": "DG-0627",
      "geometry": {
        "type": "Point",
        "coordinates": [128.5431658057309, 35.84101502533958]
      },
      "properties": {
        "id": "DG-0627",
        "name": "본리동행정복지센터",
        "gu": "달서구",
        "facility_type": "행정복지센터",
        "is_im_bank": false,
        "road_address": "대구광역시 달서구  당산로  37-14  (본리동)",
        "kma_nx": 88,
        "kma_ny": 90,
        "source_geo_idn": "627",
        "geocode_result": "SUCC"
      }
    },
    {
      "type": "Feature",
      "id": "DG-0628",
      "geometry": {
        "type": "Point",
        "coordinates": [128.53862300514982, 35.84304140872161]
      },
      "properties": {
        "id": "DG-0628",
        "name": "삼리경로당",
        "gu": "달서구",
        "facility_type": "경로당",
        "is_im_bank": false,
        "road_address": "대구광역시 달서구  와룡로24길  27   (본리동)",
        "kma_nx": 88,
        "kma_ny": 90,
        "source_geo_idn": "628",
        "geocode_result": "SUCC"
      }
    },
    {
      "type": "Feature",
      "id": "DG-0629",
      "geometry": {
        "type": "Point",
        "coordinates": [128.54445269274768, 35.84094442041283]
      },
      "properties": {
        "id": "DG-0629",
        "name": "대구은행 성당뉴타운지점",
        "gu": "달서구",
        "facility_type": "금융기관",
        "is_im_bank": true,
        "road_address": "대구광역시 달서구  당산로  39   (본리동)",
        "kma_nx": 88,
        "kma_ny": 90,
        "source_geo_idn": "629",
        "geocode_result": "SUCC"
      }
    },
    {
      "type": "Feature",
      "id": "DG-0630",
      "geometry": {
        "type": "Point",
        "coordinates": [128.54153355301656, 35.83765124259042]
      },
      "properties": {
        "id": "DG-0630",
        "name": "성서농협 본리동지점",
        "gu": "달서구",
        "facility_type": "금융기관",
        "is_im_bank": false,
        "road_address": "대구광역시 달서구  구마로  125   (본리동)",
        "kma_nx": 88,
        "kma_ny": 90,
        "source_geo_idn": "630",
        "geocode_result": "SUCC"
      }
    },
    {
      "type": "Feature",
      "id": "DG-0631",
      "geometry": {
        "type": "Point",
        "coordinates": [128.54445269274768, 35.84094442041283]
      },
      "properties": {
        "id": "DG-0631",
        "name": "성서농협 신본리지점",
        "gu": "달서구",
        "facility_type": "금융기관",
        "is_im_bank": false,
        "road_address": "대구광역시 달서구  당산로  39   (본리동)",
        "kma_nx": 88,
        "kma_ny": 90,
        "source_geo_idn": "631",
        "geocode_result": "SUCC"
      }
    },
    {
      "type": "Feature",
      "id": "DG-0632",
      "geometry": {
        "type": "Point",
        "coordinates": [128.5286803981967, 35.82115846288702]
      },
      "properties": {
        "id": "DG-0632",
        "name": "대구은행대천로지점",
        "gu": "달서구",
        "facility_type": "금융기관",
        "is_im_bank": true,
        "road_address": "대구광역시 달서구  조암남로  41   (월성동)",
        "kma_nx": 88,
        "kma_ny": 89,
        "source_geo_idn": "632",
        "geocode_result": "SUCC"
      }
    },
    {
      "type": "Feature",
      "id": "DG-0633",
      "geometry": {
        "type": "Point",
        "coordinates": [128.53380050652024, 35.82894410796622]
      },
      "properties": {
        "id": "DG-0633",
        "name": "월성보성경로당",
        "gu": "달서구",
        "facility_type": "경로당",
        "is_im_bank": false,
        "road_address": "대구광역시 달서구  학산로  30   (월성동)",
        "kma_nx": 88,
        "kma_ny": 90,
        "source_geo_idn": "633",
        "geocode_result": "SUCC"
      }
    },
    {
      "type": "Feature",
      "id": "DG-0634",
      "geometry": {
        "type": "Point",
        "coordinates": [128.52801488222408, 35.8208425095448]
      },
      "properties": {
        "id": "DG-0634",
        "name": "래미안월성 경로당",
        "gu": "달서구",
        "facility_type": "경로당",
        "is_im_bank": false,
        "road_address": "대구광역시 달서구  상원로  143   (월성동)",
        "kma_nx": 88,
        "kma_ny": 89,
        "source_geo_idn": "634",
        "geocode_result": "SUCC"
      }
    },
    {
      "type": "Feature",
      "id": "DG-0635",
      "geometry": {
        "type": "Point",
        "coordinates": [128.52283775576873, 35.81951322954159]
      },
      "properties": {
        "id": "DG-0635",
        "name": "월성1동행정복지센터",
        "gu": "달서구",
        "facility_type": "행정복지센터",
        "is_im_bank": false,
        "road_address": "대구광역시 달서구  조암남로  97   (월성동)",
        "kma_nx": 88,
        "kma_ny": 89,
        "source_geo_idn": "635",
        "geocode_result": "SUCC"
      }
    },
    {
      "type": "Feature",
      "id": "DG-0636",
      "geometry": {
        "type": "Point",
        "coordinates": [128.5298717435295, 35.83157510610352]
      },
      "properties": {
        "id": "DG-0636",
        "name": "월성 복지관",
        "gu": "달서구",
        "facility_type": "기타",
        "is_im_bank": false,
        "road_address": "대구광역시 달서구  학산로7길  39   (월성동)",
        "kma_nx": 88,
        "kma_ny": 90,
        "source_geo_idn": "636",
        "geocode_result": "SUCC"
      }
    },
    {
      "type": "Feature",
      "id": "DG-0637",
      "geometry": {
        "type": "Point",
        "coordinates": [128.5282750778335, 35.830950195439286]
      },
      "properties": {
        "id": "DG-0637",
        "name": "월성2동행정복지센터",
        "gu": "달서구",
        "facility_type": "행정복지센터",
        "is_im_bank": false,
        "road_address": "대구광역시 달서구  월성로  65   (월성동)",
        "kma_nx": 88,
        "kma_ny": 90,
        "source_geo_idn": "637",
        "geocode_result": "SUCC"
      }
    },
    {
      "type": "Feature",
      "id": "DG-0638",
      "geometry": {
        "type": "Point",
        "coordinates": [128.52833731657512, 35.83004103706801]
      },
      "properties": {
        "id": "DG-0638",
        "name": "학산 경로당",
        "gu": "달서구",
        "facility_type": "경로당",
        "is_im_bank": false,
        "road_address": "대구광역시 달서구  월성로  77   (월성동)",
        "kma_nx": 88,
        "kma_ny": 90,
        "source_geo_idn": "638",
        "geocode_result": "SUCC"
      }
    },
    {
      "type": "Feature",
      "id": "DG-0639",
      "geometry": {
        "type": "Point",
        "coordinates": [128.49648908100176, 35.83474223346652]
      },
      "properties": {
        "id": "DG-0639",
        "name": "IBK기업은행(성서공단지점)",
        "gu": "달서구",
        "facility_type": "금융기관",
        "is_im_bank": false,
        "road_address": "대구광역시 달서구  성서공단로  126   (월암동)",
        "kma_nx": 87,
        "kma_ny": 90,
        "source_geo_idn": "639",
        "geocode_result": "SUCC"
      }
    },
    {
      "type": "Feature",
      "id": "DG-0640",
      "geometry": {
        "type": "Point",
        "coordinates": [128.4961766198437, 35.834839845349045]
      },
      "properties": {
        "id": "DG-0640",
        "name": "대구은행(성서공단영업부)",
        "gu": "달서구",
        "facility_type": "금융기관",
        "is_im_bank": true,
        "road_address": "대구광역시 달서구  성서공단로  124   (월암동)",
        "kma_nx": 87,
        "kma_ny": 90,
        "source_geo_idn": "640",
        "geocode_result": "SUCC"
      }
    },
    {
      "type": "Feature",
      "id": "DG-0641",
      "geometry": {
        "type": "Point",
        "coordinates": [128.53231069094423, 35.83157286583307]
      },
      "properties": {
        "id": "DG-0641",
        "name": "대구은행(월성동지점)",
        "gu": "달서구",
        "facility_type": "금융기관",
        "is_im_bank": true,
        "road_address": "대구광역시 달서구  월성로  30   (월성동)",
        "kma_nx": 88,
        "kma_ny": 90,
        "source_geo_idn": "641",
        "geocode_result": "SUCC"
      }
    },
    {
      "type": "Feature",
      "id": "DG-0642",
      "geometry": {
        "type": "Point",
        "coordinates": [128.52625695301515, 35.81478742857238]
      },
      "properties": {
        "id": "DG-0642",
        "name": "대구은행 월배영업부",
        "gu": "달서구",
        "facility_type": "금융기관",
        "is_im_bank": true,
        "road_address": "대구광역시 달서구  월배로  109   (진천동)",
        "kma_nx": 88,
        "kma_ny": 89,
        "source_geo_idn": "642",
        "geocode_result": "SUCC"
      }
    },
    {
      "type": "Feature",
      "id": "DG-0643",
      "geometry": {
        "type": "Point",
        "coordinates": [128.5307415850017, 35.811179823795875]
      },
      "properties": {
        "id": "DG-0643",
        "name": "진천경로당",
        "gu": "달서구",
        "facility_type": "경로당",
        "is_im_bank": false,
        "road_address": "대구광역시 달서구  상화북로  40   (진천동)",
        "kma_nx": 88,
        "kma_ny": 89,
        "source_geo_idn": "643",
        "geocode_result": "SUCC"
      }
    },
    {
      "type": "Feature",
      "id": "DG-0644",
      "geometry": {
        "type": "Point",
        "coordinates": [128.5248143428405, 35.8094708697952]
      },
      "properties": {
        "id": "DG-0644",
        "name": "월배경로당",
        "gu": "달서구",
        "facility_type": "경로당",
        "is_im_bank": false,
        "road_address": "대구광역시 달서구  상화로7길  121   (진천동)",
        "kma_nx": 88,
        "kma_ny": 89,
        "source_geo_idn": "644",
        "geocode_result": "SUCC"
      }
    },
    {
      "type": "Feature",
      "id": "DG-0645",
      "geometry": {
        "type": "Point",
        "coordinates": [128.53081325606016, 35.814682619596326]
      },
      "properties": {
        "id": "DG-0645",
        "name": "동백만수당경로당",
        "gu": "달서구",
        "facility_type": "경로당",
        "is_im_bank": false,
        "road_address": "대구광역시 달서구  월배로32안길  35   (진천동)",
        "kma_nx": 88,
        "kma_ny": 89,
        "source_geo_idn": "645",
        "geocode_result": "SUCC"
      }
    },
    {
      "type": "Feature",
      "id": "DG-0646",
      "geometry": {
        "type": "Point",
        "coordinates": [128.52712918858015, 35.815039487215934]
      },
      "properties": {
        "id": "DG-0646",
        "name": "월진경로당",
        "gu": "달서구",
        "facility_type": "경로당",
        "is_im_bank": false,
        "road_address": "대구광역시 달서구  월배로  117   (진천동)",
        "kma_nx": 88,
        "kma_ny": 89,
        "source_geo_idn": "646",
        "geocode_result": "SUCC"
      }
    },
    {
      "type": "Feature",
      "id": "DG-0647",
      "geometry": {
        "type": "Point",
        "coordinates": [128.5193435173161, 35.81196247350298]
      },
      "properties": {
        "id": "DG-0647",
        "name": "신정경로당",
        "gu": "달서구",
        "facility_type": "경로당",
        "is_im_bank": false,
        "road_address": "대구광역시 달서구  상화로9길  81-17  (진천동)",
        "kma_nx": 87,
        "kma_ny": 89,
        "source_geo_idn": "647",
        "geocode_result": "SUCC"
      }
    },
    {
      "type": "Feature",
      "id": "DG-0648",
      "geometry": {
        "type": "Point",
        "coordinates": [128.52280912244515, 35.81222140333708]
      },
      "properties": {
        "id": "DG-0648",
        "name": "진천동행정복지센터",
        "gu": "달서구",
        "facility_type": "행정복지센터",
        "is_im_bank": false,
        "road_address": "대구광역시 달서구 진천로9길 33",
        "kma_nx": 88,
        "kma_ny": 89,
        "source_geo_idn": "648",
        "geocode_result": "SUCC"
      }
    },
    {
      "type": "Feature",
      "id": "DG-0649",
      "geometry": {
        "type": "Point",
        "coordinates": [128.54501109888096, 35.814263032831235]
      },
      "properties": {
        "id": "DG-0649",
        "name": "상인1동행정복지센터",
        "gu": "달서구",
        "facility_type": "행정복지센터",
        "is_im_bank": false,
        "road_address": "대구광역시 달서구 상인서로 40",
        "kma_nx": 88,
        "kma_ny": 89,
        "source_geo_idn": "649",
        "geocode_result": "SUCC"
      }
    },
    {
      "type": "Feature",
      "id": "DG-0650",
      "geometry": {
        "type": "Point",
        "coordinates": [128.53601670815732, 35.81738819249872]
      },
      "properties": {
        "id": "DG-0650",
        "name": "월평경로당",
        "gu": "달서구",
        "facility_type": "경로당",
        "is_im_bank": false,
        "road_address": "대구광역시 달서구  월배로40길  27-21  (상인동)",
        "kma_nx": 88,
        "kma_ny": 89,
        "source_geo_idn": "650",
        "geocode_result": "SUCC"
      }
    },
    {
      "type": "Feature",
      "id": "DG-0651",
      "geometry": {
        "type": "Point",
        "coordinates": [128.5340459119541, 35.814097100733925]
      },
      "properties": {
        "id": "DG-0651",
        "name": "월상경로당",
        "gu": "달서구",
        "facility_type": "경로당",
        "is_im_bank": false,
        "road_address": "대구광역시 달서구  상원로13길  23-17  (상인동)",
        "kma_nx": 88,
        "kma_ny": 89,
        "source_geo_idn": "651",
        "geocode_result": "SUCC"
      }
    },
    {
      "type": "Feature",
      "id": "DG-0652",
      "geometry": {
        "type": "Point",
        "coordinates": [128.54043573900904, 35.819105109655055]
      },
      "properties": {
        "id": "DG-0652",
        "name": "국민은행 상인역지점",
        "gu": "달서구",
        "facility_type": "금융기관",
        "is_im_bank": false,
        "road_address": "대구광역시 달서구  월배로  250   (상인동)",
        "kma_nx": 88,
        "kma_ny": 89,
        "source_geo_idn": "652",
        "geocode_result": "SUCC"
      }
    },
    {
      "type": "Feature",
      "id": "DG-0653",
      "geometry": {
        "type": "Point",
        "coordinates": [128.53028115141754, 35.82154541349478]
      },
      "properties": {
        "id": "DG-0653",
        "name": "상인자이아파트경로당",
        "gu": "달서구",
        "facility_type": "경로당",
        "is_im_bank": false,
        "road_address": "대구광역시 달서구  상원로  142   (상인동)",
        "kma_nx": 88,
        "kma_ny": 89,
        "source_geo_idn": "653",
        "geocode_result": "SUCC"
      }
    },
    {
      "type": "Feature",
      "id": "DG-0654",
      "geometry": {
        "type": "Point",
        "coordinates": [128.54432153940476, 35.8207025530947]
      },
      "properties": {
        "id": "DG-0654",
        "name": "송현주공3단지경로당",
        "gu": "달서구",
        "facility_type": "경로당",
        "is_im_bank": false,
        "road_address": "대구광역시 달서구  월배로  280   (상인동)",
        "kma_nx": 88,
        "kma_ny": 89,
        "source_geo_idn": "654",
        "geocode_result": "SUCC"
      }
    },
    {
      "type": "Feature",
      "id": "DG-0655",
      "geometry": {
        "type": "Point",
        "coordinates": [128.54830261263746, 35.81671507625805]
      },
      "properties": {
        "id": "DG-0655",
        "name": "월촌경로당",
        "gu": "달서구",
        "facility_type": "경로당",
        "is_im_bank": false,
        "road_address": "대구광역시 달서구  상인서로10길  42-1  (상인동)",
        "kma_nx": 88,
        "kma_ny": 89,
        "source_geo_idn": "655",
        "geocode_result": "SUCC"
      }
    },
    {
      "type": "Feature",
      "id": "DG-0656",
      "geometry": {
        "type": "Point",
        "coordinates": [128.53708099045872, 35.81910480862323]
      },
      "properties": {
        "id": "DG-0656",
        "name": "하나은행 상인동지점",
        "gu": "달서구",
        "facility_type": "금융기관",
        "is_im_bank": false,
        "road_address": "대구광역시 달서구  월배로  219   (상인동)",
        "kma_nx": 88,
        "kma_ny": 89,
        "source_geo_idn": "656",
        "geocode_result": "SUCC"
      }
    },
    {
      "type": "Feature",
      "id": "DG-0657",
      "geometry": {
        "type": "Point",
        "coordinates": [128.53898729429793, 35.81812518440566]
      },
      "properties": {
        "id": "DG-0657",
        "name": "대구은행 상인역지점",
        "gu": "달서구",
        "facility_type": "금융기관",
        "is_im_bank": true,
        "road_address": "대구광역시 달서구  월곡로  266   (상인동)",
        "kma_nx": 88,
        "kma_ny": 89,
        "source_geo_idn": "657",
        "geocode_result": "SUCC"
      }
    },
    {
      "type": "Feature",
      "id": "DG-0658",
      "geometry": {
        "type": "Point",
        "coordinates": [128.54370838135745, 35.814636631221134]
      },
      "properties": {
        "id": "DG-0658",
        "name": "대구은행 상인지점",
        "gu": "달서구",
        "facility_type": "금융기관",
        "is_im_bank": true,
        "road_address": "대구광역시 달서구  상인서로  51   (상인동)",
        "kma_nx": 88,
        "kma_ny": 89,
        "source_geo_idn": "658",
        "geocode_result": "SUCC"
      }
    },
    {
      "type": "Feature",
      "id": "DG-0659",
      "geometry": {
        "type": "Point",
        "coordinates": [128.53353664330552, 35.81730091173002]
      },
      "properties": {
        "id": "DG-0659",
        "name": "신용협동조합 상인지점",
        "gu": "달서구",
        "facility_type": "기타",
        "is_im_bank": false,
        "road_address": "대구광역시 달서구  월배로  180   (상인동)",
        "kma_nx": 88,
        "kma_ny": 89,
        "source_geo_idn": "659",
        "geocode_result": "SUCC"
      }
    },
    {
      "type": "Feature",
      "id": "DG-0660",
      "geometry": {
        "type": "Point",
        "coordinates": [128.53823949548985, 35.81148060485918]
      },
      "properties": {
        "id": "DG-0660",
        "name": "대구은행 상인남지점",
        "gu": "달서구",
        "facility_type": "금융기관",
        "is_im_bank": true,
        "road_address": "대구광역시 달서구  상화북로  117   (상인동)",
        "kma_nx": 88,
        "kma_ny": 89,
        "source_geo_idn": "660",
        "geocode_result": "SUCC"
      }
    },
    {
      "type": "Feature",
      "id": "DG-0661",
      "geometry": {
        "type": "Point",
        "coordinates": [128.53259501650174, 35.81689478585468]
      },
      "properties": {
        "id": "DG-0661",
        "name": "하나은행 월배역지점",
        "gu": "달서구",
        "facility_type": "금융기관",
        "is_im_bank": false,
        "road_address": "대구광역시 달서구 월배로 170",
        "kma_nx": 88,
        "kma_ny": 89,
        "source_geo_idn": "661",
        "geocode_result": "SUCC"
      }
    },
    {
      "type": "Feature",
      "id": "DG-0662",
      "geometry": {
        "type": "Point",
        "coordinates": [128.54506811038004, 35.81058197150696]
      },
      "properties": {
        "id": "DG-0662",
        "name": "보라맨션경로당",
        "gu": "달서구",
        "facility_type": "경로당",
        "is_im_bank": false,
        "road_address": "대구광역시 달서구  월곡로  171   (상인동)",
        "kma_nx": 88,
        "kma_ny": 89,
        "source_geo_idn": "662",
        "geocode_result": "SUCC"
      }
    },
    {
      "type": "Feature",
      "id": "DG-0663",
      "geometry": {
        "type": "Point",
        "coordinates": [128.54448655398053, 35.809572939783244]
      },
      "properties": {
        "id": "DG-0663",
        "name": "월곡경로당",
        "gu": "달서구",
        "facility_type": "경로당",
        "is_im_bank": false,
        "road_address": "대구광역시 달서구  상화로57안길  8   (상인동)",
        "kma_nx": 88,
        "kma_ny": 89,
        "source_geo_idn": "663",
        "geocode_result": "SUCC"
      }
    },
    {
      "type": "Feature",
      "id": "DG-0664",
      "geometry": {
        "type": "Point",
        "coordinates": [128.54090279952143, 35.81121218740796]
      },
      "properties": {
        "id": "DG-0664",
        "name": "한양은하경로당",
        "gu": "달서구",
        "facility_type": "경로당",
        "is_im_bank": false,
        "road_address": "대구광역시 달서구  상화북로  137   (상인동)",
        "kma_nx": 88,
        "kma_ny": 89,
        "source_geo_idn": "664",
        "geocode_result": "SUCC"
      }
    },
    {
      "type": "Feature",
      "id": "DG-0665",
      "geometry": {
        "type": "Point",
        "coordinates": [128.5362599295527, 35.812554873451646]
      },
      "properties": {
        "id": "DG-0665",
        "name": "상인2동행정복지센터",
        "gu": "달서구",
        "facility_type": "행정복지센터",
        "is_im_bank": false,
        "road_address": "대구광역시 달서구  상원로  27   (상인동)",
        "kma_nx": 88,
        "kma_ny": 89,
        "source_geo_idn": "665",
        "geocode_result": "SUCC"
      }
    },
    {
      "type": "Feature",
      "id": "DG-0666",
      "geometry": {
        "type": "Point",
        "coordinates": [128.55020026836993, 35.810065307408436]
      },
      "properties": {
        "id": "DG-0666",
        "name": "상인3동행정복지센터",
        "gu": "달서구",
        "facility_type": "행정복지센터",
        "is_im_bank": false,
        "road_address": "대구광역시 달서구  상인로  25   (상인동)",
        "kma_nx": 88,
        "kma_ny": 89,
        "source_geo_idn": "666",
        "geocode_result": "SUCC"
      }
    },
    {
      "type": "Feature",
      "id": "DG-0667",
      "geometry": {
        "type": "Point",
        "coordinates": [128.54979115619696, 35.80973535285782]
      },
      "properties": {
        "id": "DG-0667",
        "name": "채정경로당",
        "gu": "달서구",
        "facility_type": "경로당",
        "is_im_bank": false,
        "road_address": "대구광역시 달서구  상인로9안길  69   (상인동)",
        "kma_nx": 88,
        "kma_ny": 89,
        "source_geo_idn": "667",
        "geocode_result": "SUCC"
      }
    },
    {
      "type": "Feature",
      "id": "DG-0668",
      "geometry": {
        "type": "Point",
        "coordinates": [128.5460458972369, 35.8073756932813]
      },
      "properties": {
        "id": "DG-0668",
        "name": "서한이다음경로당",
        "gu": "달서구",
        "facility_type": "경로당",
        "is_im_bank": false,
        "road_address": "대구광역시 달서구 상화로58길 35",
        "kma_nx": 88,
        "kma_ny": 89,
        "source_geo_idn": "668",
        "geocode_result": "SUCC"
      }
    },
    {
      "type": "Feature",
      "id": "DG-0669",
      "geometry": {
        "type": "Point",
        "coordinates": [128.5307910828075, 35.8059200221902]
      },
      "properties": {
        "id": "DG-0669",
        "name": "아람경로당",
        "gu": "달서구",
        "facility_type": "경로당",
        "is_im_bank": false,
        "road_address": "대구광역시 달서구  한실로  30   (도원동)",
        "kma_nx": 88,
        "kma_ny": 89,
        "source_geo_idn": "669",
        "geocode_result": "SUCC"
      }
    },
    {
      "type": "Feature",
      "id": "DG-0670",
      "geometry": {
        "type": "Point",
        "coordinates": [128.53011878373553, 35.80778136873717]
      },
      "properties": {
        "id": "DG-0670",
        "name": "나래경로당",
        "gu": "달서구",
        "facility_type": "경로당",
        "is_im_bank": false,
        "road_address": "대구광역시 달서구  한실로  29   (도원동)",
        "kma_nx": 88,
        "kma_ny": 89,
        "source_geo_idn": "670",
        "geocode_result": "SUCC"
      }
    },
    {
      "type": "Feature",
      "id": "DG-0671",
      "geometry": {
        "type": "Point",
        "coordinates": [128.54073608829012, 35.80487377007437]
      },
      "properties": {
        "id": "DG-0671",
        "name": "미리샘경로당",
        "gu": "달서구",
        "facility_type": "경로당",
        "is_im_bank": false,
        "road_address": "대구광역시 달서구  한실로  134   (도원동)",
        "kma_nx": 88,
        "kma_ny": 89,
        "source_geo_idn": "671",
        "geocode_result": "SUCC"
      }
    },
    {
      "type": "Feature",
      "id": "DG-0672",
      "geometry": {
        "type": "Point",
        "coordinates": [128.54870519785408, 35.8046307733276]
      },
      "properties": {
        "id": "DG-0672",
        "name": "롯데캐슬경로당",
        "gu": "달서구",
        "facility_type": "경로당",
        "is_im_bank": false,
        "road_address": "대구광역시 달서구  상화로58길  86   (도원동)",
        "kma_nx": 88,
        "kma_ny": 89,
        "source_geo_idn": "672",
        "geocode_result": "SUCC"
      }
    },
    {
      "type": "Feature",
      "id": "DG-0673",
      "geometry": {
        "type": "Point",
        "coordinates": [128.53452057922428, 35.80265712592979]
      },
      "properties": {
        "id": "DG-0673",
        "name": "산새경로당",
        "gu": "달서구",
        "facility_type": "경로당",
        "is_im_bank": false,
        "road_address": "대구광역시 달서구  도원남로  40   (도원동)",
        "kma_nx": 88,
        "kma_ny": 89,
        "source_geo_idn": "673",
        "geocode_result": "SUCC"
      }
    },
    {
      "type": "Feature",
      "id": "DG-0674",
      "geometry": {
        "type": "Point",
        "coordinates": [128.53431905794858, 35.804602600410114]
      },
      "properties": {
        "id": "DG-0674",
        "name": "별메경로당",
        "gu": "달서구",
        "facility_type": "경로당",
        "is_im_bank": false,
        "road_address": "대구광역시 달서구  도원로  46   (도원동)",
        "kma_nx": 88,
        "kma_ny": 89,
        "source_geo_idn": "674",
        "geocode_result": "SUCC"
      }
    },
    {
      "type": "Feature",
      "id": "DG-0675",
      "geometry": {
        "type": "Point",
        "coordinates": [128.53280349561035, 35.80748041757589]
      },
      "properties": {
        "id": "DG-0675",
        "name": "한실들2차경로당",
        "gu": "달서구",
        "facility_type": "경로당",
        "is_im_bank": false,
        "road_address": "대구광역시 달서구  한실로  49   (도원동)",
        "kma_nx": 88,
        "kma_ny": 89,
        "source_geo_idn": "675",
        "geocode_result": "SUCC"
      }
    },
    {
      "type": "Feature",
      "id": "DG-0676",
      "geometry": {
        "type": "Point",
        "coordinates": [128.53280349561035, 35.80748041757589]
      },
      "properties": {
        "id": "DG-0676",
        "name": "한실들1차경로당",
        "gu": "달서구",
        "facility_type": "경로당",
        "is_im_bank": false,
        "road_address": "대구광역시 달서구  한실로  49   (도원동)",
        "kma_nx": 88,
        "kma_ny": 89,
        "source_geo_idn": "676",
        "geocode_result": "SUCC"
      }
    },
    {
      "type": "Feature",
      "id": "DG-0677",
      "geometry": {
        "type": "Point",
        "coordinates": [128.53829355145248, 35.806941675542355]
      },
      "properties": {
        "id": "DG-0677",
        "name": "사계절경로당",
        "gu": "달서구",
        "facility_type": "경로당",
        "is_im_bank": false,
        "road_address": "대구광역시 달서구  한실로  117   (도원동)",
        "kma_nx": 88,
        "kma_ny": 89,
        "source_geo_idn": "677",
        "geocode_result": "SUCC"
      }
    },
    {
      "type": "Feature",
      "id": "DG-0678",
      "geometry": {
        "type": "Point",
        "coordinates": [128.535892783463, 35.80544040584396]
      },
      "properties": {
        "id": "DG-0678",
        "name": "강산경로당",
        "gu": "달서구",
        "facility_type": "경로당",
        "is_im_bank": false,
        "road_address": "대구광역시 달서구  도원로  45   (도원동)",
        "kma_nx": 88,
        "kma_ny": 89,
        "source_geo_idn": "678",
        "geocode_result": "SUCC"
      }
    },
    {
      "type": "Feature",
      "id": "DG-0679",
      "geometry": {
        "type": "Point",
        "coordinates": [128.54081043391093, 35.80666071708173]
      },
      "properties": {
        "id": "DG-0679",
        "name": "가람2차경로당",
        "gu": "달서구",
        "facility_type": "경로당",
        "is_im_bank": false,
        "road_address": "대구광역시 달서구  한실로  135   (도원동)",
        "kma_nx": 88,
        "kma_ny": 89,
        "source_geo_idn": "679",
        "geocode_result": "SUCC"
      }
    },
    {
      "type": "Feature",
      "id": "DG-0680",
      "geometry": {
        "type": "Point",
        "coordinates": [128.54081043391093, 35.80666071708173]
      },
      "properties": {
        "id": "DG-0680",
        "name": "가람1차경로당",
        "gu": "달서구",
        "facility_type": "경로당",
        "is_im_bank": false,
        "road_address": "대구광역시 달서구  한실로  135   (도원동)",
        "kma_nx": 88,
        "kma_ny": 89,
        "source_geo_idn": "680",
        "geocode_result": "SUCC"
      }
    },
    {
      "type": "Feature",
      "id": "DG-0681",
      "geometry": {
        "type": "Point",
        "coordinates": [128.54763309152958, 35.796126826407644]
      },
      "properties": {
        "id": "DG-0681",
        "name": "도원경로당",
        "gu": "달서구",
        "facility_type": "경로당",
        "is_im_bank": false,
        "road_address": "대구광역시 달서구  수밭길  46   (도원동)",
        "kma_nx": 88,
        "kma_ny": 89,
        "source_geo_idn": "681",
        "geocode_result": "SUCC"
      }
    },
    {
      "type": "Feature",
      "id": "DG-0682",
      "geometry": {
        "type": "Point",
        "coordinates": [128.5321884132501, 35.80748105075682]
      },
      "properties": {
        "id": "DG-0682",
        "name": "도원동행정복지센터",
        "gu": "달서구",
        "facility_type": "행정복지센터",
        "is_im_bank": false,
        "road_address": "대구광역시 달서구  한실로  53   (도원동)",
        "kma_nx": 88,
        "kma_ny": 89,
        "source_geo_idn": "682",
        "geocode_result": "SUCC"
      }
    },
    {
      "type": "Feature",
      "id": "DG-0683",
      "geometry": {
        "type": "Point",
        "coordinates": [128.55475594957747, 35.829233515003864]
      },
      "properties": {
        "id": "DG-0683",
        "name": "송현1동행정복지센터",
        "gu": "달서구",
        "facility_type": "행정복지센터",
        "is_im_bank": false,
        "road_address": "대구광역시 달서구  중흥로8길  41   (송현동)",
        "kma_nx": 88,
        "kma_ny": 90,
        "source_geo_idn": "683",
        "geocode_result": "SUCC"
      }
    },
    {
      "type": "Feature",
      "id": "DG-0684",
      "geometry": {
        "type": "Point",
        "coordinates": [128.56037262856486, 35.828764203192286]
      },
      "properties": {
        "id": "DG-0684",
        "name": "송곡경로당",
        "gu": "달서구",
        "facility_type": "경로당",
        "is_im_bank": false,
        "road_address": "대구광역시 달서구  앞산순환로61길  14   (송현동)",
        "kma_nx": 88,
        "kma_ny": 90,
        "source_geo_idn": "684",
        "geocode_result": "SUCC"
      }
    },
    {
      "type": "Feature",
      "id": "DG-0685",
      "geometry": {
        "type": "Point",
        "coordinates": [128.5510881975328, 35.82249701968876]
      },
      "properties": {
        "id": "DG-0685",
        "name": "대남경로당",
        "gu": "달서구",
        "facility_type": "경로당",
        "is_im_bank": false,
        "road_address": "대구광역시 달서구  앞산순환로39안길  11   (송현동)",
        "kma_nx": 88,
        "kma_ny": 89,
        "source_geo_idn": "685",
        "geocode_result": "SUCC"
      }
    },
    {
      "type": "Feature",
      "id": "DG-0686",
      "geometry": {
        "type": "Point",
        "coordinates": [128.55544228339116, 35.82675186554528]
      },
      "properties": {
        "id": "DG-0686",
        "name": "송영경로당",
        "gu": "달서구",
        "facility_type": "경로당",
        "is_im_bank": false,
        "road_address": "대구광역시 달서구  중흥로16길  84-12  (송현동)",
        "kma_nx": 88,
        "kma_ny": 90,
        "source_geo_idn": "686",
        "geocode_result": "SUCC"
      }
    },
    {
      "type": "Feature",
      "id": "DG-0687",
      "geometry": {
        "type": "Point",
        "coordinates": [128.54938653449153, 35.826487660345705]
      },
      "properties": {
        "id": "DG-0687",
        "name": "송공경로당",
        "gu": "달서구",
        "facility_type": "경로당",
        "is_im_bank": false,
        "road_address": "대구광역시 달서구  월배로68안길  43-7  (송현동)",
        "kma_nx": 88,
        "kma_ny": 90,
        "source_geo_idn": "687",
        "geocode_result": "SUCC"
      }
    },
    {
      "type": "Feature",
      "id": "DG-0688",
      "geometry": {
        "type": "Point",
        "coordinates": [128.5528064515303, 35.831861256698836]
      },
      "properties": {
        "id": "DG-0688",
        "name": "대구은행 송현역지점",
        "gu": "달서구",
        "facility_type": "금융기관",
        "is_im_bank": true,
        "road_address": "대구광역시 달서구  월배로  426   (송현동)",
        "kma_nx": 88,
        "kma_ny": 90,
        "source_geo_idn": "688",
        "geocode_result": "SUCC"
      }
    },
    {
      "type": "Feature",
      "id": "DG-0689",
      "geometry": {
        "type": "Point",
        "coordinates": [128.5463221335837, 35.82413005816565]
      },
      "properties": {
        "id": "DG-0689",
        "name": "대구은행 월촌역지점",
        "gu": "달서구",
        "facility_type": "금융기관",
        "is_im_bank": true,
        "road_address": "대구광역시 달서구  월배로  322   (송현동)",
        "kma_nx": 88,
        "kma_ny": 89,
        "source_geo_idn": "689",
        "geocode_result": "SUCC"
      }
    },
    {
      "type": "Feature",
      "id": "DG-0690",
      "geometry": {
        "type": "Point",
        "coordinates": [128.54831601321558, 35.82219032971639]
      },
      "properties": {
        "id": "DG-0690",
        "name": "축협 송현지점",
        "gu": "달서구",
        "facility_type": "기타",
        "is_im_bank": false,
        "road_address": "대구광역시 달서구  송현로  34   (송현동)",
        "kma_nx": 88,
        "kma_ny": 89,
        "source_geo_idn": "690",
        "geocode_result": "SUCC"
      }
    },
    {
      "type": "Feature",
      "id": "DG-0691",
      "geometry": {
        "type": "Point",
        "coordinates": [128.54775904416317, 35.83225439832337]
      },
      "properties": {
        "id": "DG-0691",
        "name": "소나무경로당",
        "gu": "달서구",
        "facility_type": "경로당",
        "is_im_bank": false,
        "road_address": "대구광역시 달서구 송현동4길 31",
        "kma_nx": 88,
        "kma_ny": 90,
        "source_geo_idn": "691",
        "geocode_result": "SUCC"
      }
    },
    {
      "type": "Feature",
      "id": "DG-0692",
      "geometry": {
        "type": "Point",
        "coordinates": [128.53862768378696, 35.83457409666269]
      },
      "properties": {
        "id": "DG-0692",
        "name": "본동경로당",
        "gu": "달서구",
        "facility_type": "경로당",
        "is_im_bank": false,
        "road_address": "대구광역시 달서구  와룡로4길  19   (본동)",
        "kma_nx": 88,
        "kma_ny": 90,
        "source_geo_idn": "692",
        "geocode_result": "SUCC"
      }
    },
    {
      "type": "Feature",
      "id": "DG-0693",
      "geometry": {
        "type": "Point",
        "coordinates": [128.54627870953667, 35.82668269019815]
      },
      "properties": {
        "id": "DG-0693",
        "name": "솔고개경로당",
        "gu": "달서구",
        "facility_type": "경로당",
        "is_im_bank": false,
        "road_address": "대구광역시 달서구  월배로67안길  14   (송현동)",
        "kma_nx": 88,
        "kma_ny": 90,
        "source_geo_idn": "693",
        "geocode_result": "SUCC"
      }
    },
    {
      "type": "Feature",
      "id": "DG-0694",
      "geometry": {
        "type": "Point",
        "coordinates": [128.54787700123282, 35.829895457880724]
      },
      "properties": {
        "id": "DG-0694",
        "name": "구암경로당",
        "gu": "달서구",
        "facility_type": "경로당",
        "is_im_bank": false,
        "road_address": "대구광역시 달서구  월배로75길  50-12  (송현동)",
        "kma_nx": 88,
        "kma_ny": 90,
        "source_geo_idn": "694",
        "geocode_result": "SUCC"
      }
    },
    {
      "type": "Feature",
      "id": "DG-0695",
      "geometry": {
        "type": "Point",
        "coordinates": [128.5530789266946, 35.83448549973453]
      },
      "properties": {
        "id": "DG-0695",
        "name": "송현경로당",
        "gu": "달서구",
        "facility_type": "경로당",
        "is_im_bank": false,
        "road_address": "대구광역시 달서구  구마로52안길  18   (송현동)",
        "kma_nx": 88,
        "kma_ny": 90,
        "source_geo_idn": "695",
        "geocode_result": "SUCC"
      }
    },
    {
      "type": "Feature",
      "id": "DG-0696",
      "geometry": {
        "type": "Point",
        "coordinates": [128.54558268167725, 35.83278705903068]
      },
      "properties": {
        "id": "DG-0696",
        "name": "송현2동행정복지센터",
        "gu": "달서구",
        "facility_type": "행정복지센터",
        "is_im_bank": false,
        "road_address": "대구광역시 달서구  월배로83길  120-14  (송현동)",
        "kma_nx": 88,
        "kma_ny": 90,
        "source_geo_idn": "696",
        "geocode_result": "SUCC"
      }
    },
    {
      "type": "Feature",
      "id": "DG-0697",
      "geometry": {
        "type": "Point",
        "coordinates": [128.54332620521407, 35.82712796874351]
      },
      "properties": {
        "id": "DG-0697",
        "name": "본동종합사회복지관",
        "gu": "달서구",
        "facility_type": "기타",
        "is_im_bank": false,
        "road_address": "대구광역시 달서구  송현로  113   (송현동)",
        "kma_nx": 88,
        "kma_ny": 90,
        "source_geo_idn": "697",
        "geocode_result": "SUCC"
      }
    },
    {
      "type": "Feature",
      "id": "DG-0698",
      "geometry": {
        "type": "Point",
        "coordinates": [128.54104207915168, 35.83444222599386]
      },
      "properties": {
        "id": "DG-0698",
        "name": "본동행정복지센터",
        "gu": "달서구",
        "facility_type": "행정복지센터",
        "is_im_bank": false,
        "road_address": "대구광역시 달서구  구마로26길  62   (본동)",
        "kma_nx": 88,
        "kma_ny": 90,
        "source_geo_idn": "698",
        "geocode_result": "SUCC"
      }
    },
    {
      "type": "Feature",
      "id": "DG-0699",
      "geometry": {
        "type": "Point",
        "coordinates": [128.5418032225802, 35.83328619217427]
      },
      "properties": {
        "id": "DG-0699",
        "name": "노인종합복지관",
        "gu": "달서구",
        "facility_type": "기타",
        "is_im_bank": false,
        "road_address": "대구광역시 달서구  학산로  140   (본동)",
        "kma_nx": 88,
        "kma_ny": 90,
        "source_geo_idn": "699",
        "geocode_result": "SUCC"
      }
    },
    {
      "type": "Feature",
      "id": "DG-0700",
      "geometry": {
        "type": "Point",
        "coordinates": [128.53432302620536, 35.83194369605923]
      },
      "properties": {
        "id": "DG-0700",
        "name": "월성주공5단지경로당",
        "gu": "달서구",
        "facility_type": "경로당",
        "is_im_bank": false,
        "road_address": "대구광역시 달서구  구마로12길  89   (본동)",
        "kma_nx": 88,
        "kma_ny": 90,
        "source_geo_idn": "700",
        "geocode_result": "SUCC"
      }
    },
    {
      "type": "Feature",
      "id": "DG-0701",
      "geometry": {
        "type": "Point",
        "coordinates": [128.54611536413557, 35.835829713148165]
      },
      "properties": {
        "id": "DG-0701",
        "name": "청구그린2차경로당",
        "gu": "달서구",
        "facility_type": "경로당",
        "is_im_bank": false,
        "road_address": "대구광역시 달서구  구마로36길  20   (본동)",
        "kma_nx": 88,
        "kma_ny": 90,
        "source_geo_idn": "701",
        "geocode_result": "SUCC"
      }
    },
    {
      "type": "Feature",
      "id": "DG-0702",
      "geometry": {
        "type": "Point",
        "coordinates": [128.5358965140104, 35.83480729331817]
      },
      "properties": {
        "id": "DG-0702",
        "name": "가무내경로당",
        "gu": "달서구",
        "facility_type": "경로당",
        "is_im_bank": false,
        "road_address": "대구광역시 달서구  학산로19길  55   (본동)",
        "kma_nx": 88,
        "kma_ny": 90,
        "source_geo_idn": "702",
        "geocode_result": "SUCC"
      }
    },
    {
      "type": "Feature",
      "id": "DG-0703",
      "geometry": {
        "type": "Point",
        "coordinates": [128.53509546182536, 35.83711367524736]
      },
      "properties": {
        "id": "DG-0703",
        "name": "서부새마을금고 지점",
        "gu": "달서구",
        "facility_type": "금융기관",
        "is_im_bank": false,
        "road_address": "대구광역시 달서구  구마로  68   (본동)",
        "kma_nx": 88,
        "kma_ny": 90,
        "source_geo_idn": "703",
        "geocode_result": "SUCC"
      }
    },
    {
      "type": "Feature",
      "id": "DG-0704",
      "geometry": {
        "type": "Point",
        "coordinates": [128.54741107539016, 35.83690162738387]
      },
      "properties": {
        "id": "DG-0704",
        "name": "대구은행본리동지점",
        "gu": "달서구",
        "facility_type": "금융기관",
        "is_im_bank": true,
        "road_address": "대구광역시 달서구  구마로  180   (본동)",
        "kma_nx": 88,
        "kma_ny": 90,
        "source_geo_idn": "704",
        "geocode_result": "SUCC"
      }
    },
    {
      "type": "Feature",
      "id": "DG-0705",
      "geometry": {
        "type": "Point",
        "coordinates": [128.50340627464428, 35.805551948354285]
      },
      "properties": {
        "id": "DG-0705",
        "name": "화원읍 신협",
        "gu": "달성군",
        "facility_type": "금융기관",
        "is_im_bank": false,
        "road_address": "대구광역시 달성군 화원읍 비슬로  2625",
        "kma_nx": 87,
        "kma_ny": 89,
        "source_geo_idn": "705",
        "geocode_result": "SUCC"
      }
    },
    {
      "type": "Feature",
      "id": "DG-0706",
      "geometry": {
        "type": "Point",
        "coordinates": [128.4985306983258, 35.80324096591]
      },
      "properties": {
        "id": "DG-0706",
        "name": "화원읍새마을금고",
        "gu": "달성군",
        "facility_type": "금융기관",
        "is_im_bank": false,
        "road_address": "대구광역시 달성군 화원읍 비슬로  2576",
        "kma_nx": 87,
        "kma_ny": 89,
        "source_geo_idn": "706",
        "geocode_result": "SUCC"
      }
    },
    {
      "type": "Feature",
      "id": "DG-0707",
      "geometry": {
        "type": "Point",
        "coordinates": [128.51268701571018, 35.809825972912]
      },
      "properties": {
        "id": "DG-0707",
        "name": "대구은행(대곡역지점)",
        "gu": "달성군",
        "facility_type": "금융기관",
        "is_im_bank": true,
        "road_address": "대구광역시 달성군 화원읍 비슬로  2723",
        "kma_nx": 87,
        "kma_ny": 89,
        "source_geo_idn": "707",
        "geocode_result": "SUCC"
      }
    },
    {
      "type": "Feature",
      "id": "DG-0708",
      "geometry": {
        "type": "Point",
        "coordinates": [128.500510038491, 35.80472662565946]
      },
      "properties": {
        "id": "DG-0708",
        "name": "대구은행(화원지점)",
        "gu": "달성군",
        "facility_type": "금융기관",
        "is_im_bank": true,
        "road_address": "대구광역시 달성군 화원읍 비슬로  2597",
        "kma_nx": 87,
        "kma_ny": 89,
        "source_geo_idn": "708",
        "geocode_result": "SUCC"
      }
    },
    {
      "type": "Feature",
      "id": "DG-0709",
      "geometry": {
        "type": "Point",
        "coordinates": [128.51223675177002, 35.80965140645411]
      },
      "properties": {
        "id": "DG-0709",
        "name": "화원읍농협(대곡역지점)",
        "gu": "달성군",
        "facility_type": "금융기관",
        "is_im_bank": false,
        "road_address": "대구광역시 달성군 화원읍 비슬로  2717",
        "kma_nx": 87,
        "kma_ny": 89,
        "source_geo_idn": "709",
        "geocode_result": "SUCC"
      }
    },
    {
      "type": "Feature",
      "id": "DG-0710",
      "geometry": {
        "type": "Point",
        "coordinates": [128.49630022955503, 35.798034780735264]
      },
      "properties": {
        "id": "DG-0710",
        "name": "화원읍농협(명곡지점)",
        "gu": "달성군",
        "facility_type": "금융기관",
        "is_im_bank": false,
        "road_address": "대구광역시 달성군 화원읍 화암로  71",
        "kma_nx": 87,
        "kma_ny": 89,
        "source_geo_idn": "710",
        "geocode_result": "SUCC"
      }
    },
    {
      "type": "Feature",
      "id": "DG-0711",
      "geometry": {
        "type": "Point",
        "coordinates": [128.50055526099274, 35.80524873666119]
      },
      "properties": {
        "id": "DG-0711",
        "name": "화원읍농협(동부지점)",
        "gu": "달성군",
        "facility_type": "금융기관",
        "is_im_bank": false,
        "road_address": "대구광역시 달성군 화원읍 화원로1길  1",
        "kma_nx": 87,
        "kma_ny": 89,
        "source_geo_idn": "711",
        "geocode_result": "SUCC"
      }
    },
    {
      "type": "Feature",
      "id": "DG-0712",
      "geometry": {
        "type": "Point",
        "coordinates": [128.486346419832, 35.798360131350385]
      },
      "properties": {
        "id": "DG-0712",
        "name": "화원읍 농협(서부지점)",
        "gu": "달성군",
        "facility_type": "금융기관",
        "is_im_bank": false,
        "road_address": "대구광역시 달성군 화원읍 비슬로491길  13   (성화한빛아파트)",
        "kma_nx": 87,
        "kma_ny": 89,
        "source_geo_idn": "712",
        "geocode_result": "SUCC"
      }
    },
    {
      "type": "Feature",
      "id": "DG-0713",
      "geometry": {
        "type": "Point",
        "coordinates": [128.49859495651862, 35.803834933823765]
      },
      "properties": {
        "id": "DG-0713",
        "name": "화원읍 농협(본점)",
        "gu": "달성군",
        "facility_type": "금융기관",
        "is_im_bank": false,
        "road_address": "대구광역시 달성군 화원읍 비슬로  2575",
        "kma_nx": 87,
        "kma_ny": 89,
        "source_geo_idn": "713",
        "geocode_result": "SUCC"
      }
    },
    {
      "type": "Feature",
      "id": "DG-0714",
      "geometry": {
        "type": "Point",
        "coordinates": [128.49404867955525, 35.79806639076211]
      },
      "properties": {
        "id": "DG-0714",
        "name": "명곡4리 경로당",
        "gu": "달성군",
        "facility_type": "경로당",
        "is_im_bank": false,
        "road_address": "대구광역시 달성군 화원읍 명천로  231   (명곡미래빌 2단지)",
        "kma_nx": 87,
        "kma_ny": 89,
        "source_geo_idn": "714",
        "geocode_result": "SUCC"
      }
    },
    {
      "type": "Feature",
      "id": "DG-0715",
      "geometry": {
        "type": "Point",
        "coordinates": [128.50128088539927, 35.788784388875925]
      },
      "properties": {
        "id": "DG-0715",
        "name": "명곡1리 경로당",
        "gu": "달성군",
        "facility_type": "경로당",
        "is_im_bank": false,
        "road_address": "대구광역시 달성군 화원읍명곡로22길 12",
        "kma_nx": 87,
        "kma_ny": 89,
        "source_geo_idn": "715",
        "geocode_result": "SUCC"
      }
    },
    {
      "type": "Feature",
      "id": "DG-0716",
      "geometry": {
        "type": "Point",
        "coordinates": [128.49132656095833, 35.79896170836092]
      },
      "properties": {
        "id": "DG-0716",
        "name": "명곡2리 경로당",
        "gu": "달성군",
        "facility_type": "경로당",
        "is_im_bank": false,
        "road_address": "대구광역시 달성군 화원읍비슬로500길 7",
        "kma_nx": 87,
        "kma_ny": 89,
        "source_geo_idn": "716",
        "geocode_result": "SUCC"
      }
    },
    {
      "type": "Feature",
      "id": "DG-0717",
      "geometry": {
        "type": "Point",
        "coordinates": [128.49864554940226, 35.7987553342299]
      },
      "properties": {
        "id": "DG-0717",
        "name": "명곡3리 경로당",
        "gu": "달성군",
        "facility_type": "경로당",
        "is_im_bank": false,
        "road_address": "대구광역시 달성군 화원읍 명곡로  11   (명곡미래빌 1단지)",
        "kma_nx": 87,
        "kma_ny": 89,
        "source_geo_idn": "717",
        "geocode_result": "SUCC"
      }
    },
    {
      "type": "Feature",
      "id": "DG-0718",
      "geometry": {
        "type": "Point",
        "coordinates": [128.49523177501982, 35.79697748992285]
      },
      "properties": {
        "id": "DG-0718",
        "name": "명곡5리 경로당",
        "gu": "달성군",
        "facility_type": "경로당",
        "is_im_bank": false,
        "road_address": "대구광역시 달성군 화원읍 명곡로  30   (명곡미래빌3단지)",
        "kma_nx": 87,
        "kma_ny": 89,
        "source_geo_idn": "718",
        "geocode_result": "SUCC"
      }
    },
    {
      "type": "Feature",
      "id": "DG-0719",
      "geometry": {
        "type": "Point",
        "coordinates": [128.4930857081681, 35.798388356903594]
      },
      "properties": {
        "id": "DG-0719",
        "name": "명곡7리 경로당",
        "gu": "달성군",
        "facility_type": "경로당",
        "is_im_bank": false,
        "road_address": "대구광역시 달성군 화원읍 명천로  243   (명곡미래빌5단지)",
        "kma_nx": 87,
        "kma_ny": 89,
        "source_geo_idn": "719",
        "geocode_result": "SUCC"
      }
    },
    {
      "type": "Feature",
      "id": "DG-0720",
      "geometry": {
        "type": "Point",
        "coordinates": [128.49850900940672, 35.79761075332535]
      },
      "properties": {
        "id": "DG-0720",
        "name": "명곡6리 경로당",
        "gu": "달성군",
        "facility_type": "경로당",
        "is_im_bank": false,
        "road_address": "대구광역시 달성군 화원읍 화암로  120   (명곡미래빌4단지)",
        "kma_nx": 87,
        "kma_ny": 89,
        "source_geo_idn": "720",
        "geocode_result": "SUCC"
      }
    },
    {
      "type": "Feature",
      "id": "DG-0721",
      "geometry": {
        "type": "Point",
        "coordinates": [128.51223791638495, 35.810646275183885]
      },
      "properties": {
        "id": "DG-0721",
        "name": "구라5리 경로당",
        "gu": "달성군",
        "facility_type": "경로당",
        "is_im_bank": false,
        "road_address": "대구광역시 달성군 화원읍비슬로 2715",
        "kma_nx": 87,
        "kma_ny": 89,
        "source_geo_idn": "721",
        "geocode_result": "SUCC"
      }
    },
    {
      "type": "Feature",
      "id": "DG-0722",
      "geometry": {
        "type": "Point",
        "coordinates": [128.5087669409036, 35.80986443196059]
      },
      "properties": {
        "id": "DG-0722",
        "name": "구라6리 경로당",
        "gu": "달성군",
        "facility_type": "경로당",
        "is_im_bank": false,
        "road_address": "대구광역시 달성군 화원읍비슬로539길 17",
        "kma_nx": 87,
        "kma_ny": 89,
        "source_geo_idn": "722",
        "geocode_result": "SUCC"
      }
    },
    {
      "type": "Feature",
      "id": "DG-0723",
      "geometry": {
        "type": "Point",
        "coordinates": [128.5073568585001, 35.80105071951022]
      },
      "properties": {
        "id": "DG-0723",
        "name": "천내3리 경로당",
        "gu": "달성군",
        "facility_type": "경로당",
        "is_im_bank": false,
        "road_address": "대구광역시 달성군 화원읍명천로19길 29-3",
        "kma_nx": 87,
        "kma_ny": 89,
        "source_geo_idn": "723",
        "geocode_result": "SUCC"
      }
    },
    {
      "type": "Feature",
      "id": "DG-0724",
      "geometry": {
        "type": "Point",
        "coordinates": [128.49590577315686, 35.80012318633742]
      },
      "properties": {
        "id": "DG-0724",
        "name": "천내6리 경로당",
        "gu": "달성군",
        "facility_type": "경로당",
        "is_im_bank": false,
        "road_address": "대구광역시 달성군 화원읍 명천로  206",
        "kma_nx": 87,
        "kma_ny": 89,
        "source_geo_idn": "724",
        "geocode_result": "SUCC"
      }
    },
    {
      "type": "Feature",
      "id": "DG-0725",
      "geometry": {
        "type": "Point",
        "coordinates": [128.485341158557, 35.793560319958964]
      },
      "properties": {
        "id": "DG-0725",
        "name": "설화1리 경로당",
        "gu": "달성군",
        "facility_type": "경로당",
        "is_im_bank": false,
        "road_address": "대구광역시 달성군 화원읍 류목정길  42 , 설화리회관",
        "kma_nx": 87,
        "kma_ny": 89,
        "source_geo_idn": "725",
        "geocode_result": "SUCC"
      }
    },
    {
      "type": "Feature",
      "id": "DG-0726",
      "geometry": {
        "type": "Point",
        "coordinates": [128.51126071222856, 35.80438286748841]
      },
      "properties": {
        "id": "DG-0726",
        "name": "본리5리 경로당",
        "gu": "달성군",
        "facility_type": "경로당",
        "is_im_bank": false,
        "road_address": "대구광역시 달성군 화원읍 명천로  57   (대곡역그린빌)",
        "kma_nx": 87,
        "kma_ny": 89,
        "source_geo_idn": "726",
        "geocode_result": "SUCC"
      }
    },
    {
      "type": "Feature",
      "id": "DG-0727",
      "geometry": {
        "type": "Point",
        "coordinates": [128.50826591430683, 35.804431297901125]
      },
      "properties": {
        "id": "DG-0727",
        "name": "본리4리 경로당",
        "gu": "달성군",
        "facility_type": "경로당",
        "is_im_bank": false,
        "road_address": "대구광역시 달성군 화원읍 비슬로532길  27-56, 본리4리경노당",
        "kma_nx": 87,
        "kma_ny": 89,
        "source_geo_idn": "727",
        "geocode_result": "SUCC"
      }
    },
    {
      "type": "Feature",
      "id": "DG-0728",
      "geometry": {
        "type": "Point",
        "coordinates": [128.5423769542463, 35.778279288266084]
      },
      "properties": {
        "id": "DG-0728",
        "name": "본리1리 경로당",
        "gu": "달성군",
        "facility_type": "경로당",
        "is_im_bank": false,
        "road_address": "대구광역시 달성군 화원읍 마비정길  268",
        "kma_nx": 88,
        "kma_ny": 88,
        "source_geo_idn": "728",
        "geocode_result": "SUCC"
      }
    },
    {
      "type": "Feature",
      "id": "DG-0729",
      "geometry": {
        "type": "Point",
        "coordinates": [128.50068098038247, 35.80040610857025]
      },
      "properties": {
        "id": "DG-0729",
        "name": "천내1리 경로당",
        "gu": "달성군",
        "facility_type": "경로당",
        "is_im_bank": false,
        "road_address": "대구광역시 달성군 화원읍 명천로33길  12 , 천내1리사무소",
        "kma_nx": 87,
        "kma_ny": 89,
        "source_geo_idn": "729",
        "geocode_result": "SUCC"
      }
    },
    {
      "type": "Feature",
      "id": "DG-0730",
      "geometry": {
        "type": "Point",
        "coordinates": [128.49760005187406, 35.80198732830845]
      },
      "properties": {
        "id": "DG-0730",
        "name": "천내2리 경로당",
        "gu": "달성군",
        "facility_type": "경로당",
        "is_im_bank": false,
        "road_address": "대구광역시 달성군 화원읍 인흥길  17-8, 천내2리마을회관",
        "kma_nx": 87,
        "kma_ny": 89,
        "source_geo_idn": "730",
        "geocode_result": "SUCC"
      }
    },
    {
      "type": "Feature",
      "id": "DG-0731",
      "geometry": {
        "type": "Point",
        "coordinates": [128.50266445950572, 35.807280645995455]
      },
      "properties": {
        "id": "DG-0731",
        "name": "천내5리 경로당",
        "gu": "달성군",
        "facility_type": "경로당",
        "is_im_bank": false,
        "road_address": "대구광역시 달성군 화원읍 비슬로525길  21   (동서동산아파트)",
        "kma_nx": 87,
        "kma_ny": 89,
        "source_geo_idn": "731",
        "geocode_result": "SUCC"
      }
    },
    {
      "type": "Feature",
      "id": "DG-0732",
      "geometry": {
        "type": "Point",
        "coordinates": [128.50196754174596, 35.80763540384378]
      },
      "properties": {
        "id": "DG-0732",
        "name": "천내8리 경로당",
        "gu": "달성군",
        "facility_type": "경로당",
        "is_im_bank": false,
        "road_address": "대구광역시 달성군 화원읍 비슬로525길  37   (평광아파트)",
        "kma_nx": 87,
        "kma_ny": 89,
        "source_geo_idn": "732",
        "geocode_result": "SUCC"
      }
    },
    {
      "type": "Feature",
      "id": "DG-0733",
      "geometry": {
        "type": "Point",
        "coordinates": [128.50086038837372, 35.80711934927512]
      },
      "properties": {
        "id": "DG-0733",
        "name": "천내9리 경로당",
        "gu": "달성군",
        "facility_type": "경로당",
        "is_im_bank": false,
        "road_address": "대구광역시 달성군 화원읍 화원로  26   (천내우방맨션)",
        "kma_nx": 87,
        "kma_ny": 89,
        "source_geo_idn": "733",
        "geocode_result": "SUCC"
      }
    },
    {
      "type": "Feature",
      "id": "DG-0734",
      "geometry": {
        "type": "Point",
        "coordinates": [128.49877657097227, 35.80855477298736]
      },
      "properties": {
        "id": "DG-0734",
        "name": "천내11리 경로당",
        "gu": "달성군",
        "facility_type": "경로당",
        "is_im_bank": false,
        "road_address": "대구광역시 달성군 화원읍 화원로  36   (창신맨션)",
        "kma_nx": 87,
        "kma_ny": 89,
        "source_geo_idn": "734",
        "geocode_result": "SUCC"
      }
    },
    {
      "type": "Feature",
      "id": "DG-0735",
      "geometry": {
        "type": "Point",
        "coordinates": [128.49821116184876, 35.8071956565619]
      },
      "properties": {
        "id": "DG-0735",
        "name": "천내12리 경로당",
        "gu": "달성군",
        "facility_type": "경로당",
        "is_im_bank": false,
        "road_address": "대구광역시 달성군 화원읍 화원로  37   (천내보성타운)",
        "kma_nx": 87,
        "kma_ny": 89,
        "source_geo_idn": "735",
        "geocode_result": "SUCC"
      }
    },
    {
      "type": "Feature",
      "id": "DG-0736",
      "geometry": {
        "type": "Point",
        "coordinates": [128.49794014643948, 35.80643124198601]
      },
      "properties": {
        "id": "DG-0736",
        "name": "천내13리 경로당",
        "gu": "달성군",
        "facility_type": "경로당",
        "is_im_bank": false,
        "road_address": "대구광역시 달성군 화원읍 성천로30길  34   (화원혜광타운)",
        "kma_nx": 87,
        "kma_ny": 89,
        "source_geo_idn": "736",
        "geocode_result": "SUCC"
      }
    },
    {
      "type": "Feature",
      "id": "DG-0737",
      "geometry": {
        "type": "Point",
        "coordinates": [128.50019449505442, 35.80488916937818]
      },
      "properties": {
        "id": "DG-0737",
        "name": "천내14리 경로당",
        "gu": "달성군",
        "facility_type": "경로당",
        "is_im_bank": false,
        "road_address": "대구광역시 달성군 화원읍 화원로1길  15-7, 천내14리회관",
        "kma_nx": 87,
        "kma_ny": 89,
        "source_geo_idn": "737",
        "geocode_result": "SUCC"
      }
    },
    {
      "type": "Feature",
      "id": "DG-0738",
      "geometry": {
        "type": "Point",
        "coordinates": [128.49299809294013, 35.80458225940573]
      },
      "properties": {
        "id": "DG-0738",
        "name": "천내15리 경로당",
        "gu": "달성군",
        "facility_type": "경로당",
        "is_im_bank": false,
        "road_address": "대구광역시 달성군 화원읍 사문진로6길  17   (한샘타운)",
        "kma_nx": 87,
        "kma_ny": 89,
        "source_geo_idn": "738",
        "geocode_result": "SUCC"
      }
    },
    {
      "type": "Feature",
      "id": "DG-0739",
      "geometry": {
        "type": "Point",
        "coordinates": [128.4894231572425, 35.80792487840457]
      },
      "properties": {
        "id": "DG-0739",
        "name": "성산3리 경로당",
        "gu": "달성군",
        "facility_type": "경로당",
        "is_im_bank": false,
        "road_address": "대구광역시 달성군 화원읍 사문진로4길  7",
        "kma_nx": 87,
        "kma_ny": 89,
        "source_geo_idn": "739",
        "geocode_result": "SUCC"
      }
    },
    {
      "type": "Feature",
      "id": "DG-0740",
      "geometry": {
        "type": "Point",
        "coordinates": [128.48870950033134, 35.80857174518717]
      },
      "properties": {
        "id": "DG-0740",
        "name": "성산6리 경로당",
        "gu": "달성군",
        "facility_type": "경로당",
        "is_im_bank": false,
        "road_address": "대구광역시 달성군 화원읍 사문진로  349   (화원삼주타운)",
        "kma_nx": 87,
        "kma_ny": 89,
        "source_geo_idn": "740",
        "geocode_result": "SUCC"
      }
    },
    {
      "type": "Feature",
      "id": "DG-0741",
      "geometry": {
        "type": "Point",
        "coordinates": [128.50103287582854, 35.80382253749606]
      },
      "properties": {
        "id": "DG-0741",
        "name": "화원읍사무소",
        "gu": "달성군",
        "facility_type": "기타",
        "is_im_bank": false,
        "road_address": "대구광역시 달성군 화원읍 비슬로  2594",
        "kma_nx": 87,
        "kma_ny": 89,
        "source_geo_idn": "741",
        "geocode_result": "SUCC"
      }
    },
    {
      "type": "Feature",
      "id": "DG-0742",
      "geometry": {
        "type": "Point",
        "coordinates": [128.50103287582854, 35.80382253749606]
      },
      "properties": {
        "id": "DG-0742",
        "name": "화원읍 보건지소",
        "gu": "달성군",
        "facility_type": "기타",
        "is_im_bank": false,
        "road_address": "대구광역시 달성군 화원읍 비슬로  2594",
        "kma_nx": 87,
        "kma_ny": 89,
        "source_geo_idn": "742",
        "geocode_result": "SUCC"
      }
    },
    {
      "type": "Feature",
      "id": "DG-0743",
      "geometry": {
        "type": "Point",
        "coordinates": [128.4519881969402, 35.73043841884567]
      },
      "properties": {
        "id": "DG-0743",
        "name": "달성군종합사회복지관",
        "gu": "달성군",
        "facility_type": "기타",
        "is_im_bank": false,
        "road_address": "대구광역시 달성군 논공읍 논공로  697-9, 달성군종합사회복지관",
        "kma_nx": 86,
        "kma_ny": 87,
        "source_geo_idn": "743",
        "geocode_result": "SUCC"
      }
    },
    {
      "type": "Feature",
      "id": "DG-0744",
      "geometry": {
        "type": "Point",
        "coordinates": [128.41992970316872, 35.77411387738547]
      },
      "properties": {
        "id": "DG-0744",
        "name": "논공읍사무소",
        "gu": "달성군",
        "facility_type": "기타",
        "is_im_bank": false,
        "road_address": "대구광역시 달성군 논공읍 비슬로  1779 , 금포119지역대",
        "kma_nx": 86,
        "kma_ny": 88,
        "source_geo_idn": "744",
        "geocode_result": "SUCC"
      }
    },
    {
      "type": "Feature",
      "id": "DG-0745",
      "geometry": {
        "type": "Point",
        "coordinates": [128.42490343482996, 35.771492087865084]
      },
      "properties": {
        "id": "DG-0745",
        "name": "금포3리 경로당",
        "gu": "달성군",
        "facility_type": "경로당",
        "is_im_bank": false,
        "road_address": "대구광역시 달성군 논공읍 금포새터길  3",
        "kma_nx": 86,
        "kma_ny": 88,
        "source_geo_idn": "745",
        "geocode_result": "SUCC"
      }
    },
    {
      "type": "Feature",
      "id": "DG-0746",
      "geometry": {
        "type": "Point",
        "coordinates": [128.42680887362613, 35.77242834796109]
      },
      "properties": {
        "id": "DG-0746",
        "name": "금포1리 경로회관",
        "gu": "달성군",
        "facility_type": "기타",
        "is_im_bank": false,
        "road_address": "대구광역시 달성군 논공읍금포새터길 23",
        "kma_nx": 86,
        "kma_ny": 88,
        "source_geo_idn": "746",
        "geocode_result": "SUCC"
      }
    },
    {
      "type": "Feature",
      "id": "DG-0747",
      "geometry": {
        "type": "Point",
        "coordinates": [128.42064257071732, 35.7773857489535]
      },
      "properties": {
        "id": "DG-0747",
        "name": "금포2리 경로당",
        "gu": "달성군",
        "facility_type": "경로당",
        "is_im_bank": false,
        "road_address": "대구광역시 달성군 논공읍비슬로359길 33",
        "kma_nx": 86,
        "kma_ny": 88,
        "source_geo_idn": "747",
        "geocode_result": "SUCC"
      }
    },
    {
      "type": "Feature",
      "id": "DG-0748",
      "geometry": {
        "type": "Point",
        "coordinates": [128.45489864785696, 35.75505952411038]
      },
      "properties": {
        "id": "DG-0748",
        "name": "노이1리 경로당",
        "gu": "달성군",
        "facility_type": "경로당",
        "is_im_bank": false,
        "road_address": "대구광역시 달성군 논공읍 노이길  408 , 갈실마을회관",
        "kma_nx": 86,
        "kma_ny": 88,
        "source_geo_idn": "748",
        "geocode_result": "SUCC"
      }
    },
    {
      "type": "Feature",
      "id": "DG-0749",
      "geometry": {
        "type": "Point",
        "coordinates": [128.43533045029073, 35.76049986365026]
      },
      "properties": {
        "id": "DG-0749",
        "name": "노이2리 경로당",
        "gu": "달성군",
        "facility_type": "경로당",
        "is_im_bank": false,
        "road_address": "대구광역시 달성군 논공읍 노이길  205 , 노이2리노인정",
        "kma_nx": 86,
        "kma_ny": 88,
        "source_geo_idn": "749",
        "geocode_result": "SUCC"
      }
    },
    {
      "type": "Feature",
      "id": "DG-0750",
      "geometry": {
        "type": "Point",
        "coordinates": [128.44575377962235, 35.73063245905897]
      },
      "properties": {
        "id": "DG-0750",
        "name": "북7리 경로당",
        "gu": "달성군",
        "facility_type": "경로당",
        "is_im_bank": false,
        "road_address": "대구광역시 달성군 논공읍 논공로23길  14   (논공성원아파트)",
        "kma_nx": 86,
        "kma_ny": 87,
        "source_geo_idn": "750",
        "geocode_result": "SUCC"
      }
    },
    {
      "type": "Feature",
      "id": "DG-0751",
      "geometry": {
        "type": "Point",
        "coordinates": [128.40871630335263, 35.76933974110451]
      },
      "properties": {
        "id": "DG-0751",
        "name": "삼리1리노인회관",
        "gu": "달성군",
        "facility_type": "기타",
        "is_im_bank": false,
        "road_address": "대구광역시 달성군 논공읍삼리1길 14",
        "kma_nx": 86,
        "kma_ny": 88,
        "source_geo_idn": "751",
        "geocode_result": "SUCC"
      }
    },
    {
      "type": "Feature",
      "id": "DG-0752",
      "geometry": {
        "type": "Point",
        "coordinates": [128.41120333682844, 35.76290137670538]
      },
      "properties": {
        "id": "DG-0752",
        "name": "삼리2리 경로당",
        "gu": "달성군",
        "facility_type": "경로당",
        "is_im_bank": false,
        "road_address": "대구광역시 달성군 논공읍 안씩실길  61-1, 삼림2리회관",
        "kma_nx": 86,
        "kma_ny": 88,
        "source_geo_idn": "752",
        "geocode_result": "SUCC"
      }
    },
    {
      "type": "Feature",
      "id": "DG-0753",
      "geometry": {
        "type": "Point",
        "coordinates": [128.4028796391958, 35.76214083801158]
      },
      "properties": {
        "id": "DG-0753",
        "name": "위천1리 경로당",
        "gu": "달성군",
        "facility_type": "경로당",
        "is_im_bank": false,
        "road_address": "대구광역시 달성군 논공읍위천1길 6",
        "kma_nx": 85,
        "kma_ny": 88,
        "source_geo_idn": "753",
        "geocode_result": "SUCC"
      }
    },
    {
      "type": "Feature",
      "id": "DG-0754",
      "geometry": {
        "type": "Point",
        "coordinates": [128.42986914352124, 35.7429846760509]
      },
      "properties": {
        "id": "DG-0754",
        "name": "하1리건강관리방",
        "gu": "달성군",
        "facility_type": "기타",
        "is_im_bank": false,
        "road_address": "대구광역시 달성군 논공읍약산덧재2길 2",
        "kma_nx": 86,
        "kma_ny": 88,
        "source_geo_idn": "754",
        "geocode_result": "SUCC"
      }
    },
    {
      "type": "Feature",
      "id": "DG-0755",
      "geometry": {
        "type": "Point",
        "coordinates": [128.44857294417847, 35.72713800704264]
      },
      "properties": {
        "id": "DG-0755",
        "name": "논공읍 농협",
        "gu": "달성군",
        "facility_type": "금융기관",
        "is_im_bank": false,
        "road_address": "대구광역시 달성군 논공읍 논공중앙로  114 , 논공농협",
        "kma_nx": 86,
        "kma_ny": 87,
        "source_geo_idn": "755",
        "geocode_result": "SUCC"
      }
    },
    {
      "type": "Feature",
      "id": "DG-0756",
      "geometry": {
        "type": "Point",
        "coordinates": [128.4200371236396, 35.77393597767466]
      },
      "properties": {
        "id": "DG-0756",
        "name": "달성 새마을금고 (논공)",
        "gu": "달성군",
        "facility_type": "금융기관",
        "is_im_bank": false,
        "road_address": "대구광역시 달성군 논공읍 비슬로  1777 , 논공새마을금고",
        "kma_nx": 86,
        "kma_ny": 88,
        "source_geo_idn": "756",
        "geocode_result": "SUCC"
      }
    },
    {
      "type": "Feature",
      "id": "DG-0757",
      "geometry": {
        "type": "Point",
        "coordinates": [128.44638455442546, 35.7268867722813]
      },
      "properties": {
        "id": "DG-0757",
        "name": "북3리 경로당",
        "gu": "달성군",
        "facility_type": "경로당",
        "is_im_bank": false,
        "road_address": "대구광역시 달성군 논공읍 용호로  6   (평광현대APT)",
        "kma_nx": 86,
        "kma_ny": 87,
        "source_geo_idn": "757",
        "geocode_result": "SUCC"
      }
    },
    {
      "type": "Feature",
      "id": "DG-0758",
      "geometry": {
        "type": "Point",
        "coordinates": [128.43862575070406, 35.72981312164254]
      },
      "properties": {
        "id": "DG-0758",
        "name": "남2리 경로당",
        "gu": "달성군",
        "facility_type": "경로당",
        "is_im_bank": false,
        "road_address": "대구광역시 달성군 논공읍논공로7길 30-9",
        "kma_nx": 86,
        "kma_ny": 87,
        "source_geo_idn": "758",
        "geocode_result": "SUCC"
      }
    },
    {
      "type": "Feature",
      "id": "DG-0759",
      "geometry": {
        "type": "Point",
        "coordinates": [128.44980207737507, 35.72617155282455]
      },
      "properties": {
        "id": "DG-0759",
        "name": "남7리 경로당",
        "gu": "달성군",
        "facility_type": "경로당",
        "is_im_bank": false,
        "road_address": "대구광역시 달성군 논공읍남리길 7",
        "kma_nx": 86,
        "kma_ny": 87,
        "source_geo_idn": "759",
        "geocode_result": "SUCC"
      }
    },
    {
      "type": "Feature",
      "id": "DG-0760",
      "geometry": {
        "type": "Point",
        "coordinates": [128.44144019774956, 35.73094736594161]
      },
      "properties": {
        "id": "DG-0760",
        "name": "북5리 경로당",
        "gu": "달성군",
        "facility_type": "경로당",
        "is_im_bank": false,
        "road_address": "대구광역시 달성군 논공읍논공로7길 73",
        "kma_nx": 86,
        "kma_ny": 87,
        "source_geo_idn": "760",
        "geocode_result": "SUCC"
      }
    },
    {
      "type": "Feature",
      "id": "DG-0761",
      "geometry": {
        "type": "Point",
        "coordinates": [128.45157033623448, 35.72714513618995]
      },
      "properties": {
        "id": "DG-0761",
        "name": "북1리 경로당",
        "gu": "달성군",
        "facility_type": "경로당",
        "is_im_bank": false,
        "road_address": "대구광역시 달성군 논공읍북리2길 10-10",
        "kma_nx": 86,
        "kma_ny": 87,
        "source_geo_idn": "761",
        "geocode_result": "SUCC"
      }
    },
    {
      "type": "Feature",
      "id": "DG-0762",
      "geometry": {
        "type": "Point",
        "coordinates": [128.45278113874718, 35.73003953552425]
      },
      "properties": {
        "id": "DG-0762",
        "name": "논공공단출장소",
        "gu": "달성군",
        "facility_type": "기타",
        "is_im_bank": false,
        "road_address": "대구광역시 달성군 논공읍 논공중앙로33길 3",
        "kma_nx": 86,
        "kma_ny": 87,
        "source_geo_idn": "762",
        "geocode_result": "SUCC"
      }
    },
    {
      "type": "Feature",
      "id": "DG-0763",
      "geometry": {
        "type": "Point",
        "coordinates": [128.45373253183917, 35.72108831790962]
      },
      "properties": {
        "id": "DG-0763",
        "name": "성요셉 병원",
        "gu": "달성군",
        "facility_type": "기타",
        "is_im_bank": false,
        "road_address": "대구광역시 달성군 논공읍논공로 210",
        "kma_nx": 86,
        "kma_ny": 87,
        "source_geo_idn": "763",
        "geocode_result": "SUCC"
      }
    },
    {
      "type": "Feature",
      "id": "DG-0764",
      "geometry": {
        "type": "Point",
        "coordinates": [128.46705855705724, 35.8906166840675]
      },
      "properties": {
        "id": "DG-0764",
        "name": "다사서재출장소",
        "gu": "달성군",
        "facility_type": "기타",
        "is_im_bank": false,
        "road_address": "대구광역시 달성군 다사읍 다사로71길  24",
        "kma_nx": 87,
        "kma_ny": 91,
        "source_geo_idn": "764",
        "geocode_result": "SUCC"
      }
    },
    {
      "type": "Feature",
      "id": "DG-0765",
      "geometry": {
        "type": "Point",
        "coordinates": [128.45420317502266, 35.862022422034286]
      },
      "properties": {
        "id": "DG-0765",
        "name": "다사읍사무소",
        "gu": "달성군",
        "facility_type": "기타",
        "is_im_bank": false,
        "road_address": "대구광역시 달성군 다사읍 매곡로  7 , 다사읍사무소",
        "kma_nx": 86,
        "kma_ny": 90,
        "source_geo_idn": "765",
        "geocode_result": "SUCC"
      }
    },
    {
      "type": "Feature",
      "id": "DG-0766",
      "geometry": {
        "type": "Point",
        "coordinates": [128.46399671934023, 35.889608709364914]
      },
      "properties": {
        "id": "DG-0766",
        "name": "서재행복문화센터",
        "gu": "달성군",
        "facility_type": "기타",
        "is_im_bank": false,
        "road_address": "대구광역시 달성군 다사읍 다사로69길  39-4",
        "kma_nx": 86,
        "kma_ny": 91,
        "source_geo_idn": "766",
        "geocode_result": "SUCC"
      }
    },
    {
      "type": "Feature",
      "id": "DG-0767",
      "geometry": {
        "type": "Point",
        "coordinates": [128.45697684945895, 35.86501311166616]
      },
      "properties": {
        "id": "DG-0767",
        "name": "다사읍주민자치센터",
        "gu": "달성군",
        "facility_type": "기타",
        "is_im_bank": false,
        "road_address": "대구광역시 달성군 다사읍 매곡로12길  35 , 도서관",
        "kma_nx": 86,
        "kma_ny": 90,
        "source_geo_idn": "767",
        "geocode_result": "SUCC"
      }
    },
    {
      "type": "Feature",
      "id": "DG-0768",
      "geometry": {
        "type": "Point",
        "coordinates": [128.45420317502266, 35.862022422034286]
      },
      "properties": {
        "id": "DG-0768",
        "name": "다사읍보건지소",
        "gu": "달성군",
        "facility_type": "기타",
        "is_im_bank": false,
        "road_address": "대구광역시 달성군 다사읍 매곡로  7 , 다사읍사무소",
        "kma_nx": 86,
        "kma_ny": 90,
        "source_geo_idn": "768",
        "geocode_result": "SUCC"
      }
    },
    {
      "type": "Feature",
      "id": "DG-0769",
      "geometry": {
        "type": "Point",
        "coordinates": [128.4887131787921, 35.88739799017439]
      },
      "properties": {
        "id": "DG-0769",
        "name": "박곡리 경로당",
        "gu": "달성군",
        "facility_type": "경로당",
        "is_im_bank": false,
        "road_address": "대구광역시 달성군 다사읍 다사로109길  41 , 박곡리마을회관",
        "kma_nx": 87,
        "kma_ny": 91,
        "source_geo_idn": "769",
        "geocode_result": "SUCC"
      }
    },
    {
      "type": "Feature",
      "id": "DG-0770",
      "geometry": {
        "type": "Point",
        "coordinates": [128.44481579209645, 35.866926285485384]
      },
      "properties": {
        "id": "DG-0770",
        "name": "부곡리 경로당",
        "gu": "달성군",
        "facility_type": "경로당",
        "is_im_bank": false,
        "road_address": "대구광역시 달성군 다사읍 부곡2길  7-1, 부곡리회관",
        "kma_nx": 86,
        "kma_ny": 90,
        "source_geo_idn": "770",
        "geocode_result": "SUCC"
      }
    },
    {
      "type": "Feature",
      "id": "DG-0771",
      "geometry": {
        "type": "Point",
        "coordinates": [128.494083997579, 35.87336338417787]
      },
      "properties": {
        "id": "DG-0771",
        "name": "서재2리 경로당",
        "gu": "달성군",
        "facility_type": "경로당",
        "is_im_bank": false,
        "road_address": "대구광역시 달성군 다사읍 서재본3길  9",
        "kma_nx": 87,
        "kma_ny": 91,
        "source_geo_idn": "771",
        "geocode_result": "SUCC"
      }
    },
    {
      "type": "Feature",
      "id": "DG-0772",
      "geometry": {
        "type": "Point",
        "coordinates": [128.46994837564017, 35.856903227433335]
      },
      "properties": {
        "id": "DG-0772",
        "name": "서재5리 경로당",
        "gu": "달성군",
        "facility_type": "경로당",
        "is_im_bank": false,
        "road_address": "대구광역시 달성군 다사읍 145",
        "kma_nx": 87,
        "kma_ny": 90,
        "source_geo_idn": "772",
        "geocode_result": "SUCC"
      }
    },
    {
      "type": "Feature",
      "id": "DG-0773",
      "geometry": {
        "type": "Point",
        "coordinates": [128.4735508246187, 35.87593483888894]
      },
      "properties": {
        "id": "DG-0773",
        "name": "세천리 경로당",
        "gu": "달성군",
        "facility_type": "경로당",
        "is_im_bank": false,
        "road_address": "대구광역시 달성군 다사읍 세천본길  4",
        "kma_nx": 87,
        "kma_ny": 91,
        "source_geo_idn": "773",
        "geocode_result": "SUCC"
      }
    },
    {
      "type": "Feature",
      "id": "DG-0774",
      "geometry": {
        "type": "Point",
        "coordinates": [128.4653499898039, 35.89020859492761]
      },
      "properties": {
        "id": "DG-0774",
        "name": "이천리 경로당",
        "gu": "달성군",
        "facility_type": "경로당",
        "is_im_bank": false,
        "road_address": "대구광역시 달성군 다사읍 다사로69길  72-4, 이천리회관",
        "kma_nx": 86,
        "kma_ny": 91,
        "source_geo_idn": "774",
        "geocode_result": "SUCC"
      }
    },
    {
      "type": "Feature",
      "id": "DG-0775",
      "geometry": {
        "type": "Point",
        "coordinates": [128.46104627091677, 35.860897640385225]
      },
      "properties": {
        "id": "DG-0775",
        "name": "죽곡5리 경로당",
        "gu": "달성군",
        "facility_type": "경로당",
        "is_im_bank": false,
        "road_address": "대구광역시 달성군 다사읍 달구벌대로  812   (강창하이츠)",
        "kma_nx": 86,
        "kma_ny": 90,
        "source_geo_idn": "775",
        "geocode_result": "SUCC"
      }
    },
    {
      "type": "Feature",
      "id": "DG-0776",
      "geometry": {
        "type": "Point",
        "coordinates": [128.4618258034624, 35.85704920557654]
      },
      "properties": {
        "id": "DG-0776",
        "name": "죽곡4리 경로당",
        "gu": "달성군",
        "facility_type": "경로당",
        "is_im_bank": false,
        "road_address": "대구광역시 달성군 다사읍죽곡2길 6",
        "kma_nx": 86,
        "kma_ny": 90,
        "source_geo_idn": "776",
        "geocode_result": "SUCC"
      }
    },
    {
      "type": "Feature",
      "id": "DG-0777",
      "geometry": {
        "type": "Point",
        "coordinates": [128.46574654464933, 35.844410383244245]
      },
      "properties": {
        "id": "DG-0777",
        "name": "죽곡2리 경로당",
        "gu": "달성군",
        "facility_type": "경로당",
        "is_im_bank": false,
        "road_address": "대구광역시 달성군 다사읍 강정길  6-28",
        "kma_nx": 87,
        "kma_ny": 90,
        "source_geo_idn": "777",
        "geocode_result": "SUCC"
      }
    },
    {
      "type": "Feature",
      "id": "DG-0778",
      "geometry": {
        "type": "Point",
        "coordinates": [128.4615923556918, 35.85928692869207]
      },
      "properties": {
        "id": "DG-0778",
        "name": "죽곡3리 경로당",
        "gu": "달성군",
        "facility_type": "경로당",
        "is_im_bank": false,
        "road_address": "대구광역시 달성군 다사읍달구벌대로 842-7",
        "kma_nx": 86,
        "kma_ny": 90,
        "source_geo_idn": "778",
        "geocode_result": "SUCC"
      }
    },
    {
      "type": "Feature",
      "id": "DG-0779",
      "geometry": {
        "type": "Point",
        "coordinates": [128.48200593373252, 35.88735479176417]
      },
      "properties": {
        "id": "DG-0779",
        "name": "달천리 경로당",
        "gu": "달성군",
        "facility_type": "경로당",
        "is_im_bank": false,
        "road_address": "대구광역시 달성군 다사읍 다사로  494",
        "kma_nx": 87,
        "kma_ny": 91,
        "source_geo_idn": "779",
        "geocode_result": "SUCC"
      }
    },
    {
      "type": "Feature",
      "id": "DG-0780",
      "geometry": {
        "type": "Point",
        "coordinates": [128.4582518984643, 35.86330345462876]
      },
      "properties": {
        "id": "DG-0780",
        "name": "매곡2리 경로당",
        "gu": "달성군",
        "facility_type": "경로당",
        "is_im_bank": false,
        "road_address": "대구광역시 달성군 다사읍 다사역로1길  14",
        "kma_nx": 86,
        "kma_ny": 90,
        "source_geo_idn": "780",
        "geocode_result": "SUCC"
      }
    },
    {
      "type": "Feature",
      "id": "DG-0781",
      "geometry": {
        "type": "Point",
        "coordinates": [128.4632362788659, 35.86392411858219]
      },
      "properties": {
        "id": "DG-0781",
        "name": "매곡3리 경로당",
        "gu": "달성군",
        "facility_type": "경로당",
        "is_im_bank": false,
        "road_address": "대구광역시 달성군 다사읍 왕선로  49   (강창동서아파트)",
        "kma_nx": 86,
        "kma_ny": 90,
        "source_geo_idn": "781",
        "geocode_result": "SUCC"
      }
    },
    {
      "type": "Feature",
      "id": "DG-0782",
      "geometry": {
        "type": "Point",
        "coordinates": [128.45726565025342, 35.86143740150648]
      },
      "properties": {
        "id": "DG-0782",
        "name": "매곡6리 경로당",
        "gu": "달성군",
        "facility_type": "경로당",
        "is_im_bank": false,
        "road_address": "대구광역시 달성군 다사읍 달구벌대로  776",
        "kma_nx": 86,
        "kma_ny": 90,
        "source_geo_idn": "782",
        "geocode_result": "SUCC"
      }
    },
    {
      "type": "Feature",
      "id": "DG-0783",
      "geometry": {
        "type": "Point",
        "coordinates": [128.4584411644013, 35.862032320577235]
      },
      "properties": {
        "id": "DG-0783",
        "name": "매곡4리 경로당",
        "gu": "달성군",
        "facility_type": "경로당",
        "is_im_bank": false,
        "road_address": "대구광역시 달성군 다사읍 달구벌대로  790   (강창1차삼산타운)",
        "kma_nx": 86,
        "kma_ny": 90,
        "source_geo_idn": "783",
        "geocode_result": "SUCC"
      }
    },
    {
      "type": "Feature",
      "id": "DG-0784",
      "geometry": {
        "type": "Point",
        "coordinates": [128.4597360958836, 35.86165252180086]
      },
      "properties": {
        "id": "DG-0784",
        "name": "매곡8리 경로당",
        "gu": "달성군",
        "facility_type": "경로당",
        "is_im_bank": false,
        "road_address": "대구광역시 달성군 다사읍 달구벌대로  802   (태왕드림하이츠)",
        "kma_nx": 86,
        "kma_ny": 90,
        "source_geo_idn": "784",
        "geocode_result": "SUCC"
      }
    },
    {
      "type": "Feature",
      "id": "DG-0785",
      "geometry": {
        "type": "Point",
        "coordinates": [128.45398186236932, 35.86130056619541]
      },
      "properties": {
        "id": "DG-0785",
        "name": "매곡1리 경로당",
        "gu": "달성군",
        "facility_type": "경로당",
        "is_im_bank": false,
        "road_address": "대구광역시 달성군 다사읍 달구벌대로  751",
        "kma_nx": 86,
        "kma_ny": 90,
        "source_geo_idn": "785",
        "geocode_result": "SUCC"
      }
    },
    {
      "type": "Feature",
      "id": "DG-0786",
      "geometry": {
        "type": "Point",
        "coordinates": [128.43106615675381, 35.85367433073517]
      },
      "properties": {
        "id": "DG-0786",
        "name": "문산리 경로당",
        "gu": "달성군",
        "facility_type": "경로당",
        "is_im_bank": false,
        "road_address": "대구광역시 달성군 다사읍 문산1길  42-1",
        "kma_nx": 86,
        "kma_ny": 90,
        "source_geo_idn": "786",
        "geocode_result": "SUCC"
      }
    },
    {
      "type": "Feature",
      "id": "DG-0787",
      "geometry": {
        "type": "Point",
        "coordinates": [128.4359320220086, 35.86028849939198]
      },
      "properties": {
        "id": "DG-0787",
        "name": "문양1리 경로당",
        "gu": "달성군",
        "facility_type": "경로당",
        "is_im_bank": false,
        "road_address": "대구광역시 달성군 다사읍 문양역1길  12",
        "kma_nx": 86,
        "kma_ny": 90,
        "source_geo_idn": "787",
        "geocode_result": "SUCC"
      }
    },
    {
      "type": "Feature",
      "id": "DG-0788",
      "geometry": {
        "type": "Point",
        "coordinates": [128.43646329836352, 35.85954679665379]
      },
      "properties": {
        "id": "DG-0788",
        "name": "문양2리 경로당",
        "gu": "달성군",
        "facility_type": "경로당",
        "is_im_bank": false,
        "road_address": "대구광역시 달성군 다사읍 문양역길  17 , 삼동경로당",
        "kma_nx": 86,
        "kma_ny": 90,
        "source_geo_idn": "788",
        "geocode_result": "SUCC"
      }
    },
    {
      "type": "Feature",
      "id": "DG-0789",
      "geometry": {
        "type": "Point",
        "coordinates": [128.4253900116994, 35.868773268410706]
      },
      "properties": {
        "id": "DG-0789",
        "name": "장귀미 경로당",
        "gu": "달성군",
        "facility_type": "경로당",
        "is_im_bank": false,
        "road_address": "대구광역시 달성군 다사읍 장귀미길  156 , 용두골노인정",
        "kma_nx": 86,
        "kma_ny": 90,
        "source_geo_idn": "789",
        "geocode_result": "SUCC"
      }
    },
    {
      "type": "Feature",
      "id": "DG-0790",
      "geometry": {
        "type": "Point",
        "coordinates": [128.46179788806833, 35.862762912612105]
      },
      "properties": {
        "id": "DG-0790",
        "name": "다사농협",
        "gu": "달성군",
        "facility_type": "금융기관",
        "is_im_bank": false,
        "road_address": "대구광역시 달성군 다사읍 다사로4길  1 , 다사농협",
        "kma_nx": 86,
        "kma_ny": 90,
        "source_geo_idn": "790",
        "geocode_result": "SUCC"
      }
    },
    {
      "type": "Feature",
      "id": "DG-0791",
      "geometry": {
        "type": "Point",
        "coordinates": [128.49683882047523, 35.87501604600597]
      },
      "properties": {
        "id": "DG-0791",
        "name": "다사농협(서재지점)",
        "gu": "달성군",
        "facility_type": "금융기관",
        "is_im_bank": false,
        "road_address": "대구광역시 달성군 다사읍 서재로  129",
        "kma_nx": 87,
        "kma_ny": 91,
        "source_geo_idn": "791",
        "geocode_result": "SUCC"
      }
    },
    {
      "type": "Feature",
      "id": "DG-0792",
      "geometry": {
        "type": "Point",
        "coordinates": [128.4662831763504, 35.85816639170376]
      },
      "properties": {
        "id": "DG-0792",
        "name": "다사농협(죽곡지점)",
        "gu": "달성군",
        "facility_type": "금융기관",
        "is_im_bank": false,
        "road_address": "대구광역시 달성군 다사읍 대실역북로  11",
        "kma_nx": 87,
        "kma_ny": 90,
        "source_geo_idn": "792",
        "geocode_result": "SUCC"
      }
    },
    {
      "type": "Feature",
      "id": "DG-0793",
      "geometry": {
        "type": "Point",
        "coordinates": [128.46721209377858, 35.85018517142087]
      },
      "properties": {
        "id": "DG-0793",
        "name": "다사농협(대실지점)",
        "gu": "달성군",
        "facility_type": "금융기관",
        "is_im_bank": false,
        "road_address": "대구광역시 달성군 다사읍대실역남로 103",
        "kma_nx": 87,
        "kma_ny": 90,
        "source_geo_idn": "793",
        "geocode_result": "SUCC"
      }
    },
    {
      "type": "Feature",
      "id": "DG-0794",
      "geometry": {
        "type": "Point",
        "coordinates": [128.4986240549948, 35.875271338989506]
      },
      "properties": {
        "id": "DG-0794",
        "name": "대구은행(다사지점)",
        "gu": "달성군",
        "facility_type": "금융기관",
        "is_im_bank": true,
        "road_address": "대구광역시 달성군 다사읍 서재로30길  16 , 삼흥",
        "kma_nx": 87,
        "kma_ny": 91,
        "source_geo_idn": "794",
        "geocode_result": "SUCC"
      }
    },
    {
      "type": "Feature",
      "id": "DG-0795",
      "geometry": {
        "type": "Point",
        "coordinates": [128.50030996265613, 35.87589551730578]
      },
      "properties": {
        "id": "DG-0795",
        "name": "서재4리 경로당",
        "gu": "달성군",
        "facility_type": "경로당",
        "is_im_bank": false,
        "road_address": "대구광역시 달성군 다사읍서재로30길 17",
        "kma_nx": 87,
        "kma_ny": 91,
        "source_geo_idn": "795",
        "geocode_result": "SUCC"
      }
    },
    {
      "type": "Feature",
      "id": "DG-0796",
      "geometry": {
        "type": "Point",
        "coordinates": [128.49761517911742, 35.87437916353274]
      },
      "properties": {
        "id": "DG-0796",
        "name": "서재3리 경로당",
        "gu": "달성군",
        "facility_type": "경로당",
        "is_im_bank": false,
        "road_address": "대구광역시 달성군 다사읍서재로 120",
        "kma_nx": 87,
        "kma_ny": 91,
        "source_geo_idn": "796",
        "geocode_result": "SUCC"
      }
    },
    {
      "type": "Feature",
      "id": "DG-0797",
      "geometry": {
        "type": "Point",
        "coordinates": [128.49798621994648, 35.87362117035004]
      },
      "properties": {
        "id": "DG-0797",
        "name": "서재6리 경로당",
        "gu": "달성군",
        "facility_type": "경로당",
        "is_im_bank": false,
        "road_address": "대구광역시 달성군 다사읍 서재로26길  6",
        "kma_nx": 87,
        "kma_ny": 91,
        "source_geo_idn": "797",
        "geocode_result": "SUCC"
      }
    },
    {
      "type": "Feature",
      "id": "DG-0798",
      "geometry": {
        "type": "Point",
        "coordinates": [128.49449221769652, 35.867273697347706]
      },
      "properties": {
        "id": "DG-0798",
        "name": "서재1리 경로당",
        "gu": "달성군",
        "facility_type": "경로당",
        "is_im_bank": false,
        "road_address": "대구광역시 달성군 다사읍 서재로12길  39",
        "kma_nx": 87,
        "kma_ny": 90,
        "source_geo_idn": "798",
        "geocode_result": "SUCC"
      }
    },
    {
      "type": "Feature",
      "id": "DG-0799",
      "geometry": {
        "type": "Point",
        "coordinates": [128.6544882909234, 35.778839829215585]
      },
      "properties": {
        "id": "DG-0799",
        "name": "행정1리 경로당",
        "gu": "달성군",
        "facility_type": "경로당",
        "is_im_bank": false,
        "road_address": "대구광역시 달성군 가창면가창동로 122-18",
        "kma_nx": 90,
        "kma_ny": 89,
        "source_geo_idn": "799",
        "geocode_result": "SUCC"
      }
    },
    {
      "type": "Feature",
      "id": "DG-0800",
      "geometry": {
        "type": "Point",
        "coordinates": [128.6612165575498, 35.766304013412615]
      },
      "properties": {
        "id": "DG-0800",
        "name": "단산리 경로당",
        "gu": "달성군",
        "facility_type": "경로당",
        "is_im_bank": false,
        "road_address": "대구광역시 달성군 가창면 단산길  97-3, 단산리 마을회관",
        "kma_nx": 90,
        "kma_ny": 88,
        "source_geo_idn": "800",
        "geocode_result": "SUCC"
      }
    },
    {
      "type": "Feature",
      "id": "DG-0801",
      "geometry": {
        "type": "Point",
        "coordinates": [128.64888329803313, 35.768964544811276]
      },
      "properties": {
        "id": "DG-0801",
        "name": "대일1리경로당",
        "gu": "달성군",
        "facility_type": "경로당",
        "is_im_bank": false,
        "road_address": "대구광역시 달성군 가창면 가창로126길  3 , 대일1리회관",
        "kma_nx": 90,
        "kma_ny": 88,
        "source_geo_idn": "801",
        "geocode_result": "SUCC"
      }
    },
    {
      "type": "Feature",
      "id": "DG-0802",
      "geometry": {
        "type": "Point",
        "coordinates": [128.634013689108, 35.764438288231624]
      },
      "properties": {
        "id": "DG-0802",
        "name": "대일2리 경로당",
        "gu": "달성군",
        "facility_type": "경로당",
        "is_im_bank": false,
        "road_address": "대구광역시 달성군 가창면 원정길  183-3, 대일2리마을회관",
        "kma_nx": 90,
        "kma_ny": 88,
        "source_geo_idn": "802",
        "geocode_result": "SUCC"
      }
    },
    {
      "type": "Feature",
      "id": "DG-0803",
      "geometry": {
        "type": "Point",
        "coordinates": [128.6594235310634, 35.73427305099903]
      },
      "properties": {
        "id": "DG-0803",
        "name": "삼산리 경로당",
        "gu": "달성군",
        "facility_type": "경로당",
        "is_im_bank": false,
        "road_address": "대구광역시 달성군 가창면 녹문길  24 , 삼산리경로당 주택",
        "kma_nx": 90,
        "kma_ny": 88,
        "source_geo_idn": "803",
        "geocode_result": "SUCC"
      }
    },
    {
      "type": "Feature",
      "id": "DG-0804",
      "geometry": {
        "type": "Point",
        "coordinates": [128.65938622117963, 35.734392517827146]
      },
      "properties": {
        "id": "DG-0804",
        "name": "삼산리 경로당(본동)",
        "gu": "달성군",
        "facility_type": "경로당",
        "is_im_bank": false,
        "road_address": "대구광역시 달성군 가창면 녹문길  22 , 삼산리경로당",
        "kma_nx": 90,
        "kma_ny": 88,
        "source_geo_idn": "804",
        "geocode_result": "SUCC"
      }
    },
    {
      "type": "Feature",
      "id": "DG-0805",
      "geometry": {
        "type": "Point",
        "coordinates": [128.66235281468542, 35.77818344949777]
      },
      "properties": {
        "id": "DG-0805",
        "name": "상원1리경로당",
        "gu": "달성군",
        "facility_type": "경로당",
        "is_im_bank": false,
        "road_address": "대구광역시 달성군 가창면 가창로126길  182 , 상원1리마을회관",
        "kma_nx": 90,
        "kma_ny": 89,
        "source_geo_idn": "805",
        "geocode_result": "SUCC"
      }
    },
    {
      "type": "Feature",
      "id": "DG-0806",
      "geometry": {
        "type": "Point",
        "coordinates": [128.59961270941216, 35.78491008370929]
      },
      "properties": {
        "id": "DG-0806",
        "name": "오2리 경로당",
        "gu": "달성군",
        "facility_type": "경로당",
        "is_im_bank": false,
        "road_address": "대구광역시 달성군 가창면 헐티로11길  90",
        "kma_nx": 89,
        "kma_ny": 89,
        "source_geo_idn": "806",
        "geocode_result": "SUCC"
      }
    },
    {
      "type": "Feature",
      "id": "DG-0807",
      "geometry": {
        "type": "Point",
        "coordinates": [128.59961270941216, 35.78491008370929]
      },
      "properties": {
        "id": "DG-0807",
        "name": "오1리 경로당",
        "gu": "달성군",
        "facility_type": "경로당",
        "is_im_bank": false,
        "road_address": "대구광역시 달성군 가창면 헐티로11길  90",
        "kma_nx": 89,
        "kma_ny": 89,
        "source_geo_idn": "807",
        "geocode_result": "SUCC"
      }
    },
    {
      "type": "Feature",
      "id": "DG-0808",
      "geometry": {
        "type": "Point",
        "coordinates": [128.65014910060276, 35.75273368497518]
      },
      "properties": {
        "id": "DG-0808",
        "name": "옥분리 경로당",
        "gu": "달성군",
        "facility_type": "경로당",
        "is_im_bank": false,
        "road_address": "대구광역시 달성군 가창면 가창로  440 , 옥분리경로회관",
        "kma_nx": 90,
        "kma_ny": 88,
        "source_geo_idn": "808",
        "geocode_result": "SUCC"
      }
    },
    {
      "type": "Feature",
      "id": "DG-0809",
      "geometry": {
        "type": "Point",
        "coordinates": [128.62700672282975, 35.79670798838614]
      },
      "properties": {
        "id": "DG-0809",
        "name": "용계5리 경로당",
        "gu": "달성군",
        "facility_type": "경로당",
        "is_im_bank": false,
        "road_address": "대구광역시 달성군 가창면 가창로  1018 , 가창중석타운",
        "kma_nx": 89,
        "kma_ny": 89,
        "source_geo_idn": "809",
        "geocode_result": "SUCC"
      }
    },
    {
      "type": "Feature",
      "id": "DG-0810",
      "geometry": {
        "type": "Point",
        "coordinates": [128.62284109486862, 35.80203782230573]
      },
      "properties": {
        "id": "DG-0810",
        "name": "용계1,3리 경로당",
        "gu": "달성군",
        "facility_type": "경로당",
        "is_im_bank": false,
        "road_address": "대구광역시 달성군 가창면 가창로220길  2 , 용계경노회관",
        "kma_nx": 89,
        "kma_ny": 89,
        "source_geo_idn": "810",
        "geocode_result": "SUCC"
      }
    },
    {
      "type": "Feature",
      "id": "DG-0811",
      "geometry": {
        "type": "Point",
        "coordinates": [128.6421652743972, 35.7224956839802]
      },
      "properties": {
        "id": "DG-0811",
        "name": "우록2리 경로당",
        "gu": "달성군",
        "facility_type": "경로당",
        "is_im_bank": false,
        "road_address": "대구광역시 달성군 가창면 우록길  254-3, 우록경로당",
        "kma_nx": 90,
        "kma_ny": 87,
        "source_geo_idn": "811",
        "geocode_result": "SUCC"
      }
    },
    {
      "type": "Feature",
      "id": "DG-0812",
      "geometry": {
        "type": "Point",
        "coordinates": [128.5560421932489, 35.74836122260557]
      },
      "properties": {
        "id": "DG-0812",
        "name": "정대2리 경로당",
        "gu": "달성군",
        "facility_type": "경로당",
        "is_im_bank": false,
        "road_address": "대구광역시 달성군 가창면 헐티로3길  9",
        "kma_nx": 88,
        "kma_ny": 88,
        "source_geo_idn": "812",
        "geocode_result": "SUCC"
      }
    },
    {
      "type": "Feature",
      "id": "DG-0813",
      "geometry": {
        "type": "Point",
        "coordinates": [128.64977035791492, 35.76030494400076]
      },
      "properties": {
        "id": "DG-0813",
        "name": "주1리 경로당",
        "gu": "달성군",
        "facility_type": "경로당",
        "is_im_bank": false,
        "road_address": "대구광역시 달성군 가창면 주리1길  14 , 주1리회관",
        "kma_nx": 90,
        "kma_ny": 88,
        "source_geo_idn": "813",
        "geocode_result": "SUCC"
      }
    },
    {
      "type": "Feature",
      "id": "DG-0814",
      "geometry": {
        "type": "Point",
        "coordinates": [128.64977035791492, 35.76030494400076]
      },
      "properties": {
        "id": "DG-0814",
        "name": "주2리 경로당(중주리)",
        "gu": "달성군",
        "facility_type": "경로당",
        "is_im_bank": false,
        "road_address": "대구광역시 달성군 가창면 주리1길  14 , 주1리회관",
        "kma_nx": 90,
        "kma_ny": 88,
        "source_geo_idn": "814",
        "geocode_result": "SUCC"
      }
    },
    {
      "type": "Feature",
      "id": "DG-0815",
      "geometry": {
        "type": "Point",
        "coordinates": [128.63974776280781, 35.756361610015766]
      },
      "properties": {
        "id": "DG-0815",
        "name": "주2리경로당(내주리)",
        "gu": "달성군",
        "facility_type": "경로당",
        "is_im_bank": false,
        "road_address": "대구광역시 달성군 가창면 주리1길  136 , 주2리 경로당",
        "kma_nx": 90,
        "kma_ny": 88,
        "source_geo_idn": "815",
        "geocode_result": "SUCC"
      }
    },
    {
      "type": "Feature",
      "id": "DG-0816",
      "geometry": {
        "type": "Point",
        "coordinates": [128.6551146177165, 35.77960619496319]
      },
      "properties": {
        "id": "DG-0816",
        "name": "행정2리 경로당",
        "gu": "달성군",
        "facility_type": "경로당",
        "is_im_bank": false,
        "road_address": "대구광역시 달성군 가창면 가창동로  124 , 행정1리마을회관",
        "kma_nx": 90,
        "kma_ny": 89,
        "source_geo_idn": "816",
        "geocode_result": "SUCC"
      }
    },
    {
      "type": "Feature",
      "id": "DG-0817",
      "geometry": {
        "type": "Point",
        "coordinates": [128.67224198615355, 35.77493916163909]
      },
      "properties": {
        "id": "DG-0817",
        "name": "상원가재경로당",
        "gu": "달성군",
        "facility_type": "경로당",
        "is_im_bank": false,
        "road_address": "대구광역시 달성군 가창면가창동로 271-24",
        "kma_nx": 90,
        "kma_ny": 88,
        "source_geo_idn": "817",
        "geocode_result": "SUCC"
      }
    },
    {
      "type": "Feature",
      "id": "DG-0818",
      "geometry": {
        "type": "Point",
        "coordinates": [128.6513703472715, 35.74699280722476]
      },
      "properties": {
        "id": "DG-0818",
        "name": "옥분리 정안 경로당",
        "gu": "달성군",
        "facility_type": "경로당",
        "is_im_bank": false,
        "road_address": "대구광역시 달성군 가창면가창로75길 6",
        "kma_nx": 90,
        "kma_ny": 88,
        "source_geo_idn": "818",
        "geocode_result": "SUCC"
      }
    },
    {
      "type": "Feature",
      "id": "DG-0819",
      "geometry": {
        "type": "Point",
        "coordinates": [128.65000711891884, 35.77754608577914]
      },
      "properties": {
        "id": "DG-0819",
        "name": "냉천2리 경로당",
        "gu": "달성군",
        "facility_type": "경로당",
        "is_im_bank": false,
        "road_address": "대구광역시 달성군 가창면가창동로1길 22",
        "kma_nx": 90,
        "kma_ny": 89,
        "source_geo_idn": "819",
        "geocode_result": "SUCC"
      }
    },
    {
      "type": "Feature",
      "id": "DG-0820",
      "geometry": {
        "type": "Point",
        "coordinates": [128.57060679893604, 35.76563643188857]
      },
      "properties": {
        "id": "DG-0820",
        "name": "정대 매계 경로당",
        "gu": "달성군",
        "facility_type": "경로당",
        "is_im_bank": false,
        "road_address": "대구광역시 달성군 가창면헐티로7길 8",
        "kma_nx": 88,
        "kma_ny": 88,
        "source_geo_idn": "820",
        "geocode_result": "SUCC"
      }
    },
    {
      "type": "Feature",
      "id": "DG-0821",
      "geometry": {
        "type": "Point",
        "coordinates": [128.62434536929408, 35.80311690374768]
      },
      "properties": {
        "id": "DG-0821",
        "name": "용계6리 경로당",
        "gu": "달성군",
        "facility_type": "경로당",
        "is_im_bank": false,
        "road_address": "대구광역시 달성군 가창면가창로216길 25",
        "kma_nx": 89,
        "kma_ny": 89,
        "source_geo_idn": "821",
        "geocode_result": "SUCC"
      }
    },
    {
      "type": "Feature",
      "id": "DG-0822",
      "geometry": {
        "type": "Point",
        "coordinates": [128.62411784599186, 35.80389496567653]
      },
      "properties": {
        "id": "DG-0822",
        "name": "용계7리 경로당",
        "gu": "달성군",
        "facility_type": "경로당",
        "is_im_bank": false,
        "road_address": "대구광역시 달성군 가창면가창로216길 55",
        "kma_nx": 89,
        "kma_ny": 89,
        "source_geo_idn": "822",
        "geocode_result": "SUCC"
      }
    },
    {
      "type": "Feature",
      "id": "DG-0823",
      "geometry": {
        "type": "Point",
        "coordinates": [128.65999634710533, 35.76845478297578]
      },
      "properties": {
        "id": "DG-0823",
        "name": "단산신서경로당",
        "gu": "달성군",
        "facility_type": "경로당",
        "is_im_bank": false,
        "road_address": "대구광역시 달성군 가창면 단산1길 8",
        "kma_nx": 90,
        "kma_ny": 88,
        "source_geo_idn": "823",
        "geocode_result": "SUCC"
      }
    },
    {
      "type": "Feature",
      "id": "DG-0824",
      "geometry": {
        "type": "Point",
        "coordinates": [128.64386093479433, 35.78045267485118]
      },
      "properties": {
        "id": "DG-0824",
        "name": "냉천1리 경로당",
        "gu": "달성군",
        "facility_type": "경로당",
        "is_im_bank": false,
        "road_address": "대구광역시 달성군 가창면가창로 761",
        "kma_nx": 90,
        "kma_ny": 89,
        "source_geo_idn": "824",
        "geocode_result": "SUCC"
      }
    },
    {
      "type": "Feature",
      "id": "DG-0825",
      "geometry": {
        "type": "Point",
        "coordinates": [128.62283261355216, 35.80270839124573]
      },
      "properties": {
        "id": "DG-0825",
        "name": "가창면사무소",
        "gu": "달성군",
        "facility_type": "기타",
        "is_im_bank": false,
        "road_address": "대구광역시 달성군 가창면 가창로  1100 , 가창면사무소",
        "kma_nx": 89,
        "kma_ny": 89,
        "source_geo_idn": "825",
        "geocode_result": "SUCC"
      }
    },
    {
      "type": "Feature",
      "id": "DG-0826",
      "geometry": {
        "type": "Point",
        "coordinates": [128.62324631093736, 35.8039031344493]
      },
      "properties": {
        "id": "DG-0826",
        "name": "가창농협",
        "gu": "달성군",
        "facility_type": "금융기관",
        "is_im_bank": false,
        "road_address": "대구광역시 달성군 가창면 가창로  1122 , 가창농협",
        "kma_nx": 89,
        "kma_ny": 89,
        "source_geo_idn": "826",
        "geocode_result": "SUCC"
      }
    },
    {
      "type": "Feature",
      "id": "DG-0827",
      "geometry": {
        "type": "Point",
        "coordinates": [128.56742202312552, 35.75660148427941]
      },
      "properties": {
        "id": "DG-0827",
        "name": "정대1리 경로당",
        "gu": "달성군",
        "facility_type": "경로당",
        "is_im_bank": false,
        "road_address": "대구광역시 달성군 가창면 정대리 260-1",
        "kma_nx": 88,
        "kma_ny": 88,
        "source_geo_idn": "827",
        "geocode_result": "SUCC"
      }
    },
    {
      "type": "Feature",
      "id": "DG-0828",
      "geometry": {
        "type": "Point",
        "coordinates": [128.63702641052663, 35.72216200007415]
      },
      "properties": {
        "id": "DG-0828",
        "name": "우록1리 경로당",
        "gu": "달성군",
        "facility_type": "경로당",
        "is_im_bank": false,
        "road_address": "대구광역시 달성군 가창면 우록리 1317",
        "kma_nx": 90,
        "kma_ny": 87,
        "source_geo_idn": "828",
        "geocode_result": "SUCC"
      }
    },
    {
      "type": "Feature",
      "id": "DG-0829",
      "geometry": {
        "type": "Point",
        "coordinates": [128.44999163095213, 35.93098311268126]
      },
      "properties": {
        "id": "DG-0829",
        "name": "기곡2리 경로당",
        "gu": "달성군",
        "facility_type": "경로당",
        "is_im_bank": false,
        "road_address": "대구광역시 달성군 하빈면 기곡1길  96",
        "kma_nx": 86,
        "kma_ny": 92,
        "source_geo_idn": "829",
        "geocode_result": "SUCC"
      }
    },
    {
      "type": "Feature",
      "id": "DG-0830",
      "geometry": {
        "type": "Point",
        "coordinates": [128.42156080466444, 35.898845423463925]
      },
      "properties": {
        "id": "DG-0830",
        "name": "묘2리 경로당",
        "gu": "달성군",
        "facility_type": "경로당",
        "is_im_bank": false,
        "road_address": "대구광역시 달성군 하빈면 묘동2길  19-1",
        "kma_nx": 86,
        "kma_ny": 91,
        "source_geo_idn": "830",
        "geocode_result": "SUCC"
      }
    },
    {
      "type": "Feature",
      "id": "DG-0831",
      "geometry": {
        "type": "Point",
        "coordinates": [128.44657275353728, 35.91093581046802]
      },
      "properties": {
        "id": "DG-0831",
        "name": "현내1리 경로당",
        "gu": "달성군",
        "facility_type": "경로당",
        "is_im_bank": false,
        "road_address": "대구광역시 달성군 하빈면 하빈로107길  5",
        "kma_nx": 86,
        "kma_ny": 91,
        "source_geo_idn": "831",
        "geocode_result": "SUCC"
      }
    },
    {
      "type": "Feature",
      "id": "DG-0832",
      "geometry": {
        "type": "Point",
        "coordinates": [128.43014087428486, 35.89285715189709]
      },
      "properties": {
        "id": "DG-0832",
        "name": "감문1리 경로당",
        "gu": "달성군",
        "facility_type": "경로당",
        "is_im_bank": false,
        "road_address": "대구광역시 달성군 하빈면 하빈로52길  19",
        "kma_nx": 86,
        "kma_ny": 91,
        "source_geo_idn": "832",
        "geocode_result": "SUCC"
      }
    },
    {
      "type": "Feature",
      "id": "DG-0833",
      "geometry": {
        "type": "Point",
        "coordinates": [128.42767813775788, 35.88522657885606]
      },
      "properties": {
        "id": "DG-0833",
        "name": "감문2리 경로당",
        "gu": "달성군",
        "facility_type": "경로당",
        "is_im_bank": false,
        "road_address": "대구광역시 달성군 하빈면 하빈로24길  73-1, 감문2리회관",
        "kma_nx": 86,
        "kma_ny": 91,
        "source_geo_idn": "833",
        "geocode_result": "SUCC"
      }
    },
    {
      "type": "Feature",
      "id": "DG-0834",
      "geometry": {
        "type": "Point",
        "coordinates": [128.43892638105342, 35.9313181353539]
      },
      "properties": {
        "id": "DG-0834",
        "name": "기곡1리  경로당",
        "gu": "달성군",
        "facility_type": "경로당",
        "is_im_bank": false,
        "road_address": "대구광역시 달성군 하빈면 기곡3길  8 , 기곡리회관",
        "kma_nx": 86,
        "kma_ny": 92,
        "source_geo_idn": "834",
        "geocode_result": "SUCC"
      }
    },
    {
      "type": "Feature",
      "id": "DG-0835",
      "geometry": {
        "type": "Point",
        "coordinates": [128.46753221647037, 35.936414740619114]
      },
      "properties": {
        "id": "DG-0835",
        "name": "대평1리 경로당",
        "gu": "달성군",
        "facility_type": "경로당",
        "is_im_bank": false,
        "road_address": "대구광역시 달성군 하빈면 하빈로  888 , 대평리회관",
        "kma_nx": 86,
        "kma_ny": 92,
        "source_geo_idn": "835",
        "geocode_result": "SUCC"
      }
    },
    {
      "type": "Feature",
      "id": "DG-0836",
      "geometry": {
        "type": "Point",
        "coordinates": [128.4613804351709, 35.93450727054643]
      },
      "properties": {
        "id": "DG-0836",
        "name": "대평2리 경로당(두천)",
        "gu": "달성군",
        "facility_type": "경로당",
        "is_im_bank": false,
        "road_address": "대구광역시 달성군 하빈면 하빈로171길  40 , 대평2리회관",
        "kma_nx": 86,
        "kma_ny": 92,
        "source_geo_idn": "836",
        "geocode_result": "SUCC"
      }
    },
    {
      "type": "Feature",
      "id": "DG-0837",
      "geometry": {
        "type": "Point",
        "coordinates": [128.41654770713845, 35.879313374011204]
      },
      "properties": {
        "id": "DG-0837",
        "name": "동곡2리 경로당",
        "gu": "달성군",
        "facility_type": "경로당",
        "is_im_bank": false,
        "road_address": "대구광역시 달성군 하빈면 달구벌대로35길  16 , 동곡2리회관",
        "kma_nx": 86,
        "kma_ny": 91,
        "source_geo_idn": "837",
        "geocode_result": "SUCC"
      }
    },
    {
      "type": "Feature",
      "id": "DG-0838",
      "geometry": {
        "type": "Point",
        "coordinates": [128.4151146349116, 35.86323904349951]
      },
      "properties": {
        "id": "DG-0838",
        "name": "동곡1리 경로당",
        "gu": "달성군",
        "facility_type": "경로당",
        "is_im_bank": false,
        "road_address": "대구광역시 달성군 하빈면 하빈남로37길  26-3, 동곡1리새마을회관",
        "kma_nx": 86,
        "kma_ny": 90,
        "source_geo_idn": "838",
        "geocode_result": "SUCC"
      }
    },
    {
      "type": "Feature",
      "id": "DG-0839",
      "geometry": {
        "type": "Point",
        "coordinates": [128.41751098161723, 35.9085032871398]
      },
      "properties": {
        "id": "DG-0839",
        "name": "묘1리 경로당",
        "gu": "달성군",
        "facility_type": "경로당",
        "is_im_bank": false,
        "road_address": "대구광역시 달성군 하빈면 육신사길  26 , 마을회관",
        "kma_nx": 86,
        "kma_ny": 91,
        "source_geo_idn": "839",
        "geocode_result": "SUCC"
      }
    },
    {
      "type": "Feature",
      "id": "DG-0840",
      "geometry": {
        "type": "Point",
        "coordinates": [128.44340510992677, 35.90047364460947]
      },
      "properties": {
        "id": "DG-0840",
        "name": "현내3리 경로당",
        "gu": "달성군",
        "facility_type": "경로당",
        "is_im_bank": false,
        "road_address": "대구광역시 달성군 하빈면 하빈로  402-5, 현내3리마을회관",
        "kma_nx": 86,
        "kma_ny": 91,
        "source_geo_idn": "840",
        "geocode_result": "SUCC"
      }
    },
    {
      "type": "Feature",
      "id": "DG-0841",
      "geometry": {
        "type": "Point",
        "coordinates": [128.44641471693618, 35.90274078710587]
      },
      "properties": {
        "id": "DG-0841",
        "name": "현내2리 경로당",
        "gu": "달성군",
        "facility_type": "경로당",
        "is_im_bank": false,
        "road_address": "대구광역시 달성군 하빈면 하빈로90길  5 , 현내2리마을회관",
        "kma_nx": 86,
        "kma_ny": 91,
        "source_geo_idn": "841",
        "geocode_result": "SUCC"
      }
    },
    {
      "type": "Feature",
      "id": "DG-0842",
      "geometry": {
        "type": "Point",
        "coordinates": [128.40635212950798, 35.884851005365945]
      },
      "properties": {
        "id": "DG-0842",
        "name": "하산2리 경로당",
        "gu": "달성군",
        "facility_type": "경로당",
        "is_im_bank": false,
        "road_address": "대구광역시 달성군 하빈면 하산2길  37 , 하산2리마을회관",
        "kma_nx": 85,
        "kma_ny": 91,
        "source_geo_idn": "842",
        "geocode_result": "SUCC"
      }
    },
    {
      "type": "Feature",
      "id": "DG-0843",
      "geometry": {
        "type": "Point",
        "coordinates": [128.40635212950798, 35.884851005365945]
      },
      "properties": {
        "id": "DG-0843",
        "name": "하산1리 경로당",
        "gu": "달성군",
        "facility_type": "경로당",
        "is_im_bank": false,
        "road_address": "대구광역시 달성군 하빈면 하산2길  37 , 하산2리마을회관",
        "kma_nx": 85,
        "kma_ny": 91,
        "source_geo_idn": "843",
        "geocode_result": "SUCC"
      }
    },
    {
      "type": "Feature",
      "id": "DG-0844",
      "geometry": {
        "type": "Point",
        "coordinates": [128.40771706327277, 35.86361073386934]
      },
      "properties": {
        "id": "DG-0844",
        "name": "봉촌1리경로당",
        "gu": "달성군",
        "facility_type": "경로당",
        "is_im_bank": false,
        "road_address": "대구광역시 달성군 하빈면 하빈남로52길  58 , 봉촌1리회관",
        "kma_nx": 85,
        "kma_ny": 90,
        "source_geo_idn": "844",
        "geocode_result": "SUCC"
      }
    },
    {
      "type": "Feature",
      "id": "DG-0845",
      "geometry": {
        "type": "Point",
        "coordinates": [128.3935217872659, 35.86119530095261]
      },
      "properties": {
        "id": "DG-0845",
        "name": "봉촌2리 경로당",
        "gu": "달성군",
        "facility_type": "경로당",
        "is_im_bank": false,
        "road_address": "대구광역시 달성군 하빈면 하빈남로77길  4 , 봉촌2리마을회관",
        "kma_nx": 85,
        "kma_ny": 90,
        "source_geo_idn": "845",
        "geocode_result": "SUCC"
      }
    },
    {
      "type": "Feature",
      "id": "DG-0846",
      "geometry": {
        "type": "Point",
        "coordinates": [128.46474835197566, 35.91813733542141]
      },
      "properties": {
        "id": "DG-0846",
        "name": "무등1리 경로당",
        "gu": "달성군",
        "facility_type": "경로당",
        "is_im_bank": false,
        "road_address": "대구광역시 달성군 하빈면 하빈로140길  52 , 무등1동노인회",
        "kma_nx": 86,
        "kma_ny": 91,
        "source_geo_idn": "846",
        "geocode_result": "SUCC"
      }
    },
    {
      "type": "Feature",
      "id": "DG-0847",
      "geometry": {
        "type": "Point",
        "coordinates": [128.45755888074007, 35.90813551193574]
      },
      "properties": {
        "id": "DG-0847",
        "name": "무등2리 경로당",
        "gu": "달성군",
        "facility_type": "경로당",
        "is_im_bank": false,
        "road_address": "대구광역시 달성군 하빈면 하빈로120길  94 , 무등2리동회관",
        "kma_nx": 86,
        "kma_ny": 91,
        "source_geo_idn": "847",
        "geocode_result": "SUCC"
      }
    },
    {
      "type": "Feature",
      "id": "DG-0848",
      "geometry": {
        "type": "Point",
        "coordinates": [128.40771706327277, 35.86361073386934]
      },
      "properties": {
        "id": "DG-0848",
        "name": "봉촌보건진료소",
        "gu": "달성군",
        "facility_type": "기타",
        "is_im_bank": false,
        "road_address": "대구광역시 달성군 하빈면 하빈남로52길  58 , 봉촌1리회관",
        "kma_nx": 85,
        "kma_ny": 90,
        "source_geo_idn": "848",
        "geocode_result": "SUCC"
      }
    },
    {
      "type": "Feature",
      "id": "DG-0849",
      "geometry": {
        "type": "Point",
        "coordinates": [128.44551766204026, 35.90092043700421]
      },
      "properties": {
        "id": "DG-0849",
        "name": "면민복지회관",
        "gu": "달성군",
        "facility_type": "기타",
        "is_im_bank": false,
        "road_address": "대구광역시 달성군 하빈면 하빈로84길  1 , 하빈면사무소",
        "kma_nx": 86,
        "kma_ny": 91,
        "source_geo_idn": "849",
        "geocode_result": "SUCC"
      }
    },
    {
      "type": "Feature",
      "id": "DG-0850",
      "geometry": {
        "type": "Point",
        "coordinates": [128.44551766204026, 35.90092043700421]
      },
      "properties": {
        "id": "DG-0850",
        "name": "하빈면사무소",
        "gu": "달성군",
        "facility_type": "기타",
        "is_im_bank": false,
        "road_address": "대구광역시 달성군 하빈면 하빈로84길  1 , 하빈면사무소",
        "kma_nx": 86,
        "kma_ny": 91,
        "source_geo_idn": "850",
        "geocode_result": "SUCC"
      }
    },
    {
      "type": "Feature",
      "id": "DG-0851",
      "geometry": {
        "type": "Point",
        "coordinates": [128.46401155432028, 35.78924402063944]
      },
      "properties": {
        "id": "DG-0851",
        "name": "옥포면사무소",
        "gu": "달성군",
        "facility_type": "기타",
        "is_im_bank": false,
        "road_address": "대구광역시 달성군 옥포면비슬로 2215",
        "kma_nx": 87,
        "kma_ny": 89,
        "source_geo_idn": "851",
        "geocode_result": "SUCC"
      }
    },
    {
      "type": "Feature",
      "id": "DG-0852",
      "geometry": {
        "type": "Point",
        "coordinates": [128.45952003350095, 35.78725477397067]
      },
      "properties": {
        "id": "DG-0852",
        "name": "본리2길 경로당",
        "gu": "달성군",
        "facility_type": "경로당",
        "is_im_bank": false,
        "road_address": "대구광역시 달성군 옥포면대방길 5",
        "kma_nx": 86,
        "kma_ny": 89,
        "source_geo_idn": "852",
        "geocode_result": "SUCC"
      }
    },
    {
      "type": "Feature",
      "id": "DG-0853",
      "geometry": {
        "type": "Point",
        "coordinates": [128.46835197932234, 35.79286786319695]
      },
      "properties": {
        "id": "DG-0853",
        "name": "간경리 경로당",
        "gu": "달성군",
        "facility_type": "경로당",
        "is_im_bank": false,
        "road_address": "대구광역시 달성군 옥포면간경1길 14-19",
        "kma_nx": 87,
        "kma_ny": 89,
        "source_geo_idn": "853",
        "geocode_result": "SUCC"
      }
    },
    {
      "type": "Feature",
      "id": "DG-0854",
      "geometry": {
        "type": "Point",
        "coordinates": [128.4295973246406, 35.78216399501274]
      },
      "properties": {
        "id": "DG-0854",
        "name": "강림2리 경로당",
        "gu": "달성군",
        "facility_type": "경로당",
        "is_im_bank": false,
        "road_address": "대구광역시 달성군 옥포면 시저로  33 , 강림2리마을회관",
        "kma_nx": 86,
        "kma_ny": 88,
        "source_geo_idn": "854",
        "geocode_result": "SUCC"
      }
    },
    {
      "type": "Feature",
      "id": "DG-0855",
      "geometry": {
        "type": "Point",
        "coordinates": [128.43586960026042, 35.77548542896838]
      },
      "properties": {
        "id": "DG-0855",
        "name": "강림1리 경로당",
        "gu": "달성군",
        "facility_type": "경로당",
        "is_im_bank": false,
        "road_address": "대구광역시 달성군 옥포면 강림1길  45-1",
        "kma_nx": 86,
        "kma_ny": 88,
        "source_geo_idn": "855",
        "geocode_result": "SUCC"
      }
    },
    {
      "type": "Feature",
      "id": "DG-0856",
      "geometry": {
        "type": "Point",
        "coordinates": [128.4405101670619, 35.791442009726595]
      },
      "properties": {
        "id": "DG-0856",
        "name": "교항1리 경로당",
        "gu": "달성군",
        "facility_type": "경로당",
        "is_im_bank": false,
        "road_address": "대구광역시 달성군 옥포면 다리목중앙길  20 , 교항1리경로당",
        "kma_nx": 86,
        "kma_ny": 89,
        "source_geo_idn": "856",
        "geocode_result": "SUCC"
      }
    },
    {
      "type": "Feature",
      "id": "DG-0857",
      "geometry": {
        "type": "Point",
        "coordinates": [128.44319317401116, 35.78909922029079]
      },
      "properties": {
        "id": "DG-0857",
        "name": "교항3리 경로당",
        "gu": "달성군",
        "facility_type": "경로당",
        "is_im_bank": false,
        "road_address": "대구광역시 달성군 옥포면 교항제림길  10   ()",
        "kma_nx": 86,
        "kma_ny": 89,
        "source_geo_idn": "857",
        "geocode_result": "SUCC"
      }
    },
    {
      "type": "Feature",
      "id": "DG-0858",
      "geometry": {
        "type": "Point",
        "coordinates": [128.44542633496937, 35.78733132322905]
      },
      "properties": {
        "id": "DG-0858",
        "name": "교항2리 경로당",
        "gu": "달성군",
        "facility_type": "경로당",
        "is_im_bank": false,
        "road_address": "대구광역시 달성군 옥포면 금계길  44 , 교항2리회관",
        "kma_nx": 86,
        "kma_ny": 89,
        "source_geo_idn": "858",
        "geocode_result": "SUCC"
      }
    },
    {
      "type": "Feature",
      "id": "DG-0859",
      "geometry": {
        "type": "Point",
        "coordinates": [128.49252409538735, 35.74373393093917]
      },
      "properties": {
        "id": "DG-0859",
        "name": "기세리 경로당",
        "gu": "달성군",
        "facility_type": "경로당",
        "is_im_bank": false,
        "road_address": "대구광역시 달성군 옥포면 옥포로113길  29",
        "kma_nx": 87,
        "kma_ny": 88,
        "source_geo_idn": "859",
        "geocode_result": "SUCC"
      }
    },
    {
      "type": "Feature",
      "id": "DG-0860",
      "geometry": {
        "type": "Point",
        "coordinates": [128.49814934695323, 35.74260421859989]
      },
      "properties": {
        "id": "DG-0860",
        "name": "김흥3리 경로당",
        "gu": "달성군",
        "facility_type": "경로당",
        "is_im_bank": false,
        "road_address": "대구광역시 달성군 옥포면 능전길  88 , 김흥삼리마을회",
        "kma_nx": 87,
        "kma_ny": 88,
        "source_geo_idn": "860",
        "geocode_result": "SUCC"
      }
    },
    {
      "type": "Feature",
      "id": "DG-0861",
      "geometry": {
        "type": "Point",
        "coordinates": [128.4923627205756, 35.74101078130996]
      },
      "properties": {
        "id": "DG-0861",
        "name": "김흥2리 경로당",
        "gu": "달성군",
        "facility_type": "경로당",
        "is_im_bank": false,
        "road_address": "대구광역시 달성군 옥포면 옥포로113길  74 , 김흥2동경로당",
        "kma_nx": 87,
        "kma_ny": 88,
        "source_geo_idn": "861",
        "geocode_result": "SUCC"
      }
    },
    {
      "type": "Feature",
      "id": "DG-0862",
      "geometry": {
        "type": "Point",
        "coordinates": [128.5014991391954, 35.74816053655159]
      },
      "properties": {
        "id": "DG-0862",
        "name": "반송2리 경로당",
        "gu": "달성군",
        "facility_type": "경로당",
        "is_im_bank": false,
        "road_address": "대구광역시 달성군 옥포면 반송길  103 , 반송2리회관",
        "kma_nx": 87,
        "kma_ny": 88,
        "source_geo_idn": "862",
        "geocode_result": "SUCC"
      }
    },
    {
      "type": "Feature",
      "id": "DG-0863",
      "geometry": {
        "type": "Point",
        "coordinates": [128.49769216834545, 35.755489475639116]
      },
      "properties": {
        "id": "DG-0863",
        "name": "반송1리 경로당",
        "gu": "달성군",
        "facility_type": "경로당",
        "is_im_bank": false,
        "road_address": "대구광역시 달성군 옥포면 용연사길  35 , 반송1리회관",
        "kma_nx": 87,
        "kma_ny": 88,
        "source_geo_idn": "863",
        "geocode_result": "SUCC"
      }
    },
    {
      "type": "Feature",
      "id": "DG-0864",
      "geometry": {
        "type": "Point",
        "coordinates": [128.45434960792488, 35.79460972108941]
      },
      "properties": {
        "id": "DG-0864",
        "name": "본리3리 경로당",
        "gu": "달성군",
        "facility_type": "경로당",
        "is_im_bank": false,
        "road_address": "대구광역시 달성군 옥포면 본리로  102   ()",
        "kma_nx": 86,
        "kma_ny": 89,
        "source_geo_idn": "864",
        "geocode_result": "SUCC"
      }
    },
    {
      "type": "Feature",
      "id": "DG-0865",
      "geometry": {
        "type": "Point",
        "coordinates": [128.47341956803788, 35.765154300281445]
      },
      "properties": {
        "id": "DG-0865",
        "name": "송촌리 경로당",
        "gu": "달성군",
        "facility_type": "경로당",
        "is_im_bank": false,
        "road_address": "대구광역시 달성군 옥포면 송촌길  256 , 옥포면송촌리노인정",
        "kma_nx": 87,
        "kma_ny": 88,
        "source_geo_idn": "865",
        "geocode_result": "SUCC"
      }
    },
    {
      "type": "Feature",
      "id": "DG-0866",
      "geometry": {
        "type": "Point",
        "coordinates": [128.44258054906246, 35.79583654002579]
      },
      "properties": {
        "id": "DG-0866",
        "name": "신당리 경로당",
        "gu": "달성군",
        "facility_type": "경로당",
        "is_im_bank": false,
        "road_address": "대구광역시 달성군 옥포면 신당4길  27 , 신당리경로당",
        "kma_nx": 86,
        "kma_ny": 89,
        "source_geo_idn": "866",
        "geocode_result": "SUCC"
      }
    },
    {
      "type": "Feature",
      "id": "DG-0867",
      "geometry": {
        "type": "Point",
        "coordinates": [128.45725918090093, 35.79281900292062]
      },
      "properties": {
        "id": "DG-0867",
        "name": "본리1길 경로당",
        "gu": "달성군",
        "facility_type": "경로당",
        "is_im_bank": false,
        "road_address": "대구광역시 달성군 옥포면본리로16길 5",
        "kma_nx": 86,
        "kma_ny": 89,
        "source_geo_idn": "867",
        "geocode_result": "SUCC"
      }
    },
    {
      "type": "Feature",
      "id": "DG-0868",
      "geometry": {
        "type": "Point",
        "coordinates": [128.44188021760195, 35.69304905085395]
      },
      "properties": {
        "id": "DG-0868",
        "name": "오산1리 경로당",
        "gu": "달성군",
        "facility_type": "경로당",
        "is_im_bank": false,
        "road_address": "대구광역시 달성군 현풍면 비슬로  616-8",
        "kma_nx": 86,
        "kma_ny": 87,
        "source_geo_idn": "868",
        "geocode_result": "SUCC"
      }
    },
    {
      "type": "Feature",
      "id": "DG-0869",
      "geometry": {
        "type": "Point",
        "coordinates": [128.4419784533778, 35.660940267073585]
      },
      "properties": {
        "id": "DG-0869",
        "name": "신기리 경로당",
        "gu": "달성군",
        "facility_type": "경로당",
        "is_im_bank": false,
        "road_address": "대구광역시 달성군 현풍면 국가산단북로100길 120 , 신기리새마을회관",
        "kma_nx": 86,
        "kma_ny": 86,
        "source_geo_idn": "869",
        "geocode_result": "SUCC"
      }
    },
    {
      "type": "Feature",
      "id": "DG-0870",
      "geometry": {
        "type": "Point",
        "coordinates": [128.4411571395362, 35.696085702614425]
      },
      "properties": {
        "id": "DG-0870",
        "name": "성하3리 경로당",
        "gu": "달성군",
        "facility_type": "경로당",
        "is_im_bank": false,
        "road_address": "대구광역시 달성군 현풍면 비슬로136길  15",
        "kma_nx": 86,
        "kma_ny": 87,
        "source_geo_idn": "870",
        "geocode_result": "SUCC"
      }
    },
    {
      "type": "Feature",
      "id": "DG-0871",
      "geometry": {
        "type": "Point",
        "coordinates": [128.43431456833974, 35.69943335129062]
      },
      "properties": {
        "id": "DG-0871",
        "name": "성하1리 경로당",
        "gu": "달성군",
        "facility_type": "경로당",
        "is_im_bank": false,
        "road_address": "대구광역시 달성군 현풍면 성하1길  106-5, 성하1리회관",
        "kma_nx": 86,
        "kma_ny": 87,
        "source_geo_idn": "871",
        "geocode_result": "SUCC"
      }
    },
    {
      "type": "Feature",
      "id": "DG-0872",
      "geometry": {
        "type": "Point",
        "coordinates": [128.43526213440163, 35.70027638046803]
      },
      "properties": {
        "id": "DG-0872",
        "name": "성하2리 경로당",
        "gu": "달성군",
        "facility_type": "경로당",
        "is_im_bank": false,
        "road_address": "대구광역시 달성군 현풍면 성하1길  12-4",
        "kma_nx": 86,
        "kma_ny": 87,
        "source_geo_idn": "872",
        "geocode_result": "SUCC"
      }
    },
    {
      "type": "Feature",
      "id": "DG-0873",
      "geometry": {
        "type": "Point",
        "coordinates": [128.4499981657773, 35.69869027906491]
      },
      "properties": {
        "id": "DG-0873",
        "name": "상2리 경로당",
        "gu": "달성군",
        "facility_type": "경로당",
        "is_im_bank": false,
        "road_address": "대구광역시 달성군 현풍면 현풍동로21길  9 , 상스리마을회관",
        "kma_nx": 86,
        "kma_ny": 87,
        "source_geo_idn": "873",
        "geocode_result": "SUCC"
      }
    },
    {
      "type": "Feature",
      "id": "DG-0874",
      "geometry": {
        "type": "Point",
        "coordinates": [128.44698700034849, 35.69810650476599]
      },
      "properties": {
        "id": "DG-0874",
        "name": "부2리 경로당",
        "gu": "달성군",
        "facility_type": "경로당",
        "is_im_bank": false,
        "road_address": "대구광역시 달성군 현풍면 현풍동로27길  51 , 부2리회관",
        "kma_nx": 86,
        "kma_ny": 87,
        "source_geo_idn": "874",
        "geocode_result": "SUCC"
      }
    },
    {
      "type": "Feature",
      "id": "DG-0875",
      "geometry": {
        "type": "Point",
        "coordinates": [128.44664695814984, 35.698853170517744]
      },
      "properties": {
        "id": "DG-0875",
        "name": "부4리 경로당",
        "gu": "달성군",
        "facility_type": "경로당",
        "is_im_bank": false,
        "road_address": "대구광역시 달성군 현풍면 현풍동로29길  19-9",
        "kma_nx": 86,
        "kma_ny": 87,
        "source_geo_idn": "875",
        "geocode_result": "SUCC"
      }
    },
    {
      "type": "Feature",
      "id": "DG-0876",
      "geometry": {
        "type": "Point",
        "coordinates": [128.444732098714, 35.6977983534496]
      },
      "properties": {
        "id": "DG-0876",
        "name": "부1리 경로당",
        "gu": "달성군",
        "facility_type": "경로당",
        "is_im_bank": false,
        "road_address": "대구광역시 달성군 현풍면 현풍중앙로16길  31 , 부1리노인정",
        "kma_nx": 86,
        "kma_ny": 87,
        "source_geo_idn": "876",
        "geocode_result": "SUCC"
      }
    },
    {
      "type": "Feature",
      "id": "DG-0877",
      "geometry": {
        "type": "Point",
        "coordinates": [128.4271862939614, 35.66569458195202]
      },
      "properties": {
        "id": "DG-0877",
        "name": "대1리 경로당",
        "gu": "달성군",
        "facility_type": "경로당",
        "is_im_bank": false,
        "road_address": "대구광역시 달성군 현풍면 삼강길  42 , 마을회관",
        "kma_nx": 86,
        "kma_ny": 86,
        "source_geo_idn": "877",
        "geocode_result": "SUCC"
      }
    },
    {
      "type": "Feature",
      "id": "DG-0878",
      "geometry": {
        "type": "Point",
        "coordinates": [128.40152049314483, 35.685097834970655]
      },
      "properties": {
        "id": "DG-0878",
        "name": "오산2리 경로당",
        "gu": "달성군",
        "facility_type": "경로당",
        "is_im_bank": false,
        "road_address": "대구광역시 달성군 현풍면 현풍서로71길  105 , 오산2리마을회관",
        "kma_nx": 85,
        "kma_ny": 86,
        "source_geo_idn": "878",
        "geocode_result": "SUCC"
      }
    },
    {
      "type": "Feature",
      "id": "DG-0879",
      "geometry": {
        "type": "Point",
        "coordinates": [128.44478173913106, 35.692711456158676]
      },
      "properties": {
        "id": "DG-0879",
        "name": "원교3리 경로당",
        "gu": "달성군",
        "facility_type": "경로당",
        "is_im_bank": false,
        "road_address": "대구광역시 달성군 현풍면 비슬로120길  13   ()",
        "kma_nx": 86,
        "kma_ny": 87,
        "source_geo_idn": "879",
        "geocode_result": "SUCC"
      }
    },
    {
      "type": "Feature",
      "id": "DG-0880",
      "geometry": {
        "type": "Point",
        "coordinates": [128.44531922030706, 35.695805087629154]
      },
      "properties": {
        "id": "DG-0880",
        "name": "현풍 할아버지경로당",
        "gu": "달성군",
        "facility_type": "경로당",
        "is_im_bank": false,
        "road_address": "대구광역시 달성군 현풍면 현풍로  54",
        "kma_nx": 86,
        "kma_ny": 87,
        "source_geo_idn": "880",
        "geocode_result": "SUCC"
      }
    },
    {
      "type": "Feature",
      "id": "DG-0881",
      "geometry": {
        "type": "Point",
        "coordinates": [128.44550660003702, 35.695903770180855]
      },
      "properties": {
        "id": "DG-0881",
        "name": "현풍 할머니경로당",
        "gu": "달성군",
        "facility_type": "경로당",
        "is_im_bank": false,
        "road_address": "대구광역시 달성군 현풍면 현풍로  56",
        "kma_nx": 86,
        "kma_ny": 87,
        "source_geo_idn": "881",
        "geocode_result": "SUCC"
      }
    },
    {
      "type": "Feature",
      "id": "DG-0882",
      "geometry": {
        "type": "Point",
        "coordinates": [128.44531922030706, 35.695805087629154]
      },
      "properties": {
        "id": "DG-0882",
        "name": "하리 경로당",
        "gu": "달성군",
        "facility_type": "경로당",
        "is_im_bank": false,
        "road_address": "대구광역시 달성군 현풍면 현풍로  54",
        "kma_nx": 86,
        "kma_ny": 87,
        "source_geo_idn": "882",
        "geocode_result": "SUCC"
      }
    },
    {
      "type": "Feature",
      "id": "DG-0883",
      "geometry": {
        "type": "Point",
        "coordinates": [128.4303145228983, 35.675639068289684]
      },
      "properties": {
        "id": "DG-0883",
        "name": "지2리경로당",
        "gu": "달성군",
        "facility_type": "경로당",
        "is_im_bank": false,
        "road_address": "대구광역시 달성군 현풍면 지동길  128 , 지2리노인회관",
        "kma_nx": 86,
        "kma_ny": 86,
        "source_geo_idn": "883",
        "geocode_result": "SUCC"
      }
    },
    {
      "type": "Feature",
      "id": "DG-0884",
      "geometry": {
        "type": "Point",
        "coordinates": [128.4272659830822, 35.67017076613922]
      },
      "properties": {
        "id": "DG-0884",
        "name": "지1리 경로당",
        "gu": "달성군",
        "facility_type": "경로당",
        "is_im_bank": false,
        "road_address": "대구광역시 달성군 현풍면 지동2길  9 , 지1리노인회관",
        "kma_nx": 86,
        "kma_ny": 86,
        "source_geo_idn": "884",
        "geocode_result": "SUCC"
      }
    },
    {
      "type": "Feature",
      "id": "DG-0885",
      "geometry": {
        "type": "Point",
        "coordinates": [128.448967344499, 35.693497440088]
      },
      "properties": {
        "id": "DG-0885",
        "name": "중2리 경로당",
        "gu": "달성군",
        "facility_type": "경로당",
        "is_im_bank": false,
        "road_address": "대구광역시 달성군 현풍면 현풍동로  23   (학산아파트)",
        "kma_nx": 86,
        "kma_ny": 87,
        "source_geo_idn": "885",
        "geocode_result": "SUCC"
      }
    },
    {
      "type": "Feature",
      "id": "DG-0886",
      "geometry": {
        "type": "Point",
        "coordinates": [128.44879748815728, 35.69412310631622]
      },
      "properties": {
        "id": "DG-0886",
        "name": "중1리 경로당",
        "gu": "달성군",
        "facility_type": "경로당",
        "is_im_bank": false,
        "road_address": "대구광역시 달성군 현풍면 현풍중앙로14길  76 , 중1리마을회관",
        "kma_nx": 86,
        "kma_ny": 87,
        "source_geo_idn": "886",
        "geocode_result": "SUCC"
      }
    },
    {
      "type": "Feature",
      "id": "DG-0887",
      "geometry": {
        "type": "Point",
        "coordinates": [128.39516983187394, 35.69161695525026]
      },
      "properties": {
        "id": "DG-0887",
        "name": "자모리 경로당",
        "gu": "달성군",
        "facility_type": "경로당",
        "is_im_bank": false,
        "road_address": "대구광역시 달성군 현풍면 현풍서로91길  46 , 자모리경로회당",
        "kma_nx": 85,
        "kma_ny": 86,
        "source_geo_idn": "887",
        "geocode_result": "SUCC"
      }
    },
    {
      "type": "Feature",
      "id": "DG-0888",
      "geometry": {
        "type": "Point",
        "coordinates": [128.4409754833763, 35.694094450199934]
      },
      "properties": {
        "id": "DG-0888",
        "name": "원교2리 경로당",
        "gu": "달성군",
        "facility_type": "경로당",
        "is_im_bank": false,
        "road_address": "대구광역시 달성군 현풍면 비슬로130길  30 , 원교2리노인정",
        "kma_nx": 86,
        "kma_ny": 87,
        "source_geo_idn": "888",
        "geocode_result": "SUCC"
      }
    },
    {
      "type": "Feature",
      "id": "DG-0889",
      "geometry": {
        "type": "Point",
        "coordinates": [128.44308214614887, 35.69329418767362]
      },
      "properties": {
        "id": "DG-0889",
        "name": "원교1리 경로당",
        "gu": "달성군",
        "facility_type": "경로당",
        "is_im_bank": false,
        "road_address": "대구광역시 달성군 현풍면 현풍로8길  42 , 원교1리회관",
        "kma_nx": 86,
        "kma_ny": 87,
        "source_geo_idn": "889",
        "geocode_result": "SUCC"
      }
    },
    {
      "type": "Feature",
      "id": "DG-0890",
      "geometry": {
        "type": "Point",
        "coordinates": [128.44757256283134, 35.69725234749717]
      },
      "properties": {
        "id": "DG-0890",
        "name": "현풍면사무소",
        "gu": "달성군",
        "facility_type": "기타",
        "is_im_bank": false,
        "road_address": "대구광역시 달성군 현풍면 비슬로134길  157 , 현풍면사무소",
        "kma_nx": 86,
        "kma_ny": 87,
        "source_geo_idn": "890",
        "geocode_result": "SUCC"
      }
    },
    {
      "type": "Feature",
      "id": "DG-0891",
      "geometry": {
        "type": "Point",
        "coordinates": [128.44412127372678, 35.695048051529554]
      },
      "properties": {
        "id": "DG-0891",
        "name": "현풍농협(지점)",
        "gu": "달성군",
        "facility_type": "금융기관",
        "is_im_bank": false,
        "road_address": "대구광역시 달성군 현풍면 비슬로130길  95 , 현풍농협",
        "kma_nx": 86,
        "kma_ny": 87,
        "source_geo_idn": "891",
        "geocode_result": "SUCC"
      }
    },
    {
      "type": "Feature",
      "id": "DG-0892",
      "geometry": {
        "type": "Point",
        "coordinates": [128.4439250015706, 35.6971519753142]
      },
      "properties": {
        "id": "DG-0892",
        "name": "현풍농협",
        "gu": "달성군",
        "facility_type": "금융기관",
        "is_im_bank": false,
        "road_address": "대구광역시 달성군 현풍면 현풍중앙로  90",
        "kma_nx": 86,
        "kma_ny": 87,
        "source_geo_idn": "892",
        "geocode_result": "SUCC"
      }
    },
    {
      "type": "Feature",
      "id": "DG-0893",
      "geometry": {
        "type": "Point",
        "coordinates": [128.4485887660742, 35.67207173212734]
      },
      "properties": {
        "id": "DG-0893",
        "name": "유가농협",
        "gu": "달성군",
        "facility_type": "금융기관",
        "is_im_bank": false,
        "road_address": "대구광역시 달성군 유가면 비슬로64길  43 , 유가농업협동조합",
        "kma_nx": 86,
        "kma_ny": 86,
        "source_geo_idn": "893",
        "geocode_result": "SUCC"
      }
    },
    {
      "type": "Feature",
      "id": "DG-0894",
      "geometry": {
        "type": "Point",
        "coordinates": [128.48282515142546, 35.69757655158481]
      },
      "properties": {
        "id": "DG-0894",
        "name": "음리보건진료소",
        "gu": "달성군",
        "facility_type": "기타",
        "is_im_bank": false,
        "road_address": "대구광역시 달성군 유가면 음동1길  9 , 용봉보건소",
        "kma_nx": 87,
        "kma_ny": 87,
        "source_geo_idn": "894",
        "geocode_result": "SUCC"
      }
    },
    {
      "type": "Feature",
      "id": "DG-0895",
      "geometry": {
        "type": "Point",
        "coordinates": [128.4533461558601, 35.655230617224305]
      },
      "properties": {
        "id": "DG-0895",
        "name": "한정보건진료소",
        "gu": "달성군",
        "facility_type": "기타",
        "is_im_bank": false,
        "road_address": "대구광역시 달성군 유가면 비슬로34길  27",
        "kma_nx": 86,
        "kma_ny": 86,
        "source_geo_idn": "895",
        "geocode_result": "SUCC"
      }
    },
    {
      "type": "Feature",
      "id": "DG-0896",
      "geometry": {
        "type": "Point",
        "coordinates": [128.45981834714652, 35.69388539723923]
      },
      "properties": {
        "id": "DG-0896",
        "name": "유가읍사무소",
        "gu": "달성군",
        "facility_type": "기타",
        "is_im_bank": false,
        "road_address": "대구광역시 달성군 유가면 테크노상업로  95",
        "kma_nx": 87,
        "kma_ny": 87,
        "source_geo_idn": "896",
        "geocode_result": "SUCC"
      }
    },
    {
      "type": "Feature",
      "id": "DG-0897",
      "geometry": {
        "type": "Point",
        "coordinates": [128.48586050393052, 35.639870436309224]
      },
      "properties": {
        "id": "DG-0897",
        "name": "본말1리 경로당",
        "gu": "달성군",
        "facility_type": "경로당",
        "is_im_bank": false,
        "road_address": "대구광역시 달성군 유가면 달창로  440 , 본말1리노인회관",
        "kma_nx": 87,
        "kma_ny": 85,
        "source_geo_idn": "897",
        "geocode_result": "SUCC"
      }
    },
    {
      "type": "Feature",
      "id": "DG-0898",
      "geometry": {
        "type": "Point",
        "coordinates": [128.46249296955313, 35.69951597174303]
      },
      "properties": {
        "id": "DG-0898",
        "name": "초곡리",
        "gu": "달성군",
        "facility_type": "기타",
        "is_im_bank": false,
        "road_address": "대구광역시 달성군 유가면 유가북길  46-57, 쌍계1리새마을회관",
        "kma_nx": 87,
        "kma_ny": 87,
        "source_geo_idn": "898",
        "geocode_result": "SUCC"
      }
    },
    {
      "type": "Feature",
      "id": "DG-0899",
      "geometry": {
        "type": "Point",
        "coordinates": [128.48586050393052, 35.639870436309224]
      },
      "properties": {
        "id": "DG-0899",
        "name": "본말2리 경로당",
        "gu": "달성군",
        "facility_type": "경로당",
        "is_im_bank": false,
        "road_address": "대구광역시 달성군 유가면 달창로  440 , 본말1리노인회관",
        "kma_nx": 87,
        "kma_ny": 85,
        "source_geo_idn": "899",
        "geocode_result": "SUCC"
      }
    },
    {
      "type": "Feature",
      "id": "DG-0900",
      "geometry": {
        "type": "Point",
        "coordinates": [128.47317189922384, 35.64939870443929]
      },
      "properties": {
        "id": "DG-0900",
        "name": "가태1리 경로당",
        "gu": "달성군",
        "facility_type": "경로당",
        "is_im_bank": false,
        "road_address": "대구광역시 달성군 유가면 가태길  52-1",
        "kma_nx": 87,
        "kma_ny": 86,
        "source_geo_idn": "900",
        "geocode_result": "SUCC"
      }
    },
    {
      "type": "Feature",
      "id": "DG-0901",
      "geometry": {
        "type": "Point",
        "coordinates": [128.4528722886637, 35.65442886791182]
      },
      "properties": {
        "id": "DG-0901",
        "name": "한정3리 경로당",
        "gu": "달성군",
        "facility_type": "경로당",
        "is_im_bank": false,
        "road_address": "대구광역시 달성군 유가면 비슬로34길  12 , 한정3리 마을회관",
        "kma_nx": 86,
        "kma_ny": 86,
        "source_geo_idn": "901",
        "geocode_result": "SUCC"
      }
    },
    {
      "type": "Feature",
      "id": "DG-0902",
      "geometry": {
        "type": "Point",
        "coordinates": [128.4612653763399, 35.64868224099634]
      },
      "properties": {
        "id": "DG-0902",
        "name": "한정2리 경로당",
        "gu": "달성군",
        "facility_type": "경로당",
        "is_im_bank": false,
        "road_address": "대구광역시 달성군 유가면 달창로25길  40 , 한정2리마을회관",
        "kma_nx": 87,
        "kma_ny": 86,
        "source_geo_idn": "902",
        "geocode_result": "SUCC"
      }
    },
    {
      "type": "Feature",
      "id": "DG-0903",
      "geometry": {
        "type": "Point",
        "coordinates": [128.46573168775393, 35.64029373798694]
      },
      "properties": {
        "id": "DG-0903",
        "name": "한정1리 경로당",
        "gu": "달성군",
        "facility_type": "경로당",
        "is_im_bank": false,
        "road_address": "대구광역시 달성군 유가면 달창로26길  115 , 마을회관",
        "kma_nx": 87,
        "kma_ny": 85,
        "source_geo_idn": "903",
        "geocode_result": "SUCC"
      }
    },
    {
      "type": "Feature",
      "id": "DG-0904",
      "geometry": {
        "type": "Point",
        "coordinates": [128.45383004641866, 35.67071444167889]
      },
      "properties": {
        "id": "DG-0904",
        "name": "유곡2리 경로당",
        "gu": "달성군",
        "facility_type": "경로당",
        "is_im_bank": false,
        "road_address": "대구광역시 달성군 유가면 유가길  51-9",
        "kma_nx": 86,
        "kma_ny": 86,
        "source_geo_idn": "904",
        "geocode_result": "SUCC"
      }
    },
    {
      "type": "Feature",
      "id": "DG-0905",
      "geometry": {
        "type": "Point",
        "coordinates": [128.47021319944795, 35.66941242463169]
      },
      "properties": {
        "id": "DG-0905",
        "name": "유곡1리 경로당",
        "gu": "달성군",
        "facility_type": "경로당",
        "is_im_bank": false,
        "road_address": "대구광역시 달성군 유가면 유곡길  53 , 마을회관",
        "kma_nx": 87,
        "kma_ny": 86,
        "source_geo_idn": "905",
        "geocode_result": "SUCC"
      }
    },
    {
      "type": "Feature",
      "id": "DG-0906",
      "geometry": {
        "type": "Point",
        "coordinates": [128.4617616544453, 35.65967795645556]
      },
      "properties": {
        "id": "DG-0906",
        "name": "도의3리 경로당",
        "gu": "달성군",
        "facility_type": "경로당",
        "is_im_bank": false,
        "road_address": "대구광역시 달성군 유가면 도의길  92 , 마을회관",
        "kma_nx": 87,
        "kma_ny": 86,
        "source_geo_idn": "906",
        "geocode_result": "SUCC"
      }
    },
    {
      "type": "Feature",
      "id": "DG-0907",
      "geometry": {
        "type": "Point",
        "coordinates": [128.46267865534148, 35.664183582825544]
      },
      "properties": {
        "id": "DG-0907",
        "name": "도의2리 경로당",
        "gu": "달성군",
        "facility_type": "경로당",
        "is_im_bank": false,
        "road_address": "대구광역시 달성군 유가면 도의1길  6 , 새마을회관",
        "kma_nx": 87,
        "kma_ny": 86,
        "source_geo_idn": "907",
        "geocode_result": "SUCC"
      }
    },
    {
      "type": "Feature",
      "id": "DG-0908",
      "geometry": {
        "type": "Point",
        "coordinates": [128.48416469716648, 35.697606900849564]
      },
      "properties": {
        "id": "DG-0908",
        "name": "음리경로당",
        "gu": "달성군",
        "facility_type": "경로당",
        "is_im_bank": false,
        "road_address": "대구광역시 달성군 유가면 음동길  77",
        "kma_nx": 87,
        "kma_ny": 87,
        "source_geo_idn": "908",
        "geocode_result": "SUCC"
      }
    },
    {
      "type": "Feature",
      "id": "DG-0909",
      "geometry": {
        "type": "Point",
        "coordinates": [128.4798771799284, 35.70161769155281]
      },
      "properties": {
        "id": "DG-0909",
        "name": "양1리 경로당",
        "gu": "달성군",
        "facility_type": "경로당",
        "is_im_bank": false,
        "road_address": "대구광역시 달성군 유가면 휴양림2길  25-5, 양1리회관",
        "kma_nx": 87,
        "kma_ny": 87,
        "source_geo_idn": "909",
        "geocode_result": "SUCC"
      }
    },
    {
      "type": "Feature",
      "id": "DG-0910",
      "geometry": {
        "type": "Point",
        "coordinates": [128.4798771799284, 35.70161769155281]
      },
      "properties": {
        "id": "DG-0910",
        "name": "양2리 경로당",
        "gu": "달성군",
        "facility_type": "경로당",
        "is_im_bank": false,
        "road_address": "대구광역시 달성군 유가면 휴양림2길  25-5, 양1리회관",
        "kma_nx": 87,
        "kma_ny": 87,
        "source_geo_idn": "910",
        "geocode_result": "SUCC"
      }
    },
    {
      "type": "Feature",
      "id": "DG-0911",
      "geometry": {
        "type": "Point",
        "coordinates": [128.47095987793054, 35.68145397289433]
      },
      "properties": {
        "id": "DG-0911",
        "name": "용2리 경로당",
        "gu": "달성군",
        "facility_type": "경로당",
        "is_im_bank": false,
        "road_address": "대구광역시 달성군 유가면 용리길  19",
        "kma_nx": 87,
        "kma_ny": 86,
        "source_geo_idn": "911",
        "geocode_result": "SUCC"
      }
    },
    {
      "type": "Feature",
      "id": "DG-0912",
      "geometry": {
        "type": "Point",
        "coordinates": [128.47070280482893, 35.681168734601144]
      },
      "properties": {
        "id": "DG-0912",
        "name": "용3리 경로당",
        "gu": "달성군",
        "facility_type": "경로당",
        "is_im_bank": false,
        "road_address": "대구광역시 달성군 유가면 용리길  20",
        "kma_nx": 87,
        "kma_ny": 86,
        "source_geo_idn": "912",
        "geocode_result": "SUCC"
      }
    },
    {
      "type": "Feature",
      "id": "DG-0913",
      "geometry": {
        "type": "Point",
        "coordinates": [128.46249296955313, 35.69951597174303]
      },
      "properties": {
        "id": "DG-0913",
        "name": "쌍계1리 경로당",
        "gu": "달성군",
        "facility_type": "경로당",
        "is_im_bank": false,
        "road_address": "대구광역시 달성군 유가면 유가북길  46-57, 쌍계1리새마을회관",
        "kma_nx": 87,
        "kma_ny": 87,
        "source_geo_idn": "913",
        "geocode_result": "SUCC"
      }
    },
    {
      "type": "Feature",
      "id": "DG-0914",
      "geometry": {
        "type": "Point",
        "coordinates": [128.46336014526904, 35.70174757665152]
      },
      "properties": {
        "id": "DG-0914",
        "name": "쌍계2리 경로당",
        "gu": "달성군",
        "facility_type": "경로당",
        "is_im_bank": false,
        "road_address": "대구광역시 달성군 유가면 유가북길  43",
        "kma_nx": 87,
        "kma_ny": 87,
        "source_geo_idn": "914",
        "geocode_result": "SUCC"
      }
    },
    {
      "type": "Feature",
      "id": "DG-0915",
      "geometry": {
        "type": "Point",
        "coordinates": [128.45693402063006, 35.66454882731016]
      },
      "properties": {
        "id": "DG-0915",
        "name": "도의1리경로당",
        "gu": "달성군",
        "facility_type": "경로당",
        "is_im_bank": false,
        "road_address": "대구광역시 달성군 유가면 도의길  193",
        "kma_nx": 86,
        "kma_ny": 86,
        "source_geo_idn": "915",
        "geocode_result": "SUCC"
      }
    },
    {
      "type": "Feature",
      "id": "DG-0916",
      "geometry": {
        "type": "Point",
        "coordinates": [128.39167533300335, 35.61427317285707]
      },
      "properties": {
        "id": "DG-0916",
        "name": "대암2리 경로당",
        "gu": "달성군",
        "facility_type": "경로당",
        "is_im_bank": false,
        "road_address": "대구광역시 달성군 구지면 대암2길 18",
        "kma_nx": 85,
        "kma_ny": 85,
        "source_geo_idn": "916",
        "geocode_result": "SUCC"
      }
    },
    {
      "type": "Feature",
      "id": "DG-0917",
      "geometry": {
        "type": "Point",
        "coordinates": [128.41972036958893, 35.65792803563542]
      },
      "properties": {
        "id": "DG-0917",
        "name": "응암3리경로당(반도유보라)",
        "gu": "달성군",
        "facility_type": "경로당",
        "is_im_bank": false,
        "road_address": "대구광역시 달성군 구지면과학마을로3길 14",
        "kma_nx": 86,
        "kma_ny": 86,
        "source_geo_idn": "917",
        "geocode_result": "SUCC"
      }
    },
    {
      "type": "Feature",
      "id": "DG-0918",
      "geometry": {
        "type": "Point",
        "coordinates": [128.4154988939431, 35.65573916553938]
      },
      "properties": {
        "id": "DG-0918",
        "name": "응암4리 경로당(화성파크드림)",
        "gu": "달성군",
        "facility_type": "경로당",
        "is_im_bank": false,
        "road_address": "대구광역시 달성군 구지면과학마을로2길 6",
        "kma_nx": 86,
        "kma_ny": 86,
        "source_geo_idn": "918",
        "geocode_result": "SUCC"
      }
    },
    {
      "type": "Feature",
      "id": "DG-0919",
      "geometry": {
        "type": "Point",
        "coordinates": [128.43759222632676, 35.648862648425144]
      },
      "properties": {
        "id": "DG-0919",
        "name": "고봉리 경로당",
        "gu": "달성군",
        "facility_type": "경로당",
        "is_im_bank": false,
        "road_address": "대구광역시 달성군 구지면 구지동로12길  14",
        "kma_nx": 86,
        "kma_ny": 86,
        "source_geo_idn": "919",
        "geocode_result": "SUCC"
      }
    },
    {
      "type": "Feature",
      "id": "DG-0920",
      "geometry": {
        "type": "Point",
        "coordinates": [128.40435887523373, 35.666287449494064]
      },
      "properties": {
        "id": "DG-0920",
        "name": "화산리 경로당",
        "gu": "달성군",
        "facility_type": "경로당",
        "is_im_bank": false,
        "road_address": "대구광역시 달성군 구지면국가산단북로25길 30-8",
        "kma_nx": 86,
        "kma_ny": 86,
        "source_geo_idn": "920",
        "geocode_result": "SUCC"
      }
    },
    {
      "type": "Feature",
      "id": "DG-0921",
      "geometry": {
        "type": "Point",
        "coordinates": [128.44955198174304, 35.644955890528784]
      },
      "properties": {
        "id": "DG-0921",
        "name": "평촌1리 경로당",
        "gu": "달성군",
        "facility_type": "경로당",
        "is_im_bank": false,
        "road_address": "대구광역시 달성군 구지면 구지동로16길  85 , 평촌1리마을회관",
        "kma_nx": 86,
        "kma_ny": 86,
        "source_geo_idn": "921",
        "geocode_result": "SUCC"
      }
    },
    {
      "type": "Feature",
      "id": "DG-0922",
      "geometry": {
        "type": "Point",
        "coordinates": [128.45408891666665, 35.64260134775695]
      },
      "properties": {
        "id": "DG-0922",
        "name": "평촌2리경로당",
        "gu": "달성군",
        "facility_type": "경로당",
        "is_im_bank": false,
        "road_address": "대구광역시 달성군 구지면 구지동로40길  38-3, 평촌2리회관",
        "kma_nx": 86,
        "kma_ny": 85,
        "source_geo_idn": "922",
        "geocode_result": "SUCC"
      }
    },
    {
      "type": "Feature",
      "id": "DG-0923",
      "geometry": {
        "type": "Point",
        "coordinates": [128.4083082095016, 35.656991434458256]
      },
      "properties": {
        "id": "DG-0923",
        "name": "창2리 경로당",
        "gu": "달성군",
        "facility_type": "경로당",
        "is_im_bank": false,
        "road_address": "대구광역시 달성군 구지면 창리서로6길  4-3, 창2리마을회관",
        "kma_nx": 86,
        "kma_ny": 86,
        "source_geo_idn": "923",
        "geocode_result": "SUCC"
      }
    },
    {
      "type": "Feature",
      "id": "DG-0924",
      "geometry": {
        "type": "Point",
        "coordinates": [128.43689239746735, 35.649242293463054]
      },
      "properties": {
        "id": "DG-0924",
        "name": "오설리 경로당",
        "gu": "달성군",
        "facility_type": "경로당",
        "is_im_bank": false,
        "road_address": "대구광역시 달성군 구지면 구지동로10길  10",
        "kma_nx": 86,
        "kma_ny": 86,
        "source_geo_idn": "924",
        "geocode_result": "SUCC"
      }
    },
    {
      "type": "Feature",
      "id": "DG-0925",
      "geometry": {
        "type": "Point",
        "coordinates": [128.43970198499736, 35.63648385661499]
      },
      "properties": {
        "id": "DG-0925",
        "name": "예현리 경로당",
        "gu": "달성군",
        "facility_type": "경로당",
        "is_im_bank": false,
        "road_address": "대구광역시 달성군 구지면 예현1길  11-9, 예현새마을회관",
        "kma_nx": 86,
        "kma_ny": 85,
        "source_geo_idn": "925",
        "geocode_result": "SUCC"
      }
    },
    {
      "type": "Feature",
      "id": "DG-0926",
      "geometry": {
        "type": "Point",
        "coordinates": [128.42960631764342, 35.62376744803226]
      },
      "properties": {
        "id": "DG-0926",
        "name": "유산리 경로당",
        "gu": "달성군",
        "facility_type": "경로당",
        "is_im_bank": false,
        "road_address": "대구광역시 달성군 구지면 유산길  17 , 유산리마을회관",
        "kma_nx": 86,
        "kma_ny": 85,
        "source_geo_idn": "926",
        "geocode_result": "SUCC"
      }
    },
    {
      "type": "Feature",
      "id": "DG-0927",
      "geometry": {
        "type": "Point",
        "coordinates": [128.3802398869386, 35.668603082432085]
      },
      "properties": {
        "id": "DG-0927",
        "name": "징리 경로당",
        "gu": "달성군",
        "facility_type": "경로당",
        "is_im_bank": false,
        "road_address": "대구광역시 달성군 구지면 구지서로10길  62 , 징리마을회관",
        "kma_nx": 85,
        "kma_ny": 86,
        "source_geo_idn": "927",
        "geocode_result": "SUCC"
      }
    },
    {
      "type": "Feature",
      "id": "DG-0928",
      "geometry": {
        "type": "Point",
        "coordinates": [128.40279862759948, 35.66876049844401]
      },
      "properties": {
        "id": "DG-0928",
        "name": "수리1리경로당",
        "gu": "달성군",
        "facility_type": "경로당",
        "is_im_bank": false,
        "road_address": "대구광역시 달성군 구지면 국가산단북로23길 54-3 , 수리1리마을회관",
        "kma_nx": 86,
        "kma_ny": 86,
        "source_geo_idn": "928",
        "geocode_result": "SUCC"
      }
    },
    {
      "type": "Feature",
      "id": "DG-0929",
      "geometry": {
        "type": "Point",
        "coordinates": [128.39528295485138, 35.66614063918153]
      },
      "properties": {
        "id": "DG-0929",
        "name": "수리3리 경로당",
        "gu": "달성군",
        "facility_type": "경로당",
        "is_im_bank": false,
        "road_address": "대구광역시 달성군 구지면 국가산단북로3길 24-6 , 수리3리회관",
        "kma_nx": 85,
        "kma_ny": 86,
        "source_geo_idn": "929",
        "geocode_result": "SUCC"
      }
    },
    {
      "type": "Feature",
      "id": "DG-0930",
      "geometry": {
        "type": "Point",
        "coordinates": [128.41893697068298, 35.623122176786275]
      },
      "properties": {
        "id": "DG-0930",
        "name": "목단1리 경로당",
        "gu": "달성군",
        "facility_type": "경로당",
        "is_im_bank": false,
        "road_address": "대구광역시 달성군 구지면 구지남로57길  1 , 목단1리마을회관",
        "kma_nx": 86,
        "kma_ny": 85,
        "source_geo_idn": "930",
        "geocode_result": "SUCC"
      }
    },
    {
      "type": "Feature",
      "id": "DG-0931",
      "geometry": {
        "type": "Point",
        "coordinates": [128.371176289305, 35.70197887756189]
      },
      "properties": {
        "id": "DG-0931",
        "name": "도동1리 경로당",
        "gu": "달성군",
        "facility_type": "경로당",
        "is_im_bank": false,
        "road_address": "대구광역시 달성군 구지면 구지서로  712 , 도동1리경로당",
        "kma_nx": 85,
        "kma_ny": 87,
        "source_geo_idn": "931",
        "geocode_result": "SUCC"
      }
    },
    {
      "type": "Feature",
      "id": "DG-0932",
      "geometry": {
        "type": "Point",
        "coordinates": [128.41345421402409, 35.659014702358874]
      },
      "properties": {
        "id": "DG-0932",
        "name": "구지면사무소",
        "gu": "달성군",
        "facility_type": "기타",
        "is_im_bank": false,
        "road_address": "대구광역시 달성군 구지면 창리로11길  38 , 구지119지역대",
        "kma_nx": 86,
        "kma_ny": 86,
        "source_geo_idn": "932",
        "geocode_result": "SUCC"
      }
    },
    {
      "type": "Feature",
      "id": "DG-0933",
      "geometry": {
        "type": "Point",
        "coordinates": [128.42546294897144, 35.656220012029]
      },
      "properties": {
        "id": "DG-0933",
        "name": "응암1리경로당",
        "gu": "달성군",
        "facility_type": "경로당",
        "is_im_bank": false,
        "road_address": "대구광역시 달성군 구지면 응암길  11 , 응암1리마을회관",
        "kma_nx": 86,
        "kma_ny": 86,
        "source_geo_idn": "933",
        "geocode_result": "SUCC"
      }
    },
    {
      "type": "Feature",
      "id": "DG-0934",
      "geometry": {
        "type": "Point",
        "coordinates": [128.38200941086262, 35.66900454377464]
      },
      "properties": {
        "id": "DG-0934",
        "name": "징리보건진료소",
        "gu": "달성군",
        "facility_type": "기타",
        "is_im_bank": false,
        "road_address": "대구광역시 달성군 구지면 구지서로10길  46 , 징리보건진료소",
        "kma_nx": 85,
        "kma_ny": 86,
        "source_geo_idn": "934",
        "geocode_result": "SUCC"
      }
    },
    {
      "type": "Feature",
      "id": "DG-0935",
      "geometry": {
        "type": "Point",
        "coordinates": [128.39898191889438, 35.62545359088077]
      },
      "properties": {
        "id": "DG-0935",
        "name": "대암1리경로당",
        "gu": "달성군",
        "facility_type": "경로당",
        "is_im_bank": false,
        "road_address": "대구광역시 달성군 구지면  대암4길 5-5 , 대암1리마을회관",
        "kma_nx": 85,
        "kma_ny": 85,
        "source_geo_idn": "935",
        "geocode_result": "SUCC"
      }
    },
    {
      "type": "Feature",
      "id": "DG-0936",
      "geometry": {
        "type": "Point",
        "coordinates": [128.4133659929142, 35.637963755057996]
      },
      "properties": {
        "id": "DG-0936",
        "name": "내1리경로당",
        "gu": "달성군",
        "facility_type": "경로당",
        "is_im_bank": false,
        "road_address": "대구광역시 달성군 구지면 국가산단대로 91-68",
        "kma_nx": 86,
        "kma_ny": 85,
        "source_geo_idn": "936",
        "geocode_result": "SUCC"
      }
    },
    {
      "type": "Feature",
      "id": "DG-0937",
      "geometry": {
        "type": "Point",
        "coordinates": [128.35915580844545, 35.6855908649025]
      },
      "properties": {
        "id": "DG-0937",
        "name": "도동2리 경로당",
        "gu": "달성군",
        "facility_type": "경로당",
        "is_im_bank": false,
        "road_address": "대구광역시 달성군 구지면도동절골길 5",
        "kma_nx": 85,
        "kma_ny": 86,
        "source_geo_idn": "937",
        "geocode_result": "SUCC"
      }
    },
    {
      "type": "Feature",
      "id": "DG-0938",
      "geometry": {
        "type": "Point",
        "coordinates": [128.42052527212377, 35.655741253133414]
      },
      "properties": {
        "id": "DG-0938",
        "name": "응암5리 경로당(과학마을청아람)",
        "gu": "달성군",
        "facility_type": "경로당",
        "is_im_bank": false,
        "road_address": "대구광역시 달성군 구지면과학마을로 70",
        "kma_nx": 86,
        "kma_ny": 86,
        "source_geo_idn": "938",
        "geocode_result": "SUCC"
      }
    },
    {
      "type": "Feature",
      "id": "DG-0939",
      "geometry": {
        "type": "Point",
        "coordinates": [128.41078082435303, 35.657445530533]
      },
      "properties": {
        "id": "DG-0939",
        "name": "창4리 경로당",
        "gu": "달성군",
        "facility_type": "경로당",
        "is_im_bank": false,
        "road_address": "대구광역시 달성군 구지면구지시장길 34",
        "kma_nx": 86,
        "kma_ny": 86,
        "source_geo_idn": "939",
        "geocode_result": "SUCC"
      }
    },
    {
      "type": "Feature",
      "id": "DG-0940",
      "geometry": {
        "type": "Point",
        "coordinates": [128.41342172236125, 35.657421768330636]
      },
      "properties": {
        "id": "DG-0940",
        "name": "창1리 경로당",
        "gu": "달성군",
        "facility_type": "경로당",
        "is_im_bank": false,
        "road_address": "대구광역시 달성군 구지면창리로 59",
        "kma_nx": 86,
        "kma_ny": 86,
        "source_geo_idn": "940",
        "geocode_result": "SUCC"
      }
    },
    {
      "type": "Feature",
      "id": "DG-0941",
      "geometry": {
        "type": "Point",
        "coordinates": [128.41325924986393, 35.66198733366663]
      },
      "properties": {
        "id": "DG-0941",
        "name": "창3리 경로당",
        "gu": "달성군",
        "facility_type": "경로당",
        "is_im_bank": false,
        "road_address": "대구광역시 달성군 구지면창리로19길 38",
        "kma_nx": 86,
        "kma_ny": 86,
        "source_geo_idn": "941",
        "geocode_result": "SUCC"
      }
    },
    {
      "type": "Feature",
      "id": "DG-0942",
      "geometry": {
        "type": "Point",
        "coordinates": [128.40277272036985, 35.6159973377845]
      },
      "properties": {
        "id": "DG-0942",
        "name": "목단2리 경로당",
        "gu": "달성군",
        "facility_type": "경로당",
        "is_im_bank": false,
        "road_address": "대구광역시 달성군 구지면구미마을길 89-2",
        "kma_nx": 86,
        "kma_ny": 85,
        "source_geo_idn": "942",
        "geocode_result": "SUCC"
      }
    },
    {
      "type": "Feature",
      "id": "DG-0943",
      "geometry": {
        "type": "Point",
        "coordinates": [128.3974057305143, 35.67185484170553]
      },
      "properties": {
        "id": "DG-0943",
        "name": "수리2리 경로당",
        "gu": "달성군",
        "facility_type": "경로당",
        "is_im_bank": false,
        "road_address": "대구광역시 달성군 구지면국가산단북로11길 82",
        "kma_nx": 85,
        "kma_ny": 86,
        "source_geo_idn": "943",
        "geocode_result": "SUCC"
      }
    },
    {
      "type": "Feature",
      "id": "DG-0944",
      "geometry": {
        "type": "Point",
        "coordinates": [128.39907689770615, 35.625329924122624]
      },
      "properties": {
        "id": "DG-0944",
        "name": "대암 보건진료소",
        "gu": "달성군",
        "facility_type": "기타",
        "is_im_bank": false,
        "road_address": "대구광역시 달성군 구지면 대암4길 5-3 , 대암보건진료소",
        "kma_nx": 85,
        "kma_ny": 85,
        "source_geo_idn": "944",
        "geocode_result": "SUCC"
      }
    },
    {
      "type": "Feature",
      "id": "DG-0945",
      "geometry": {
        "type": "Point",
        "coordinates": [128.43768981307917, 35.64962569647945]
      },
      "properties": {
        "id": "DG-0945",
        "name": "고봉보건진료소",
        "gu": "달성군",
        "facility_type": "기타",
        "is_im_bank": false,
        "road_address": "대구광역시 달성군 구지면 구지동로  40 , 고봉보건진료소",
        "kma_nx": 86,
        "kma_ny": 86,
        "source_geo_idn": "945",
        "geocode_result": "SUCC"
      }
    },
    {
      "type": "Feature",
      "id": "DG-0946",
      "geometry": {
        "type": "Point",
        "coordinates": [128.41078082435303, 35.657445530533]
      },
      "properties": {
        "id": "DG-0946",
        "name": "구지면 노인회경로당",
        "gu": "달성군",
        "facility_type": "경로당",
        "is_im_bank": false,
        "road_address": "대구광역시 달성군 구지면 구지시장길  34 , 창4리 마을회관",
        "kma_nx": 86,
        "kma_ny": 86,
        "source_geo_idn": "946",
        "geocode_result": "SUCC"
      }
    },
    {
      "type": "Feature",
      "id": "DG-0947",
      "geometry": {
        "type": "Point",
        "coordinates": [128.41419014681168, 35.65966934129831]
      },
      "properties": {
        "id": "DG-0947",
        "name": "구지면 새마을금고",
        "gu": "달성군",
        "facility_type": "금융기관",
        "is_im_bank": false,
        "road_address": "대구광역시 달성군 구지면 창리로11길  58-7, 구지새마을금고",
        "kma_nx": 86,
        "kma_ny": 86,
        "source_geo_idn": "947",
        "geocode_result": "SUCC"
      }
    },
    {
      "type": "Feature",
      "id": "DG-0948",
      "geometry": {
        "type": "Point",
        "coordinates": [128.43885305524978, 35.649474821041146]
      },
      "properties": {
        "id": "DG-0948",
        "name": "구지면 농협 동부지소",
        "gu": "달성군",
        "facility_type": "금융기관",
        "is_im_bank": false,
        "road_address": "대구광역시 달성군 구지면 구지동로  47 , 구지농협동부지소",
        "kma_nx": 86,
        "kma_ny": 86,
        "source_geo_idn": "948",
        "geocode_result": "SUCC"
      }
    },
    {
      "type": "Feature",
      "id": "DG-0949",
      "geometry": {
        "type": "Point",
        "coordinates": [128.4131603773357, 35.65813137404858]
      },
      "properties": {
        "id": "DG-0949",
        "name": "구지면 농협",
        "gu": "달성군",
        "facility_type": "금융기관",
        "is_im_bank": false,
        "road_address": "대구광역시 달성군 구지면 창리로11길  24",
        "kma_nx": 86,
        "kma_ny": 86,
        "source_geo_idn": "949",
        "geocode_result": "SUCC"
      }
    },
    {
      "type": "Feature",
      "id": "DG-0950",
      "geometry": {
        "type": "Point",
        "coordinates": [128.4131330261828, 35.65783249778791]
      },
      "properties": {
        "id": "DG-0950",
        "name": "구지면 우체국",
        "gu": "달성군",
        "facility_type": "기타",
        "is_im_bank": false,
        "road_address": "대구광역시 달성군 구지면 창리로11길  18 , 구지우체국",
        "kma_nx": 86,
        "kma_ny": 86,
        "source_geo_idn": "950",
        "geocode_result": "SUCC"
      }
    },
    {
      "type": "Feature",
      "id": "DG-0951",
      "geometry": {
        "type": "Point",
        "coordinates": [128.4451770985095, 35.66024224341623]
      },
      "properties": {
        "id": "DG-0951",
        "name": "가천리 경로당",
        "gu": "달성군",
        "facility_type": "경로당",
        "is_im_bank": false,
        "road_address": "대구광역시 달성군 구지면 가천리 153",
        "kma_nx": 86,
        "kma_ny": 86,
        "source_geo_idn": "951",
        "geocode_result": "SUCC"
      }
    }
  ]
}
